point,gentry_transect,meter,circumference,dbh,stem,family,genus,species,name,code
AZ001,AZGEN001,5,77,24.51,1,Anacardiaceae,Astronium,graveolens,Astronium graveolens,AST2GR
AZ001,AZGEN001,7,12,3.82,1,Sapotaceae,Pouteria,campechiana,Pouteria campechiana,POUTCA
AZ001,AZGEN001,7,11,3.5,2,Sapotaceae,Pouteria,campechiana,Pouteria campechiana,POUTCA
AZ001,AZGEN001,7,11,3.5,3,Sapotaceae,Pouteria,campechiana,Pouteria campechiana,POUTCA
AZ001,AZGEN001,9,103.8,33.04,1,Anacardiaceae,Astronium,graveolens,Astronium graveolens,AST2GR
AZ001,AZGEN001,10,30,9.55,1,Menispermaceae,Hyperbaena,tonduzii,Hyperbaena tonduzii,HYPETO
AZ001,AZGEN001,12,17,5.41,1,Bignoniaceae,Handroanthus,guayacan,Handroanthus guayacan,TAB1GU
AZ001,AZGEN001,13,12,3.82,1,Anacardiaceae,Astronium,graveolens,Astronium graveolens,AST2GR
AZ001,AZGEN001,16,185,58.89,1,Fabaceae,Platymiscium,pinnatum,Platymiscium pinnatum,
AZ001,AZGEN001,20,44,14.01,1,Bignoniaceae,Handroanthus,guayacan,Handroanthus guayacan,TAB1GU
AZ001,AZGEN001,22,90,28.65,1,Rubiaceae,Calycophyllum,candidissimum,Calycophyllum candidissimum,CAL2CA
AZ001,AZGEN001,23,18,5.73,1,Rubiaceae,Genipa,americana,Genipa americana,GENIAM
AZ001,AZGEN001,23,15,4.77,1,Bignoniaceae,Bignonia,aequinoctialis,Bignonia aequinoctialis,
AZ001,AZGEN001,25,20,6.37,1,Fabaceae,Schnella,guianensis,Schnella guianensis,
AZ001,AZGEN001,26.5,33,10.5,1,Bignoniaceae,Handroanthus,guayacan,Handroanthus guayacan,TAB1GU
AZ001,AZGEN001,28.5,30,9.55,1,Sapotaceae,Pouteria,campechiana,Pouteria campechiana,POUTCA
AZ001,AZGEN001,28.5,26,8.28,2,Sapotaceae,Pouteria,campechiana,Pouteria campechiana,POUTCA
AZ001,AZGEN001,28.5,11,3.5,3,Sapotaceae,Pouteria,campechiana,Pouteria campechiana,POUTCA
AZ001,AZGEN001,28.5,10,3.18,4,Sapotaceae,Pouteria,campechiana,Pouteria campechiana,POUTCA
AZ001,AZGEN001,28.5,9,2.86,5,Sapotaceae,Pouteria,campechiana,Pouteria campechiana,POUTCA
AZ001,AZGEN001,28.5,21,6.68,6,Sapotaceae,Pouteria,campechiana,Pouteria campechiana,POUTCA
AZ001,AZGEN001,28.5,12,3.82,7,Sapotaceae,Pouteria,campechiana,Pouteria campechiana,POUTCA
AZ001,AZGEN001,29,55,17.51,1,Rubiaceae,Calycophyllum,candidissimum,Calycophyllum candidissimum,CAL2CA
AZ001,AZGEN001,29,78,24.83,2,Rubiaceae,Calycophyllum,candidissimum,Calycophyllum candidissimum,CAL2CA
AZ001,AZGEN001,29,69,21.96,3,Rubiaceae,Calycophyllum,candidissimum,Calycophyllum candidissimum,CAL2CA
AZ001,AZGEN001,41,74,23.55,1,Anacardiaceae,Astronium,graveolens,Astronium graveolens,AST2GR
AZ001,AZGEN001,43.5,114.2,36.35,1,Anacardiaceae,Astronium,graveolens,Astronium graveolens,AST2GR
AZ001,AZGEN001,43.5,26,8.28,2,Anacardiaceae,Astronium,graveolens,Astronium graveolens,AST2GR
AZ001,AZGEN001,47,85,27.06,1,Rubiaceae,Calycophyllum,candidissimum,Calycophyllum candidissimum,CAL2CA
AZ001,AZGEN001,47,111,35.33,2,Rubiaceae,Calycophyllum,candidissimum,Calycophyllum candidissimum,CAL2CA
AZ001,AZGEN001,47,164,52.2,1,Combretaceae,Terminalia,amazonia,Terminalia amazonia,TERMAM
AZ001,AZGEN001,48,22,7,1,Rubiaceae,Genipa,americana,Genipa americana,GENIAM
AZ002,AZGEN002,5,15,4.77,1,Fabaceae,Schnella,guianensis,Schnella guianensis,
AZ002,AZGEN002,5.5,11,3.5,1,Bignoniaceae,Tabebuia,rosea,Tabebuia rosea,TAB1RO
AZ002,AZGEN002,6,30,9.55,1,Bignoniaceae,Tabebuia,rosea,Tabebuia rosea,TAB1RO
AZ002,AZGEN002,10,15,4.77,1,Bignoniaceae,Tabebuia,rosea,Tabebuia rosea,TAB1RO
AZ002,AZGEN002,12.5,73,23.24,1,Anacardiaceae,Astronium,graveolens,Astronium graveolens,AST2GR
AZ002,AZGEN002,12.5,58.5,18.62,2,Anacardiaceae,Astronium,graveolens,Astronium graveolens,AST2GR
AZ002,AZGEN002,16.5,22,7,1,Bignoniaceae,Handroanthus,guayacan,Handroanthus guayacan,TAB1GU
AZ002,AZGEN002,19,18,5.73,1,Bignoniaceae,Tabebuia,rosea,Tabebuia rosea,TAB1RO
AZ002,AZGEN002,21.5,20,6.37,1,Sapotaceae,Pouteria,campechiana,Pouteria campechiana,POUTCA
AZ002,AZGEN002,21.5,12,3.82,2,Sapotaceae,Pouteria,campechiana,Pouteria campechiana,POUTCA
AZ002,AZGEN002,23,21.5,6.84,1,Bignoniaceae,Tabebuia,rosea,Tabebuia rosea,TAB1RO
AZ002,AZGEN002,23,17,5.41,1,Sapotaceae,Pouteria,campechiana,Pouteria campechiana,POUTCA
AZ002,AZGEN002,23.5,19.2,6.11,1,Sapotaceae,Pouteria,campechiana,Pouteria campechiana,POUTCA
AZ002,AZGEN002,25,48.5,15.44,1,Bignoniaceae,Tabebuia,rosea,Tabebuia rosea,TAB1RO
AZ002,AZGEN002,26,17,5.41,1,Bignoniaceae,Tabebuia,rosea,Tabebuia rosea,TAB1RO
AZ002,AZGEN002,26,16,5.09,2,Bignoniaceae,Tabebuia,rosea,Tabebuia rosea,TAB1RO
AZ002,AZGEN002,26,28,8.91,1,Bignoniaceae,Bignonia,aequinoctialis,Bignonia aequinoctialis,
AZ002,AZGEN002,28.5,26,8.28,1,Bignoniaceae,Handroanthus,guayacan,Handroanthus guayacan,TAB1GU
AZ002,AZGEN002,30,15,4.77,1,Bignoniaceae,Tabebuia,rosea,Tabebuia rosea,TAB1RO
AZ002,AZGEN002,31,37.2,11.84,1,Bignoniaceae,Handroanthus,guayacan,Handroanthus guayacan,TAB1GU
AZ002,AZGEN002,33,19,6.05,1,Bignoniaceae,Handroanthus,guayacan,Handroanthus guayacan,TAB1GU
AZ002,AZGEN002,34,36,11.46,1,Bignoniaceae,Handroanthus,guayacan,Handroanthus guayacan,TAB1GU
AZ002,AZGEN002,36,14,4.46,1,Bignoniaceae,Handroanthus,guayacan,Handroanthus guayacan,TAB1GU
AZ002,AZGEN002,41,15.5,4.93,1,Bignoniaceae,Handroanthus,guayacan,Handroanthus guayacan,TAB1GU
AZ002,AZGEN002,42,45,14.32,1,Bignoniaceae,Tabebuia,rosea,Tabebuia rosea,TAB1RO
AZ002,AZGEN002,45,11.2,3.57,1,Bignoniaceae,Handroanthus,guayacan,Handroanthus guayacan,TAB1GU
AZ003,AZGEN003,2.5,48.6,15.47,1,Boraginaceae,Cordia,alliodora,Cordia alliodora,CORDAL
AZ003,AZGEN003,3.5,51,16.23,1,Rubiaceae,Genipa,americana,Genipa americana,GENIAM
AZ003,AZGEN003,11,15,4.77,1,Rubiaceae,Calycophyllum,candidissimum,Calycophyllum candidissimum,CAL2CA
AZ003,AZGEN003,11.5,43.6,13.88,1,Annonaceae,Annona,purpurea,Annona purpurea,ANNOPU
AZ003,AZGEN003,12,24,7.64,1,Fabaceae,Schnella,guianensis,Schnella guianensis,
AZ003,AZGEN003,13,12,3.82,1,Bignoniaceae,Tabebuia,rosea,Tabebuia rosea,TAB1RO
AZ003,AZGEN003,16,17,5.41,1,Rubiaceae,Calycophyllum,candidissimum,Calycophyllum candidissimum,CAL2CA
AZ003,AZGEN003,21,18.6,5.92,1,Rubiaceae,Calycophyllum,candidissimum,Calycophyllum candidissimum,CAL2CA
AZ003,AZGEN003,22.5,12,3.82,1,Bignoniaceae,Tabebuia,rosea,Tabebuia rosea,TAB1RO
AZ003,AZGEN003,29,27.6,8.79,1,Sapotaceae,Pouteria,campechiana,Pouteria campechiana,POUTCA
AZ003,AZGEN003,29,27.8,8.85,2,Sapotaceae,Pouteria,campechiana,Pouteria campechiana,POUTCA
AZ003,AZGEN003,29,15,4.77,3,Sapotaceae,Pouteria,campechiana,Pouteria campechiana,POUTCA
AZ003,AZGEN003,29,14,4.46,4,Sapotaceae,Pouteria,campechiana,Pouteria campechiana,POUTCA
AZ003,AZGEN003,29,15,4.77,5,Sapotaceae,Pouteria,campechiana,Pouteria campechiana,POUTCA
AZ003,AZGEN003,29,23.4,7.45,6,Sapotaceae,Pouteria,campechiana,Pouteria campechiana,POUTCA
AZ003,AZGEN003,29,59.2,18.84,7,Sapotaceae,Pouteria,campechiana,Pouteria campechiana,POUTCA
AZ003,AZGEN003,29,36,11.46,8,Sapotaceae,Pouteria,campechiana,Pouteria campechiana,POUTCA
AZ003,AZGEN003,29,31,9.87,9,Sapotaceae,Pouteria,campechiana,Pouteria campechiana,POUTCA
AZ003,AZGEN003,34,16,5.09,1,Bignoniaceae,Tabebuia,rosea,Tabebuia rosea,TAB1RO
AZ003,AZGEN003,40,43.5,13.85,1,Bignoniaceae,Tabebuia,rosea,Tabebuia rosea,TAB1RO
AZ003,AZGEN003,43,30,9.55,1,Boraginaceae,Cordia,alliodora,Cordia alliodora,CORDAL
AZ003,AZGEN003,44.5,19,6.05,1,Bignoniaceae,Tabebuia,rosea,Tabebuia rosea,TAB1RO
AZ003,AZGEN003,46,70,22.28,1,Rubiaceae,Calycophyllum,candidissimum,Calycophyllum candidissimum,CAL2CA
AZ003,AZGEN003,46,85,27.06,2,Rubiaceae,Calycophyllum,candidissimum,Calycophyllum candidissimum,CAL2CA
AZ003,AZGEN003,50,21,6.68,1,Bignoniaceae,Tabebuia,rosea,Tabebuia rosea,TAB1RO
AZ004,AZGEN004,0.5,9,2.86,1,Bignoniaceae,Handroanthus,guayacan,Handroanthus guayacan,TAB1GU
AZ004,AZGEN004,6.7,23,7.32,1,Rubiaceae,Genipa,americana,Genipa americana,GENIAM
AZ004,AZGEN004,7,14,4.46,1,Capparaceae,Morisonia,cynophallophora,Morisonia cynophallophora,CAPPCY
AZ004,AZGEN004,9.7,37,11.78,1,Bignoniaceae,Tabebuia,rosea,Tabebuia rosea,TAB1RO
AZ004,AZGEN004,13.7,102,32.47,1,Polygonaceae,Coccoloba,lasseri,Coccoloba lasseri,COCCLA
AZ004,AZGEN004,14,69,21.96,1,Anacardiaceae,Spondias,mombin,Spondias mombin,SPONMO
AZ004,AZGEN004,18,18,5.73,1,Anacardiaceae,Astronium,graveolens,Astronium graveolens,AST2GR
AZ004,AZGEN004,21.4,9,2.86,1,Anacardiaceae,Astronium,graveolens,Astronium graveolens,AST2GR
AZ004,AZGEN004,22.2,18,5.73,1,Fabaceae,Vachellia,collinsii,Vachellia collinsii,ACACCO
AZ004,AZGEN004,25.9,35,11.14,1,Bignoniaceae,Handroanthus,guayacan,Handroanthus guayacan,TAB1GU
AZ004,AZGEN004,28.4,21,6.68,1,Anacardiaceae,Astronium,graveolens,Astronium graveolens,AST2GR
AZ004,AZGEN004,33,11.4,3.63,1,Malvaceae,Pseudobombax,septenatum,Pseudobombax septenatum,PSE1SE
AZ004,AZGEN004,33.8,42,13.37,1,Rubiaceae,Chomelia,spinosa,Chomelia spinosa,CHOMSP
AZ004,AZGEN004,33.8,51,16.23,2,Rubiaceae,Chomelia,spinosa,Chomelia spinosa,CHOMSP
AZ004,AZGEN004,35.2,15,4.77,1,Rubiaceae,Genipa,americana,Genipa americana,GENIAM
AZ004,AZGEN004,37,62,19.74,1,Anacardiaceae,Astronium,graveolens,Astronium graveolens,AST2GR
AZ004,AZGEN004,42,14,4.46,1,Anacardiaceae,Astronium,graveolens,Astronium graveolens,AST2GR
AZ004,AZGEN004,42.3,13.8,4.39,1,Rubiaceae,Calycophyllum,candidissimum,Calycophyllum candidissimum,CAL2CA
AZ004,AZGEN004,45.3,56,17.83,1,Meliaceae,Cedrela,odorata,Cedrela odorata,CEDROD
AZ004,AZGEN004,47.2,14.6,4.65,1,Burseraceae,Bursera,simaruba,Bursera simaruba,BURSSI
AZ005,AZGEN005,10.6,34.6,11.01,1,Bignoniaceae,Handroanthus,guayacan,Handroanthus guayacan,TAB1GU
AZ005,AZGEN005,10.6,22.6,7.19,1,Fabaceae,Schnella,guianensis,Schnella guianensis,
AZ005,AZGEN005,12.8,56,17.83,1,Bignoniaceae,Handroanthus,guayacan,Handroanthus guayacan,TAB1GU
AZ005,AZGEN005,13.1,10.8,3.44,1,Anacardiaceae,Astronium,graveolens,Astronium graveolens,AST2GR
AZ005,AZGEN005,14,21,6.68,1,Fabaceae,Schnella,guianensis,Schnella guianensis,
AZ005,AZGEN005,15.2,26,8.28,1,Bignoniaceae,Handroanthus,guayacan,Handroanthus guayacan,TAB1GU
AZ005,AZGEN005,15.7,22,7,1,Fabaceae,Schnella,guianensis,Schnella guianensis,
AZ005,AZGEN005,18,8,2.55,1,Bignoniaceae,Mansoa,sp. 1,Mansoa sp. 1,
AZ005,AZGEN005,23,65.8,20.94,1,Bignoniaceae,Handroanthus,guayacan,Handroanthus guayacan,TAB1GU
AZ005,AZGEN005,24.5,33,10.5,1,Rubiaceae,Calycophyllum,candidissimum,Calycophyllum candidissimum,CAL2CA
AZ005,AZGEN005,30.4,12,3.82,1,Rubiaceae,Calycophyllum,candidissimum,Calycophyllum candidissimum,CAL2CA
AZ005,AZGEN005,34.2,29,9.23,1,Boraginaceae,Cordia,alliodora,Cordia alliodora,CORDAL
AZ005,AZGEN005,35.1,53.4,17,1,Bignoniaceae,Handroanthus,guayacan,Handroanthus guayacan,TAB1GU
AZ005,AZGEN005,37,60,19.1,1,Menispermaceae,Hyperbaena,tonduzii,Hyperbaena tonduzii,HYPETO
AZ005,AZGEN005,39.6,12,3.82,1,Bignoniaceae,Bignonia,aequinoctialis,Bignonia aequinoctialis,
AZ005,AZGEN005,41.7,13,4.14,1,Rubiaceae,Calycophyllum,candidissimum,Calycophyllum candidissimum,CAL2CA
AZ005,AZGEN005,42.3,10,3.18,1,Rubiaceae,Chomelia,spinosa,Chomelia spinosa,CHOMSP
AZ005,AZGEN005,42.5,14,4.46,1,Anacardiaceae,Astronium,graveolens,Astronium graveolens,AST2GR
AZ005,AZGEN005,42.9,61.2,19.48,1,Bignoniaceae,Handroanthus,guayacan,Handroanthus guayacan,TAB1GU
AZ005,AZGEN005,47.3,10,3.18,1,Bignoniaceae,Bignonia,aequinoctialis,Bignonia aequinoctialis,
AZ005,AZGEN005,48.2,70,22.28,1,Rubiaceae,Genipa,americana,Genipa americana,GENIAM
AZ005,AZGEN005,48.2,56,17.83,2,Rubiaceae,Genipa,americana,Genipa americana,GENIAM
AZ006,AZGEN006,5.1,12.4,3.95,1,Fabaceae,Schnella,guianensis,Schnella guianensis,
AZ006,AZGEN006,7.4,31.2,9.93,1,Lamiaceae,Aegiphila,deppeana,Aegiphila deppeana,
AZ006,AZGEN006,7.4,30.8,9.8,2,Lamiaceae,Aegiphila,deppeana,Aegiphila deppeana,
AZ006,AZGEN006,7.4,27.6,8.79,3,Lamiaceae,Aegiphila,deppeana,Aegiphila deppeana,
AZ006,AZGEN006,7.4,24,7.64,4,Lamiaceae,Aegiphila,deppeana,Aegiphila deppeana,
AZ006,AZGEN006,7.4,23.2,7.38,5,Lamiaceae,Aegiphila,deppeana,Aegiphila deppeana,
AZ006,AZGEN006,7.4,19.6,6.24,6,Lamiaceae,Aegiphila,deppeana,Aegiphila deppeana,
AZ006,AZGEN006,7.4,18,5.73,7,Lamiaceae,Aegiphila,deppeana,Aegiphila deppeana,
AZ006,AZGEN006,7.4,14.8,4.71,8,Lamiaceae,Aegiphila,deppeana,Aegiphila deppeana,
AZ006,AZGEN006,11.1,21,6.68,1,Burseraceae,Bursera,simaruba,Bursera simaruba,BURSSI
AZ006,AZGEN006,12.4,27,8.59,1,Burseraceae,Bursera,simaruba,Bursera simaruba,BURSSI
AZ006,AZGEN006,14.1,8,2.55,1,Bignoniaceae,Cf Fridericia,patellifera,Cf Fridericia patellifera,
AZ006,AZGEN006,17.1,12,3.82,1,Fabaceae,Schnella,guianensis,Schnella guianensis,
AZ006,AZGEN006,17.4,11,3.5,1,Malvaceae,Heliocarpus,americanus,Heliocarpus americanus,HELIAM
AZ006,AZGEN006,18,126,40.11,1,Fabaceae,Hymenaea,courbaril,Hymenaea courbaril,HYMECO
AZ006,AZGEN006,18.2,50,15.92,1,Burseraceae,Bursera,simaruba,Bursera simaruba,BURSSI
AZ006,AZGEN006,20.3,17.6,5.6,1,Fabaceae,Schnella,guianensis,Schnella guianensis,
AZ006,AZGEN006,23.5,19,6.05,1,Rubiaceae,Calycophyllum,candidissimum,Calycophyllum candidissimum,CAL2CA
AZ006,AZGEN006,24.7,14.4,4.58,1,Rubiaceae,Rondeletia,hameliifolia,Rondeletia hameliifolia,RONDHA
AZ006,AZGEN006,26,23,7.32,1,Burseraceae,Bursera,simaruba,Bursera simaruba,BURSSI
AZ006,AZGEN006,35.6,8,2.55,1,Fabaceae,Vachellia,collinsii,Vachellia collinsii,ACACCO
AZ006,AZGEN006,35.7,14.4,4.58,1,Malvaceae,Pseudobombax,septenatum,Pseudobombax septenatum,PSE1SE
AZ006,AZGEN006,41.5,30,9.55,1,Fabaceae,Hymenaea,courbaril,Hymenaea courbaril,HYMECO
AZ006,AZGEN006,46.8,57,18.14,1,Euphorbiaceae,Sapium,glandulosum,Sapium glandulosum,SAPIAU
AZ007,AZGEN007,2.2,17.8,5.67,1,Rubiaceae,Genipa,americana,Genipa americana,GENIAM
AZ007,AZGEN007,2.2,16.8,5.35,2,Rubiaceae,Genipa,americana,Genipa americana,GENIAM
AZ007,AZGEN007,5.6,22.2,7.07,1,Rubiaceae,Genipa,americana,Genipa americana,GENIAM
AZ007,AZGEN007,5.6,12.8,4.07,2,Rubiaceae,Genipa,americana,Genipa americana,GENIAM
AZ007,AZGEN007,12.7,7.8,2.48,1,Fabaceae,Vachellia,collinsii,Vachellia collinsii,ACACCO
AZ007,AZGEN007,15,11,3.5,1,Bignoniaceae,Tabebuia,rosea,Tabebuia rosea,TAB1RO
AZ007,AZGEN007,15.7,60,19.1,1,Fabaceae,Pseudosamanea,guachapele,Pseudosamanea guachapele,ALBIGU
AZ007,AZGEN007,25.5,44.6,14.2,1,Meliaceae,Cedrela,odorata,Cedrela odorata,CEDROD
AZ007,AZGEN007,26.4,38.6,12.29,1,Rubiaceae,Genipa,americana,Genipa americana,GENIAM
AZ007,AZGEN007,32,22,7,1,Bignoniaceae,Handroanthus,guayacan,Handroanthus guayacan,TAB1GU
AZ007,AZGEN007,37.6,10.4,3.31,1,Rubiaceae,Rondeletia,hameliifolia,Rondeletia hameliifolia,RONDHA
AZ007,AZGEN007,37.6,8.2,2.61,2,Rubiaceae,Rondeletia,hameliifolia,Rondeletia hameliifolia,RONDHA
AZ007,AZGEN007,40,95.4,30.37,1,Meliaceae,Cedrela,odorata,Cedrela odorata,CEDROD
AZ007,AZGEN007,41.4,8.4,2.67,1,Malpighiaceae,Byrsonima,crassifolia,Byrsonima crassifolia,BYRSCR
AZ007,AZGEN007,46.6,16.4,5.22,1,Fabaceae,Machaerium,isadelphum,Machaerium isadelphum,
AZ007,AZGEN007,46.6,10,3.18,2,Fabaceae,Machaerium,isadelphum,Machaerium isadelphum,
AZ007,AZGEN007,46.6,10,3.18,3,Fabaceae,Machaerium,isadelphum,Machaerium isadelphum,
AZ008,AZGEN008,3,17,5.41,1,Fabaceae,Pithecellobium,oblongum,Pithecellobium oblongum,PIT1UN
AZ008,AZGEN008,4,19,6.05,1,Fabaceae,Schnella,guianensis,Schnella guianensis,
AZ008,AZGEN008,4.8,9,2.86,1,Bignoniaceae,Bignonia,aequinoctialis,Bignonia aequinoctialis,
AZ008,AZGEN008,4.8,8.5,2.71,2,Bignoniaceae,Bignonia,aequinoctialis,Bignonia aequinoctialis,
AZ008,AZGEN008,4.8,8,2.55,3,Bignoniaceae,Bignonia,aequinoctialis,Bignonia aequinoctialis,
AZ008,AZGEN008,4.8,12,3.82,1,Fabaceae,Schnella,guianensis,Schnella guianensis,
AZ008,AZGEN008,9.65,10,3.18,1,Fabaceae,Schnella,guianensis,Schnella guianensis,
AZ008,AZGEN008,10.45,32.8,10.44,1,Rubiaceae,Calycophyllum,candidissimum,Calycophyllum candidissimum,CAL2CA
AZ008,AZGEN008,10.7,10,3.18,1,Bignoniaceae,Bignonia,aequinoctialis,Bignonia aequinoctialis,
AZ008,AZGEN008,10.8,12,3.82,1,Fabaceae,Schnella,guianensis,Schnella guianensis,
AZ008,AZGEN008,10.8,10.6,3.37,2,Fabaceae,Schnella,guianensis,Schnella guianensis,
AZ008,AZGEN008,10.8,8.4,2.67,3,Fabaceae,Schnella,guianensis,Schnella guianensis,
AZ008,AZGEN008,13.8,9,2.86,1,Fabaceae,Schnella,guianensis,Schnella guianensis,
AZ008,AZGEN008,14.4,15,4.77,1,Rubiaceae,Calycophyllum,candidissimum,Calycophyllum candidissimum,CAL2CA
AZ008,AZGEN008,14.8,12,3.82,1,Bignoniaceae,Bignonia,aequinoctialis,Bignonia aequinoctialis,
AZ008,AZGEN008,18,30.6,9.74,1,Rubiaceae,Calycophyllum,candidissimum,Calycophyllum candidissimum,CAL2CA
AZ008,AZGEN008,29,12.6,4.01,1,Bignoniaceae,Bignonia,aequinoctialis,Bignonia aequinoctialis,
AZ008,AZGEN008,30.9,16.2,5.16,1,Rubiaceae,Genipa,americana,Genipa americana,GENIAM
AZ008,AZGEN008,33.6,13.4,4.27,1,Fabaceae,Schnella,guianensis,Schnella guianensis,
AZ008,AZGEN008,33.6,13.4,4.27,2,Fabaceae,Schnella,guianensis,Schnella guianensis,
AZ008,AZGEN008,33.6,11.8,3.76,3,Fabaceae,Schnella,guianensis,Schnella guianensis,
AZ008,AZGEN008,33.6,10.4,3.31,4,Fabaceae,Schnella,guianensis,Schnella guianensis,
AZ008,AZGEN008,34.7,13.4,4.27,1,Fabaceae,Schnella,guianensis,Schnella guianensis,
AZ008,AZGEN008,46,11,3.5,1,Fabaceae,Schnella,guianensis,Schnella guianensis,
AZ008,AZGEN008,46.6,48.8,15.53,1,Fabaceae,Pithecellobium,oblongum,Pithecellobium oblongum,PIT1UN
AZ008,AZGEN008,48,13,4.14,1,Rubiaceae,Calycophyllum,candidissimum,Calycophyllum candidissimum,CAL2CA
AZ009,AZGEN009,1.4,19.4,6.18,1,Bignoniaceae,Handroanthus,guayacan,Handroanthus guayacan,TAB1GU
AZ009,AZGEN009,3.6,8.6,2.74,1,Bignoniaceae,Bignonia,aequinoctialis,Bignonia aequinoctialis,
AZ009,AZGEN009,3.7,9.4,2.99,1,Rubiaceae,Calycophyllum,candidissimum,Calycophyllum candidissimum,CAL2CA
AZ009,AZGEN009,4.2,39.6,12.61,1,Rubiaceae,Genipa,americana,Genipa americana,GENIAM
AZ009,AZGEN009,4.3,19,6.05,1,Rubiaceae,Genipa,americana,Genipa americana,GENIAM
AZ009,AZGEN009,5.6,40,12.73,1,Boraginaceae,Cordia,alliodora,Cordia alliodora,CORDAL
AZ009,AZGEN009,6.1,18,5.73,1,Rubiaceae,Calycophyllum,candidissimum,Calycophyllum candidissimum,CAL2CA
AZ009,AZGEN009,6.2,36,11.46,1,Boraginaceae,Cordia,alliodora,Cordia alliodora,CORDAL
AZ009,AZGEN009,7.2,15.8,5.03,1,Bignoniaceae,Bignonia,aequinoctialis,Bignonia aequinoctialis,
AZ009,AZGEN009,7.2,12,3.82,2,Bignoniaceae,Bignonia,aequinoctialis,Bignonia aequinoctialis,
AZ009,AZGEN009,9.1,9,2.86,1,Fabaceae,Schnella,guianensis,Schnella guianensis,
AZ009,AZGEN009,15.4,23,7.32,1,Lauraceae,Ocotea,puberula,Ocotea puberula,OCOTPU
AZ009,AZGEN009,16.2,8,2.55,1,Bignoniaceae,Bignonia,aequinoctialis,Bignonia aequinoctialis,
AZ009,AZGEN009,16.2,16,5.09,1,Boraginaceae,Cordia,alliodora,Cordia alliodora,CORDAL
AZ009,AZGEN009,18.8,9,2.86,1,Bignoniaceae,Bignonia,aequinoctialis,Bignonia aequinoctialis,
AZ009,AZGEN009,18.8,8.6,2.74,2,Bignoniaceae,Bignonia,aequinoctialis,Bignonia aequinoctialis,
AZ009,AZGEN009,19.7,60.8,19.35,1,Boraginaceae,Cordia,alliodora,Cordia alliodora,CORDAL
AZ009,AZGEN009,20.5,25.4,8.09,1,Boraginaceae,Cordia,alliodora,Cordia alliodora,CORDAL
AZ009,AZGEN009,21.3,23,7.32,1,Fabaceae,Schnella,guianensis,Schnella guianensis,
AZ009,AZGEN009,23.5,23.8,7.58,1,Rubiaceae,Calycophyllum,candidissimum,Calycophyllum candidissimum,CAL2CA
AZ009,AZGEN009,26.6,16,5.09,1,Rubiaceae,Calycophyllum,candidissimum,Calycophyllum candidissimum,CAL2CA
AZ009,AZGEN009,30.3,15.8,5.03,1,Fabaceae,Schnella,guianensis,Schnella guianensis,
AZ009,AZGEN009,32.55,14.6,4.65,1,Rubiaceae,Calycophyllum,candidissimum,Calycophyllum candidissimum,CAL2CA
AZ009,AZGEN009,34.1,44,14.01,1,Boraginaceae,Cordia,alliodora,Cordia alliodora,CORDAL
AZ009,AZGEN009,34.85,19.2,6.11,1,Fabaceae,Pithecellobium,oblongum,Pithecellobium oblongum,PIT1UN
AZ009,AZGEN009,36.45,13.6,4.33,1,Boraginaceae,Cordia,alliodora,Cordia alliodora,CORDAL
AZ009,AZGEN009,37.6,8,2.55,1,Rubiaceae,Calycophyllum,candidissimum,Calycophyllum candidissimum,CAL2CA
AZ009,AZGEN009,46.4,41,13.05,1,Fabaceae,Pseudalbizzia,adinocephala,Pseudalbizzia adinocephala,ALBIAD
AZ009,AZGEN009,47.8,58.4,18.59,1,Boraginaceae,Cordia,alliodora,Cordia alliodora,CORDAL
AZ010,AZGEN010,1,96,30.56,1,Bignoniaceae,Handroanthus,guayacan,Handroanthus guayacan,TAB1GU
AZ010,AZGEN010,23,47,14.96,1,Fabaceae,Gliricidia,sepium,Gliricidia sepium,GLIRSE
AZ010,AZGEN010,23,85,27.06,1,Fabaceae,Gliricidia,sepium,Gliricidia sepium,GLIRSE
AZ010,AZGEN010,38,47,14.96,1,Bignoniaceae,Handroanthus,guayacan,Handroanthus guayacan,TAB1GU
AZ010,AZGEN010,37,18,5.73,1,Fabaceae,Vachellia,collinsii,Vachellia collinsii,ACACCO
AZ010,AZGEN010,46,83,26.42,1,Fabaceae,Platymiscium,pinnatum,Platymiscium pinnatum,
AZ010,AZGEN010,50,115,36.61,1,Arecaceae,Astrocaryum,standleyanum,Astrocaryum standleyanum,AST1ST
AZ011,AZGEN011,1,73,23.24,1,Malvaceae,Guazuma,ulmifolia,Guazuma ulmifolia,GUAZUL
AZ011,AZGEN011,8.5,76,24.19,1,Fabaceae,Platymiscium,pinnatum,Platymiscium pinnatum,
AZ011,AZGEN011,15,11,3.5,1,Fabaceae,Vachellia,collinsii,Vachellia collinsii,ACACCO
AZ011,AZGEN011,19,9,2.86,1,Bignoniaceae,Handroanthus,guayacan,Handroanthus guayacan,TAB1GU
AZ011,AZGEN011,24.5,71,22.6,1,Fabaceae,Platymiscium,pinnatum,Platymiscium pinnatum,
AZ011,AZGEN011,31,53,16.87,1,Bignoniaceae,Handroanthus,guayacan,Handroanthus guayacan,TAB1GU
AZ011,AZGEN011,31,15,4.77,2,Bignoniaceae,Handroanthus,guayacan,Handroanthus guayacan,TAB1GU
AZ011,AZGEN011,35,120,38.2,1,Fabaceae,Pseudosamanea,guachapele,Pseudosamanea guachapele,ALBIGU
AZ011,AZGEN011,40,48,15.28,1,Fabaceae,Gliricidia,sepium,Gliricidia sepium,GLIRSE
AZ011,AZGEN011,46,32,10.19,1,Fabaceae,Dalbergia,retusa,Dalbergia retusa,DALBRE
AZ012,AZGEN012,8,22,7,1,Malvaceae,Guazuma,ulmifolia,Guazuma ulmifolia,GUAZUL
AZ012,AZGEN012,8,32,10.19,2,Malvaceae,Guazuma,ulmifolia,Guazuma ulmifolia,GUAZUL
AZ012,AZGEN012,8,27,8.59,3,Malvaceae,Guazuma,ulmifolia,Guazuma ulmifolia,GUAZUL
AZ012,AZGEN012,8,23,7.32,4,Malvaceae,Guazuma,ulmifolia,Guazuma ulmifolia,GUAZUL
AZ012,AZGEN012,8,32,10.19,5,Malvaceae,Guazuma,ulmifolia,Guazuma ulmifolia,GUAZUL
AZ012,AZGEN012,11.7,13,4.14,1,Malvaceae,Guazuma,ulmifolia,Guazuma ulmifolia,GUAZUL
AZ012,AZGEN012,11.7,13.5,4.3,2,Malvaceae,Guazuma,ulmifolia,Guazuma ulmifolia,GUAZUL
AZ012,AZGEN012,11.7,12.2,3.88,3,Malvaceae,Guazuma,ulmifolia,Guazuma ulmifolia,GUAZUL
AZ012,AZGEN012,11.7,10.6,3.37,4,Malvaceae,Guazuma,ulmifolia,Guazuma ulmifolia,GUAZUL
AZ012,AZGEN012,18.2,13.5,4.3,1,Malvaceae,Guazuma,ulmifolia,Guazuma ulmifolia,GUAZUL
AZ012,AZGEN012,18.2,28,8.91,2,Malvaceae,Guazuma,ulmifolia,Guazuma ulmifolia,GUAZUL
AZ012,AZGEN012,42,17,5.41,1,Malvaceae,Guazuma,ulmifolia,Guazuma ulmifolia,GUAZUL
AZ012,AZGEN012,42,22,7,2,Malvaceae,Guazuma,ulmifolia,Guazuma ulmifolia,GUAZUL
AZ012,AZGEN012,42,23.6,7.51,3,Malvaceae,Guazuma,ulmifolia,Guazuma ulmifolia,GUAZUL
AZ012,AZGEN012,42,16,5.09,4,Malvaceae,Guazuma,ulmifolia,Guazuma ulmifolia,GUAZUL
AZ012,AZGEN012,48.2,40,12.73,1,Malvaceae,Guazuma,ulmifolia,Guazuma ulmifolia,GUAZUL
AZ012,AZGEN012,48.2,41.2,13.11,2,Malvaceae,Guazuma,ulmifolia,Guazuma ulmifolia,GUAZUL
AZ012,AZGEN012,48.2,45,14.32,3,Malvaceae,Guazuma,ulmifolia,Guazuma ulmifolia,GUAZUL
AZ012,AZGEN012,49.4,34,10.82,1,Malvaceae,Guazuma,ulmifolia,Guazuma ulmifolia,GUAZUL
AZ013,AZGEN013,1.5,9.8,3.12,1,Malvaceae,Guazuma,ulmifolia,Guazuma ulmifolia,GUAZUL
AZ013,AZGEN013,5,39.2,12.48,1,Malvaceae,Guazuma,ulmifolia,Guazuma ulmifolia,GUAZUL
AZ013,AZGEN013,5,27,8.59,2,Malvaceae,Guazuma,ulmifolia,Guazuma ulmifolia,GUAZUL
AZ013,AZGEN013,5,18,5.73,3,Malvaceae,Guazuma,ulmifolia,Guazuma ulmifolia,GUAZUL
AZ013,AZGEN013,5,22.2,7.07,4,Malvaceae,Guazuma,ulmifolia,Guazuma ulmifolia,GUAZUL
AZ013,AZGEN013,5,18,5.73,5,Malvaceae,Guazuma,ulmifolia,Guazuma ulmifolia,GUAZUL
AZ013,AZGEN013,5,20.6,6.56,6,Malvaceae,Guazuma,ulmifolia,Guazuma ulmifolia,GUAZUL
AZ013,AZGEN013,5,25,7.96,7,Malvaceae,Guazuma,ulmifolia,Guazuma ulmifolia,GUAZUL
AZ013,AZGEN013,5,24.2,7.7,8,Malvaceae,Guazuma,ulmifolia,Guazuma ulmifolia,GUAZUL
AZ013,AZGEN013,5,18,5.73,9,Malvaceae,Guazuma,ulmifolia,Guazuma ulmifolia,GUAZUL
AZ013,AZGEN013,5,41,13.05,10,Malvaceae,Guazuma,ulmifolia,Guazuma ulmifolia,GUAZUL
AZ013,AZGEN013,20.5,11,3.5,1,Malvaceae,Guazuma,ulmifolia,Guazuma ulmifolia,GUAZUL
AZ013,AZGEN013,20.5,20,6.37,2,Malvaceae,Guazuma,ulmifolia,Guazuma ulmifolia,GUAZUL
AZ013,AZGEN013,20.5,24,7.64,3,Malvaceae,Guazuma,ulmifolia,Guazuma ulmifolia,GUAZUL
AZ013,AZGEN013,20.5,23,7.32,4,Malvaceae,Guazuma,ulmifolia,Guazuma ulmifolia,GUAZUL
AZ013,AZGEN013,20.5,22,7,5,Malvaceae,Guazuma,ulmifolia,Guazuma ulmifolia,GUAZUL
AZ013,AZGEN013,20.5,16,5.09,6,Malvaceae,Guazuma,ulmifolia,Guazuma ulmifolia,GUAZUL
AZ013,AZGEN013,27.2,17,5.41,1,Malvaceae,Guazuma,ulmifolia,Guazuma ulmifolia,GUAZUL
AZ013,AZGEN013,27.2,12,3.82,2,Malvaceae,Guazuma,ulmifolia,Guazuma ulmifolia,GUAZUL
AZ013,AZGEN013,27.2,20,6.37,3,Malvaceae,Guazuma,ulmifolia,Guazuma ulmifolia,GUAZUL
AZ013,AZGEN013,27.2,17.4,5.54,1,Malvaceae,Guazuma,ulmifolia,Guazuma ulmifolia,GUAZUL
AZ013,AZGEN013,27.2,11,3.5,2,Malvaceae,Guazuma,ulmifolia,Guazuma ulmifolia,GUAZUL
AZ013,AZGEN013,30,8,2.55,1,Malvaceae,Guazuma,ulmifolia,Guazuma ulmifolia,GUAZUL
AZ013,AZGEN013,30,19,6.05,2,Malvaceae,Guazuma,ulmifolia,Guazuma ulmifolia,GUAZUL
AZ013,AZGEN013,30,14,4.46,3,Malvaceae,Guazuma,ulmifolia,Guazuma ulmifolia,GUAZUL
AZ013,AZGEN013,30,20,6.37,4,Malvaceae,Guazuma,ulmifolia,Guazuma ulmifolia,GUAZUL
AZ013,AZGEN013,30,12,3.82,5,Malvaceae,Guazuma,ulmifolia,Guazuma ulmifolia,GUAZUL
AZ013,AZGEN013,30.5,19,6.05,1,Malvaceae,Guazuma,ulmifolia,Guazuma ulmifolia,GUAZUL
AZ013,AZGEN013,30.5,8,2.55,2,Malvaceae,Guazuma,ulmifolia,Guazuma ulmifolia,GUAZUL
AZ013,AZGEN013,30.5,11,3.5,3,Malvaceae,Guazuma,ulmifolia,Guazuma ulmifolia,GUAZUL
AZ013,AZGEN013,30.5,16,5.09,4,Malvaceae,Guazuma,ulmifolia,Guazuma ulmifolia,GUAZUL
AZ013,AZGEN013,43.5,15,4.77,1,Malvaceae,Guazuma,ulmifolia,Guazuma ulmifolia,GUAZUL
AZ013,AZGEN013,43.5,11,3.5,2,Malvaceae,Guazuma,ulmifolia,Guazuma ulmifolia,GUAZUL
AZ013,AZGEN013,50,32,10.19,1,Malvaceae,Guazuma,ulmifolia,Guazuma ulmifolia,GUAZUL
AZ013,AZGEN013,50,31,9.87,1,Malvaceae,Guazuma,ulmifolia,Guazuma ulmifolia,GUAZUL
AZ013,AZGEN013,50,43,13.69,1,Malvaceae,Guazuma,ulmifolia,Guazuma ulmifolia,GUAZUL
AZ014,AZGEN014,1.3,9.8,3.12,1,Rubiaceae,Hamelia,patens,Hamelia patens,HAMEPA
AZ014,AZGEN014,1.3,7,2.23,2,Rubiaceae,Hamelia,patens,Hamelia patens,HAMEPA
AZ014,AZGEN014,1.3,9.2,2.93,3,Rubiaceae,Hamelia,patens,Hamelia patens,HAMEPA
AZ014,AZGEN014,3.6,12,3.82,1,Rubiaceae,Alibertia,edulis,Alibertia edulis,ALIBED
AZ014,AZGEN014,3.6,12,3.82,2,Rubiaceae,Alibertia,edulis,Alibertia edulis,ALIBED
AZ014,AZGEN014,12.8,32.2,10.25,1,Meliaceae,Cedrela,odorata,Cedrela odorata,CEDROD
AZ014,AZGEN014,12.6,8,2.55,1,Fabaceae,Diphysa,americana,Diphysa americana,DIPHRO
AZ014,AZGEN014,14.2,13,4.14,1,Rubiaceae,Alibertia,edulis,Alibertia edulis,ALIBED
AZ014,AZGEN014,15.8,8,2.55,1,Malvaceae,Guazuma,ulmifolia,Guazuma ulmifolia,GUAZUL
AZ014,AZGEN014,15.8,4,1.27,2,Malvaceae,Guazuma,ulmifolia,Guazuma ulmifolia,GUAZUL
AZ014,AZGEN014,30,26,8.28,1,Malvaceae,Guazuma,ulmifolia,Guazuma ulmifolia,GUAZUL
AZ014,AZGEN014,30,25.4,8.09,2,Malvaceae,Guazuma,ulmifolia,Guazuma ulmifolia,GUAZUL
AZ014,AZGEN014,30,23,7.32,3,Malvaceae,Guazuma,ulmifolia,Guazuma ulmifolia,GUAZUL
AZ014,AZGEN014,30,20,6.37,4,Malvaceae,Guazuma,ulmifolia,Guazuma ulmifolia,GUAZUL
AZ014,AZGEN014,30,13.6,4.33,5,Malvaceae,Guazuma,ulmifolia,Guazuma ulmifolia,GUAZUL
AZ014,AZGEN014,30,12.2,3.88,6,Malvaceae,Guazuma,ulmifolia,Guazuma ulmifolia,GUAZUL
AZ014,AZGEN014,33,6,1.91,1,Rubiaceae,Alibertia,edulis,Alibertia edulis,ALIBED
AZ014,AZGEN014,38.4,53,16.87,1,Malvaceae,Guazuma,ulmifolia,Guazuma ulmifolia,GUAZUL
AZ014,AZGEN014,38.4,30,9.55,2,Malvaceae,Guazuma,ulmifolia,Guazuma ulmifolia,GUAZUL
AZ014,AZGEN014,38.4,27,8.59,3,Malvaceae,Guazuma,ulmifolia,Guazuma ulmifolia,GUAZUL
AZ014,AZGEN014,38.4,24,7.64,4,Malvaceae,Guazuma,ulmifolia,Guazuma ulmifolia,GUAZUL
AZ014,AZGEN014,39.2,7,2.23,1,Rubiaceae,Genipa,americana,Genipa americana,GENIAM
AZ014,AZGEN014,39.2,6,1.91,1,Rubiaceae,Genipa,americana,Genipa americana,GENIAM
AZ014,AZGEN014,39.6,6,1.91,1,Rubiaceae,Alibertia,edulis,Alibertia edulis,ALIBED
AZ014,AZGEN014,46.6,9,2.86,1,Rubiaceae,Alibertia,edulis,Alibertia edulis,ALIBED
AZ014,AZGEN014,47.2,8,2.55,1,Malvaceae,Guazuma,ulmifolia,Guazuma ulmifolia,GUAZUL
AZ014,AZGEN014,50,36,11.46,1,Lamiaceae,Gmelina,arborea,Gmelina arborea,GMELAR
AZ015,AZGEN015,1,17,5.41,1,Lamiaceae,Tectona,grandis,Tectona grandis,TECTGR
AZ015,AZGEN015,2,19,6.05,1,Lamiaceae,Tectona,grandis,Tectona grandis,TECTGR
AZ015,AZGEN015,5,12,3.82,1,Lamiaceae,Tectona,grandis,Tectona grandis,TECTGR
AZ015,AZGEN015,7.5,17,5.41,1,Lamiaceae,Tectona,grandis,Tectona grandis,TECTGR
AZ015,AZGEN015,8,11.5,3.66,1,Lamiaceae,Tectona,grandis,Tectona grandis,TECTGR
AZ015,AZGEN015,9,16,5.09,1,Lamiaceae,Tectona,grandis,Tectona grandis,TECTGR
AZ015,AZGEN015,10,17,5.41,1,Lamiaceae,Tectona,grandis,Tectona grandis,TECTGR
AZ015,AZGEN015,10,14,4.46,1,Lamiaceae,Tectona,grandis,Tectona grandis,TECTGR
AZ015,AZGEN015,12,17,5.41,1,Lamiaceae,Tectona,grandis,Tectona grandis,TECTGR
AZ015,AZGEN015,13.5,16,5.09,1,Lamiaceae,Tectona,grandis,Tectona grandis,TECTGR
AZ015,AZGEN015,15,11,3.5,1,Lamiaceae,Tectona,grandis,Tectona grandis,TECTGR
AZ015,AZGEN015,16,16,5.09,1,Lamiaceae,Tectona,grandis,Tectona grandis,TECTGR
AZ015,AZGEN015,17,14,4.46,1,Lamiaceae,Tectona,grandis,Tectona grandis,TECTGR
AZ015,AZGEN015,18.5,18,5.73,1,Lamiaceae,Tectona,grandis,Tectona grandis,TECTGR
AZ015,AZGEN015,19.5,10.5,3.34,1,Lamiaceae,Tectona,grandis,Tectona grandis,TECTGR
AZ015,AZGEN015,20,10.2,3.25,1,Lamiaceae,Tectona,grandis,Tectona grandis,TECTGR
AZ015,AZGEN015,21,41,13.05,1,Lamiaceae,Tectona,grandis,Tectona grandis,TECTGR
AZ015,AZGEN015,22,21,6.68,1,Lamiaceae,Tectona,grandis,Tectona grandis,TECTGR
AZ015,AZGEN015,24,11,3.5,1,Malvaceae,Guazuma,ulmifolia,Guazuma ulmifolia,GUAZUL
AZ015,AZGEN015,25,11,3.5,1,Lamiaceae,Tectona,grandis,Tectona grandis,TECTGR
AZ015,AZGEN015,26,17.5,5.57,1,Lamiaceae,Tectona,grandis,Tectona grandis,TECTGR
AZ015,AZGEN015,32,28,8.91,1,Lamiaceae,Tectona,grandis,Tectona grandis,TECTGR
AZ015,AZGEN015,33,9,2.86,1,Lamiaceae,Tectona,grandis,Tectona grandis,TECTGR
AZ015,AZGEN015,33,16,5.09,1,Lamiaceae,Tectona,grandis,Tectona grandis,TECTGR
AZ015,AZGEN015,38,25,7.96,1,Lamiaceae,Tectona,grandis,Tectona grandis,TECTGR
AZ015,AZGEN015,39,11,3.5,1,Lamiaceae,Tectona,grandis,Tectona grandis,TECTGR
AZ015,AZGEN015,40,14.2,4.52,1,Lamiaceae,Tectona,grandis,Tectona grandis,TECTGR
AZ015,AZGEN015,41.5,16,5.09,1,Lamiaceae,Tectona,grandis,Tectona grandis,TECTGR
AZ015,AZGEN015,42,21.5,6.84,1,Lamiaceae,Tectona,grandis,Tectona grandis,TECTGR
AZ015,AZGEN015,45,29.8,9.49,1,Lamiaceae,Tectona,grandis,Tectona grandis,TECTGR
AZ015,AZGEN015,45,19,6.05,2,Lamiaceae,Tectona,grandis,Tectona grandis,TECTGR
AZ015,AZGEN015,46,31,9.87,1,Lamiaceae,Tectona,grandis,Tectona grandis,TECTGR
AZ015,AZGEN015,48.5,13,4.14,1,Lamiaceae,Tectona,grandis,Tectona grandis,TECTGR
AZ015,AZGEN015,49,16,5.09,1,Lamiaceae,Tectona,grandis,Tectona grandis,TECTGR
AZ016,AZGEN016,2.5,12,3.82,1,Lamiaceae,Tectona,grandis,Tectona grandis,TECTGR
AZ016,AZGEN016,5,24,7.64,1,Rubiaceae,Genipa,americana,Genipa americana,GENIAM
AZ016,AZGEN016,7,47,14.96,1,Lamiaceae,Tectona,grandis,Tectona grandis,TECTGR
AZ016,AZGEN016,7,21,6.68,2,Lamiaceae,Tectona,grandis,Tectona grandis,TECTGR
AZ016,AZGEN016,7,43,13.69,3,Lamiaceae,Tectona,grandis,Tectona grandis,TECTGR
AZ016,AZGEN016,7,40,12.73,4,Lamiaceae,Tectona,grandis,Tectona grandis,TECTGR
AZ016,AZGEN016,7,33,10.5,5,Lamiaceae,Tectona,grandis,Tectona grandis,TECTGR
AZ016,AZGEN016,7,38,12.1,6,Lamiaceae,Tectona,grandis,Tectona grandis,TECTGR
AZ016,AZGEN016,9,14,4.46,1,Lamiaceae,Tectona,grandis,Tectona grandis,TECTGR
AZ016,AZGEN016,9,8,2.55,2,Lamiaceae,Tectona,grandis,Tectona grandis,TECTGR
AZ016,AZGEN016,12,29,9.23,1,Malvaceae,Ochroma,pyramidale,Ochroma pyramidale,OCHRPY
AZ016,AZGEN016,13,18,5.73,1,Lamiaceae,Tectona,grandis,Tectona grandis,TECTGR
AZ016,AZGEN016,14,44,14.01,1,Lamiaceae,Tectona,grandis,Tectona grandis,TECTGR
AZ016,AZGEN016,14,29,9.23,2,Lamiaceae,Tectona,grandis,Tectona grandis,TECTGR
AZ016,AZGEN016,14,17,5.41,3,Lamiaceae,Tectona,grandis,Tectona grandis,TECTGR
AZ016,AZGEN016,15,14,4.46,1,Lamiaceae,Tectona,grandis,Tectona grandis,TECTGR
AZ016,AZGEN016,15,17,5.41,1,Lamiaceae,Tectona,grandis,Tectona grandis,TECTGR
AZ016,AZGEN016,16,12,3.82,1,Lamiaceae,Tectona,grandis,Tectona grandis,TECTGR
AZ016,AZGEN016,17.5,11,3.5,1,Lamiaceae,Tectona,grandis,Tectona grandis,TECTGR
AZ016,AZGEN016,20,14.2,4.52,1,Lamiaceae,Tectona,grandis,Tectona grandis,TECTGR
AZ016,AZGEN016,21,15,4.77,1,Lamiaceae,Tectona,grandis,Tectona grandis,TECTGR
AZ016,AZGEN016,22,28,8.91,1,Lamiaceae,Tectona,grandis,Tectona grandis,TECTGR
AZ016,AZGEN016,22,10,3.18,1,Lamiaceae,Tectona,grandis,Tectona grandis,TECTGR
AZ016,AZGEN016,24,18,5.73,1,Lamiaceae,Tectona,grandis,Tectona grandis,TECTGR
AZ016,AZGEN016,24,16,5.09,2,Lamiaceae,Tectona,grandis,Tectona grandis,TECTGR
AZ016,AZGEN016,25,12,3.82,1,Fabaceae,Vachellia,collinsii,Vachellia collinsii,ACACCO
AZ016,AZGEN016,26,11,3.5,1,Fabaceae,Vachellia,collinsii,Vachellia collinsii,ACACCO
AZ016,AZGEN016,26.5,33,10.5,1,Lamiaceae,Tectona,grandis,Tectona grandis,TECTGR
AZ016,AZGEN016,26.5,36,11.46,2,Lamiaceae,Tectona,grandis,Tectona grandis,TECTGR
AZ016,AZGEN016,26.5,26.5,8.44,3,Lamiaceae,Tectona,grandis,Tectona grandis,TECTGR
AZ016,AZGEN016,26.5,90,28.65,4,Lamiaceae,Tectona,grandis,Tectona grandis,TECTGR
AZ016,AZGEN016,27,8.5,2.71,1,Fabaceae,Diphysa,americana,Diphysa americana,DIPHRO
AZ016,AZGEN016,27.5,19,6.05,1,Lamiaceae,Tectona,grandis,Tectona grandis,TECTGR
AZ016,AZGEN016,27.5,29.4,9.36,2,Lamiaceae,Tectona,grandis,Tectona grandis,TECTGR
AZ016,AZGEN016,32,42,13.37,1,Lamiaceae,Tectona,grandis,Tectona grandis,TECTGR
AZ016,AZGEN016,32,17,5.41,2,Lamiaceae,Tectona,grandis,Tectona grandis,TECTGR
AZ016,AZGEN016,32,19,6.05,3,Lamiaceae,Tectona,grandis,Tectona grandis,TECTGR
AZ016,AZGEN016,32,55,17.51,4,Lamiaceae,Tectona,grandis,Tectona grandis,TECTGR
AZ016,AZGEN016,32,14,4.46,5,Lamiaceae,Tectona,grandis,Tectona grandis,TECTGR
AZ016,AZGEN016,32,38,12.1,6,Lamiaceae,Tectona,grandis,Tectona grandis,TECTGR
AZ016,AZGEN016,32,18,5.73,7,Lamiaceae,Tectona,grandis,Tectona grandis,TECTGR
AZ016,AZGEN016,32,36,11.46,8,Lamiaceae,Tectona,grandis,Tectona grandis,TECTGR
AZ016,AZGEN016,32,33.5,10.66,9,Lamiaceae,Tectona,grandis,Tectona grandis,TECTGR
AZ016,AZGEN016,32,16,5.09,10,Lamiaceae,Tectona,grandis,Tectona grandis,TECTGR
AZ016,AZGEN016,32,21,6.68,11,Lamiaceae,Tectona,grandis,Tectona grandis,TECTGR
AZ016,AZGEN016,40,45,14.32,1,Lamiaceae,Tectona,grandis,Tectona grandis,TECTGR
AZ016,AZGEN016,40,13,4.14,2,Lamiaceae,Tectona,grandis,Tectona grandis,TECTGR
AZ016,AZGEN016,43,38,12.1,1,Lamiaceae,Tectona,grandis,Tectona grandis,TECTGR
AZ016,AZGEN016,48,18,5.73,1,Lamiaceae,Tectona,grandis,Tectona grandis,TECTGR
AZ016,AZGEN016,48,11,3.5,2,Lamiaceae,Tectona,grandis,Tectona grandis,TECTGR
AZ017,AZGEN017,5.1,25.2,8.02,1,Lamiaceae,Tectona,grandis,Tectona grandis,TECTGR
AZ017,AZGEN017,9,42,13.37,1,Lamiaceae,Tectona,grandis,Tectona grandis,TECTGR
AZ017,AZGEN017,11.9,20.8,6.62,1,Lamiaceae,Tectona,grandis,Tectona grandis,TECTGR
AZ017,AZGEN017,47.15,62,19.74,1,Lamiaceae,Tectona,grandis,Tectona grandis,TECTGR
AZ018,AZGEN018,5.1,72,22.92,1,Lamiaceae,Tectona,grandis,Tectona grandis,TECTGR
AZ018,AZGEN018,8.3,81,25.78,1,Lamiaceae,Tectona,grandis,Tectona grandis,TECTGR
AZ018,AZGEN018,15.8,83,26.42,1,Lamiaceae,Tectona,grandis,Tectona grandis,TECTGR
AZ018,AZGEN018,15.8,9.6,3.06,2,Lamiaceae,Tectona,grandis,Tectona grandis,TECTGR
AZ018,AZGEN018,27.3,50.8,16.17,1,Burseraceae,Bursera,simaruba,Bursera simaruba,BURSSI
AZ018,AZGEN018,28,23,7.32,1,Burseraceae,Bursera,simaruba,Bursera simaruba,BURSSI
AZ018,AZGEN018,29.6,19.4,6.18,1,Burseraceae,Bursera,simaruba,Bursera simaruba,BURSSI
AZ018,AZGEN018,31,25.6,8.15,1,Malvaceae,Guazuma,ulmifolia,Guazuma ulmifolia,GUAZUL
AZ018,AZGEN018,31,16.4,5.22,2,Malvaceae,Guazuma,ulmifolia,Guazuma ulmifolia,GUAZUL
AZ018,AZGEN018,33.3,34,10.82,1,Malvaceae,Guazuma,ulmifolia,Guazuma ulmifolia,GUAZUL
AZ018,AZGEN018,34,28,8.91,1,Lamiaceae,Tectona,grandis,Tectona grandis,TECTGR
AZ018,AZGEN018,38,34.4,10.95,1,Lamiaceae,Tectona,grandis,Tectona grandis,TECTGR
AZ019,AZGEN019,2.3,12.6,4.01,1,Meliaceae,Swietenia,macrophylla,Swietenia macrophylla,SWIEMA
AZ019,AZGEN019,13.2,35,11.14,1,Fabaceae,Samanea,saman,Samanea saman,SAMASA
AZ019,AZGEN019,13.2,29.2,9.29,2,Fabaceae,Samanea,saman,Samanea saman,SAMASA
AZ019,AZGEN019,19.2,7.8,2.48,1,Fabaceae,Dalbergia,retusa,Dalbergia retusa,DALBRE
AZ019,AZGEN019,39.75,77.2,24.57,1,Lamiaceae,Tectona,grandis,Tectona grandis,TECTGR
AZ020,AZGEN020,1.7,144.2,45.9,1,Lamiaceae,Tectona,grandis,Tectona grandis,TECTGR
AZ020,AZGEN020,2.1,9.8,3.12,1,Lamiaceae,Tectona,grandis,Tectona grandis,TECTGR
AZ020,AZGEN020,29.3,134,42.65,1,Bixaceae,Cochlospermum,vitifolium,Cochlospermum vitifolium,COCHVI
AZ020,AZGEN020,29.3,47.2,15.02,2,Bixaceae,Cochlospermum,vitifolium,Cochlospermum vitifolium,COCHVI
AZ020,AZGEN020,39.2,25.6,8.15,1,Fabaceae,Dalbergia,retusa,Dalbergia retusa,DALBRE
AZ020,AZGEN020,39.2,18.6,5.92,2,Fabaceae,Dalbergia,retusa,Dalbergia retusa,DALBRE
AZ021,AZGEN021,1.7,15.6,4.97,1,Euphorbiaceae,Hura,crepitans,Hura crepitans,HURACR
AZ021,AZGEN021,3.6,114.2,36.35,1,Malpighiaceae,Byrsonima,crassifolia,Byrsonima crassifolia,BYRSCR
AZ021,AZGEN021,3.6,37.2,11.84,1,Boraginaceae,Cordia,alliodora,Cordia alliodora,CORDAL
AZ021,AZGEN021,6.5,7.8,2.48,1,Burseraceae,Bursera,simaruba,Bursera simaruba,BURSSI
AZ021,AZGEN021,7.7,8.6,2.74,1,Fabaceae,Vachellia,collinsii,Vachellia collinsii,ACACCO
AZ021,AZGEN021,10.6,12.6,4.01,1,Anacardiaceae,Astronium,graveolens,Astronium graveolens,AST2GR
AZ021,AZGEN021,14.6,9.4,2.99,1,Fabaceae,Vachellia,collinsii,Vachellia collinsii,ACACCO
AZ021,AZGEN021,17.3,8.4,2.67,1,Malvaceae,Guazuma,ulmifolia,Guazuma ulmifolia,GUAZUL
AZ021,AZGEN021,18,10,3.18,1,Lamiaceae,Aegiphila,deppeana,Aegiphila deppeana,
AZ021,AZGEN021,20.4,7.8,2.48,1,Lamiaceae,Aegiphila,deppeana,Aegiphila deppeana,
AZ021,AZGEN021,20.4,8.8,2.8,2,Lamiaceae,Aegiphila,deppeana,Aegiphila deppeana,
AZ021,AZGEN021,22.9,15,4.77,1,Malvaceae,Luehea,seemannii,Luehea seemannii,LUEHSE
AZ021,AZGEN021,23.5,27,8.59,1,Rubiaceae,Calycophyllum,candidissimum,Calycophyllum candidissimum,CAL2CA
AZ021,AZGEN021,23.5,15.8,5.03,2,Rubiaceae,Calycophyllum,candidissimum,Calycophyllum candidissimum,CAL2CA
AZ021,AZGEN021,24.6,33.6,10.7,1,Boraginaceae,Cordia,alliodora,Cordia alliodora,CORDAL
AZ021,AZGEN021,24.6,12.8,4.07,2,Boraginaceae,Cordia,alliodora,Cordia alliodora,CORDAL
AZ021,AZGEN021,24.6,10.6,3.37,1,Fabaceae,Pithecellobium,hymenaeifolium,Pithecellobium hymenaeifolium,PIT1HY
AZ021,AZGEN021,30.8,43.6,13.88,1,Lamiaceae,Gmelina,arborea,Gmelina arborea,GMELAR
AZ021,AZGEN021,32,20,6.37,1,Fabaceae,Machaerium,isadelphum,Machaerium isadelphum,
AZ021,AZGEN021,32,14,4.46,2,Fabaceae,Machaerium,isadelphum,Machaerium isadelphum,
AZ021,AZGEN021,32,13,4.14,3,Fabaceae,Machaerium,isadelphum,Machaerium isadelphum,
AZ021,AZGEN021,35,8.6,2.74,1,Asteraceae,Vernonanthura,patens,Vernonanthura patens,VERNPA
AZ021,AZGEN021,43,33.2,10.57,1,Malvaceae,Guazuma,ulmifolia,Guazuma ulmifolia,GUAZUL
AZ021,AZGEN021,43,24,7.64,2,Malvaceae,Guazuma,ulmifolia,Guazuma ulmifolia,GUAZUL
AZ021,AZGEN021,43,15.2,4.84,3,Malvaceae,Guazuma,ulmifolia,Guazuma ulmifolia,GUAZUL
AZ021,AZGEN021,43.2,20.5,6.53,1,Malvaceae,Guazuma,ulmifolia,Guazuma ulmifolia,GUAZUL
AZ021,AZGEN021,43.2,42.4,13.5,2,Malvaceae,Guazuma,ulmifolia,Guazuma ulmifolia,GUAZUL
AZ021,AZGEN021,44,13,4.14,1,Burseraceae,Bursera,simaruba,Bursera simaruba,BURSSI
AZ022,AZGEN022,2.8,8,2.55,1,Fabaceae,Pithecellobium,hymenaeifolium,Pithecellobium hymenaeifolium,PIT1HY
AZ022,AZGEN022,4.6,15,4.77,1,Fabaceae,Vachellia,collinsii,Vachellia collinsii,ACACCO
AZ022,AZGEN022,4.8,23.2,7.38,1,Burseraceae,Bursera,simaruba,Bursera simaruba,BURSSI
AZ022,AZGEN022,5.3,17.4,5.54,1,Rubiaceae,Genipa,americana,Genipa americana,GENIAM
AZ022,AZGEN022,6.5,16.6,5.28,1,Malvaceae,Guazuma,ulmifolia,Guazuma ulmifolia,GUAZUL
AZ022,AZGEN022,6.5,11,3.5,2,Malvaceae,Guazuma,ulmifolia,Guazuma ulmifolia,GUAZUL
AZ022,AZGEN022,6.5,10.4,3.31,3,Malvaceae,Guazuma,ulmifolia,Guazuma ulmifolia,GUAZUL
AZ022,AZGEN022,6.5,9,2.86,4,Malvaceae,Guazuma,ulmifolia,Guazuma ulmifolia,GUAZUL
AZ022,AZGEN022,9,28,8.91,1,Burseraceae,Bursera,simaruba,Bursera simaruba,BURSSI
AZ022,AZGEN022,9,11.2,3.57,1,Fabaceae,Pithecellobium,hymenaeifolium,Pithecellobium hymenaeifolium,PIT1HY
AZ022,AZGEN022,9.4,9,2.86,1,Fabaceae,Pithecellobium,hymenaeifolium,Pithecellobium hymenaeifolium,PIT1HY
AZ022,AZGEN022,10.8,21.6,6.88,1,Malvaceae,Guazuma,ulmifolia,Guazuma ulmifolia,GUAZUL
AZ022,AZGEN022,16.6,24.4,7.77,1,Malvaceae,Guazuma,ulmifolia,Guazuma ulmifolia,GUAZUL
AZ022,AZGEN022,24.7,24.2,7.7,1,Boraginaceae,Cordia,alliodora,Cordia alliodora,CORDAL
AZ022,AZGEN022,24.9,14,4.46,1,Lamiaceae,Aegiphila,deppeana,Aegiphila deppeana,
AZ022,AZGEN022,24.9,13,4.14,2,Lamiaceae,Aegiphila,deppeana,Aegiphila deppeana,
AZ022,AZGEN022,27,14.4,4.58,1,Rubiaceae,Genipa,americana,Genipa americana,GENIAM
AZ022,AZGEN022,27,11.6,3.69,2,Rubiaceae,Genipa,americana,Genipa americana,GENIAM
AZ022,AZGEN022,27,11,3.5,3,Rubiaceae,Genipa,americana,Genipa americana,GENIAM
AZ022,AZGEN022,28.1,8.2,2.61,1,Lamiaceae,Aegiphila,deppeana,Aegiphila deppeana,
AZ022,AZGEN022,28.1,17.6,5.6,1,Rubiaceae,Genipa,americana,Genipa americana,GENIAM
AZ022,AZGEN022,29.2,12,3.82,1,Fabaceae,Samanea,saman,Samanea saman,SAMASA
AZ022,AZGEN022,33.6,27,8.59,1,Burseraceae,Bursera,simaruba,Bursera simaruba,BURSSI
AZ022,AZGEN022,35.6,22.6,7.19,1,Rubiaceae,Genipa,americana,Genipa americana,GENIAM
AZ022,AZGEN022,35.6,9.2,2.93,2,Rubiaceae,Genipa,americana,Genipa americana,GENIAM
AZ022,AZGEN022,38.3,10,3.18,1,Lamiaceae,Aegiphila,deppeana,Aegiphila deppeana,
AZ022,AZGEN022,42.8,12.2,3.88,1,Rubiaceae,Calycophyllum,candidissimum,Calycophyllum candidissimum,CAL2CA
AZ022,AZGEN022,42.8,10.1,3.21,2,Rubiaceae,Calycophyllum,candidissimum,Calycophyllum candidissimum,CAL2CA
AZ022,AZGEN022,43.7,8,2.55,1,Asteraceae,Vernonanthura,patens,Vernonanthura patens,VERNPA
AZ022,AZGEN022,45.2,10.2,3.25,1,Rubiaceae,Calycophyllum,candidissimum,Calycophyllum candidissimum,CAL2CA
AZ022,AZGEN022,46.3,8.2,2.61,1,Rubiaceae,Genipa,americana,Genipa americana,GENIAM
AZ022,AZGEN022,48.2,16.8,5.35,1,Anacardiaceae,Astronium,graveolens,Astronium graveolens,AST2GR
AZ022,AZGEN022,49.8,7.8,2.48,1,Malpighiaceae,Byrsonima,crassifolia,Byrsonima crassifolia,BYRSCR
AZ023,AZGEN023,1.3,14.2,4.52,1,Rubiaceae,Rondeletia,hameliifolia,Rondeletia hameliifolia,RONDHA
AZ023,AZGEN023,1.3,12.8,4.07,2,Rubiaceae,Rondeletia,hameliifolia,Rondeletia hameliifolia,RONDHA
AZ023,AZGEN023,1.3,9,2.86,3,Rubiaceae,Rondeletia,hameliifolia,Rondeletia hameliifolia,RONDHA
AZ023,AZGEN023,3.9,20,6.37,1,Burseraceae,Bursera,simaruba,Bursera simaruba,BURSSI
AZ023,AZGEN023,7.4,38,12.1,1,Malvaceae,Guazuma,ulmifolia,Guazuma ulmifolia,GUAZUL
AZ023,AZGEN023,13.85,13,4.14,1,Malvaceae,Guazuma,ulmifolia,Guazuma ulmifolia,GUAZUL
AZ023,AZGEN023,19.2,13.8,4.39,1,Burseraceae,Bursera,simaruba,Bursera simaruba,BURSSI
AZ023,AZGEN023,24.5,19,6.05,1,Fabaceae,Samanea,saman,Samanea saman,SAMASA
AZ023,AZGEN023,28.5,10,3.18,1,Boraginaceae,Cordia,alliodora,Cordia alliodora,CORDAL
AZ023,AZGEN023,36.1,8.8,2.8,1,Burseraceae,Bursera,simaruba,Bursera simaruba,BURSSI
AZ023,AZGEN023,37.8,10.4,3.31,1,Fabaceae,Pithecellobium,hymenaeifolium,Pithecellobium hymenaeifolium,PIT1HY
AZ023,AZGEN023,37.8,14.6,4.65,2,Fabaceae,Pithecellobium,hymenaeifolium,Pithecellobium hymenaeifolium,PIT1HY
AZ023,AZGEN023,43.3,12.2,3.88,1,Lamiaceae,Aegiphila,deppeana,Aegiphila deppeana,
AZ023,AZGEN023,43.3,12,3.82,1,Rubiaceae,Genipa,americana,Genipa americana,GENIAM
AZ023,AZGEN023,45.54,8.8,2.8,1,Rutaceae,Zanthoxylum,setulosum,Zanthoxylum setulosum,ZANTSE
AZ024,AZGEN024,5.35,10.2,3.25,1,Apocynaceae,Plumeria,rubra,Plumeria rubra,PLUMAC
AZ024,AZGEN024,7.38,17,5.41,1,Rubiaceae,Calycophyllum,candidissimum,Calycophyllum candidissimum,CAL2CA
AZ024,AZGEN024,15.2,14.6,4.65,1,Malvaceae,Guazuma,ulmifolia,Guazuma ulmifolia,GUAZUL
AZ024,AZGEN024,17.4,20,6.37,1,Malvaceae,Guazuma,ulmifolia,Guazuma ulmifolia,GUAZUL
AZ024,AZGEN024,33.9,18.6,5.92,1,Malpighiaceae,Byrsonima,crassifolia,Byrsonima crassifolia,BYRSCR
AZ024,AZGEN024,33.9,9.8,3.12,2,Malpighiaceae,Byrsonima,crassifolia,Byrsonima crassifolia,BYRSCR
AZ024,AZGEN024,35.2,31,9.87,1,Rutaceae,Zanthoxylum,setulosum,Zanthoxylum setulosum,ZANTSE
AZ024,AZGEN024,36.4,33,10.5,1,Fabaceae,Samanea,saman,Samanea saman,SAMASA
AZ024,AZGEN024,38.4,31.2,9.93,1,Bixaceae,Cochlospermum,vitifolium,Cochlospermum vitifolium,COCHVI
AZ024,AZGEN024,40.8,16.6,5.28,1,Fabaceae,Gliricidia,sepium,Gliricidia sepium,GLIRSE
AZ024,AZGEN024,40.8,11,3.5,2,Fabaceae,Gliricidia,sepium,Gliricidia sepium,GLIRSE
AZ024,AZGEN024,40.8,8.2,2.61,3,Fabaceae,Gliricidia,sepium,Gliricidia sepium,GLIRSE
AZ024,AZGEN024,41.7,10,3.18,1,Fabaceae,Gliricidia,sepium,Gliricidia sepium,GLIRSE
AZ024,AZGEN024,46.9,11.2,3.57,1,Rutaceae,Zanthoxylum,setulosum,Zanthoxylum setulosum,ZANTSE
AZ024,AZGEN024,48.3,24.6,7.83,1,Malvaceae,Guazuma,ulmifolia,Guazuma ulmifolia,GUAZUL
AZ025,AZGEN025,12,83.6,26.61,1,Bignoniaceae,Tabebuia,rosea,Tabebuia rosea,TAB1RO
AZ025,AZGEN025,29,12,3.82,1,Fabaceae,Vachellia,collinsii,Vachellia collinsii,ACACCO
AZ025,AZGEN025,29,16.6,5.28,2,Fabaceae,Vachellia,collinsii,Vachellia collinsii,ACACCO
AZ025,AZGEN025,30,14,4.46,1,Myrtaceae,Psidium,guajava,Psidium guajava,PSIDGU
AZ025,AZGEN025,30,9,2.86,2,Myrtaceae,Psidium,guajava,Psidium guajava,PSIDGU
AZ025,AZGEN025,32,230,73.21,1,Malvaceae,Pochota,fendleri,Pochota fendleri,POCHQU
AZ025,AZGEN025,36,295,93.9,1,Anacardiaceae,Spondias,mombin,Spondias mombin,SPONMO
AZ025,AZGEN025,48.5,97,30.88,1,Rubiaceae,Calycophyllum,candidissimum,Calycophyllum candidissimum,CAL2CA
AZ025,AZGEN025,48.5,98,31.19,2,Rubiaceae,Calycophyllum,candidissimum,Calycophyllum candidissimum,CAL2CA
AZ025,AZGEN025,48.5,100,31.83,3,Rubiaceae,Calycophyllum,candidissimum,Calycophyllum candidissimum,CAL2CA
AZ025,AZGEN025,48.5,68,21.65,4,Rubiaceae,Calycophyllum,candidissimum,Calycophyllum candidissimum,CAL2CA
AZ026,AZGEN026,5,21,6.68,1,Sapotaceae,Pouteria,campechiana,Pouteria campechiana,POUTCA
AZ026,AZGEN026,6,18,5.73,1,Apocynaceae,Tabernaemontana,grandiflora,Tabernaemontana grandiflora,STEMGR
AZ026,AZGEN026,6,35,11.14,1,Anacardiaceae,Anacardium,excelsum,Anacardium excelsum,ANACEX
AZ026,AZGEN026,6,11,3.5,2,Anacardiaceae,Anacardium,excelsum,Anacardium excelsum,ANACEX
AZ026,AZGEN026,12,9,2.86,1,Fabaceae,Vachellia,collinsii,Vachellia collinsii,ACACCO
AZ026,AZGEN026,15,20,6.37,1,Fabaceae,Vachellia,collinsii,Vachellia collinsii,ACACCO
AZ026,AZGEN026,15,12,3.82,1,Fabaceae,Vachellia,collinsii,Vachellia collinsii,ACACCO
AZ026,AZGEN026,16,14.5,4.62,1,Fabaceae,Vachellia,collinsii,Vachellia collinsii,ACACCO
AZ026,AZGEN026,18,14,4.46,1,Apocynaceae,Thevetia,ahouai,Thevetia ahouai,THEVAH
AZ026,AZGEN026,21,124,39.47,1,Rutaceae,Zanthoxylum,setulosum,Zanthoxylum setulosum,ZANTSE
AZ026,AZGEN026,23,64,20.37,1,Euphorbiaceae,Hura,crepitans,Hura crepitans,HURACR
AZ026,AZGEN026,30,34,10.82,1,Annonaceae,Annona,purpurea,Annona purpurea,ANNOPU
AZ026,AZGEN026,34,19,6.05,1,Malvaceae,Guazuma,ulmifolia,Guazuma ulmifolia,GUAZUL
AZ026,AZGEN026,34,67,21.33,2,Malvaceae,Guazuma,ulmifolia,Guazuma ulmifolia,GUAZUL
AZ027,AZGEN027,19.4,85,27.06,1,Malvaceae,Guazuma,ulmifolia,Guazuma ulmifolia,GUAZUL
AZ027,AZGEN027,19.4,33.2,10.57,2,Malvaceae,Guazuma,ulmifolia,Guazuma ulmifolia,GUAZUL
AZ027,AZGEN027,20,64.4,20.5,1,Malvaceae,Guazuma,ulmifolia,Guazuma ulmifolia,GUAZUL
AZ027,AZGEN027,21,66,21.01,1,Malvaceae,Guazuma,ulmifolia,Guazuma ulmifolia,GUAZUL
AZ027,AZGEN027,21.5,30.5,9.71,1,Bignoniaceae,Crescentia,cujete,Crescentia cujete,CRESCU
AZ027,AZGEN027,21.5,21,6.68,2,Bignoniaceae,Crescentia,cujete,Crescentia cujete,CRESCU
AZ027,AZGEN027,21.5,50,15.92,3,Bignoniaceae,Crescentia,cujete,Crescentia cujete,CRESCU
AZ027,AZGEN027,21.5,53,16.87,4,Bignoniaceae,Crescentia,cujete,Crescentia cujete,CRESCU
AZ027,AZGEN027,21.5,28,8.91,5,Bignoniaceae,Crescentia,cujete,Crescentia cujete,CRESCU
AZ027,AZGEN027,21.5,19,6.05,6,Bignoniaceae,Crescentia,cujete,Crescentia cujete,CRESCU
AZ030,AZGEN030,21,53,16.87,1,Fabaceae,Andira,inermis,Andira inermis,ANDIIN
AZ030,AZGEN030,21,122,38.83,2,Fabaceae,Andira,inermis,Andira inermis,ANDIIN
AZ030,AZGEN030,21,117,37.24,3,Fabaceae,Andira,inermis,Andira inermis,ANDIIN
AZ030,AZGEN030,21,40,12.73,4,Fabaceae,Andira,inermis,Andira inermis,ANDIIN
AZ030,AZGEN030,21,123,39.15,5,Fabaceae,Andira,inermis,Andira inermis,ANDIIN
AZ030,AZGEN030,36,101,32.15,1,Malvaceae,Guazuma,ulmifolia,Guazuma ulmifolia,GUAZUL
AZ030,AZGEN030,36,136,43.29,2,Malvaceae,Guazuma,ulmifolia,Guazuma ulmifolia,GUAZUL
AZ030,AZGEN030,36,126,40.11,3,Malvaceae,Guazuma,ulmifolia,Guazuma ulmifolia,GUAZUL
AZ030,AZGEN030,36,108,34.38,4,Malvaceae,Guazuma,ulmifolia,Guazuma ulmifolia,GUAZUL
AZ030,AZGEN030,36,110,35.01,5,Malvaceae,Guazuma,ulmifolia,Guazuma ulmifolia,GUAZUL
AZ030,AZGEN030,40,4,1.27,1,Annonaceae,Annona,purpurea,Annona purpurea,ANNOPU
AZ030,AZGEN030,40,21.5,6.84,2,Annonaceae,Annona,purpurea,Annona purpurea,ANNOPU
AZ030,AZGEN030,40,13,4.14,3,Annonaceae,Annona,purpurea,Annona purpurea,ANNOPU
AZ030,AZGEN030,40,17,5.41,4,Annonaceae,Annona,purpurea,Annona purpurea,ANNOPU
AZ030,AZGEN030,40,12,3.82,5,Annonaceae,Annona,purpurea,Annona purpurea,ANNOPU
AZ030,AZGEN030,40,8,2.55,6,Annonaceae,Annona,purpurea,Annona purpurea,ANNOPU
AZ031,AZGEN031,15.4,55.2,17.57,1,Anacardiaceae,Anacardium,excelsum,Anacardium excelsum,ANACEX
AZ031,AZGEN031,15.4,17,5.41,2,Anacardiaceae,Anacardium,excelsum,Anacardium excelsum,ANACEX
AZ031,AZGEN031,18,13,4.14,1,Polygonaceae,Coccoloba,caracasana,Coccoloba caracasana,COCCCA
AZ031,AZGEN031,19,10,3.18,1,Bignoniaceae,Tabebuia,rosea,Tabebuia rosea,TAB1RO
AZ031,AZGEN031,19,28,8.91,2,Bignoniaceae,Tabebuia,rosea,Tabebuia rosea,TAB1RO
AZ031,AZGEN031,26,56,17.83,1,Euphorbiaceae,Hura,crepitans,Hura crepitans,HURACR
AZ031,AZGEN031,41.5,243,77.35,1,Euphorbiaceae,Hura,crepitans,Hura crepitans,HURACR
AZ031,AZGEN031,50,308,98.04,1,Fabaceae,Pseudalbizzia,adinocephala,Pseudalbizzia adinocephala,ALBIAD
AZ032,AZGEN032,1,22.2,7.07,1,Apocynaceae,Tabernaemontana,grandiflora,Tabernaemontana grandiflora,STEMGR
AZ032,AZGEN032,14,16,5.09,1,Acanthaceae,Trichanthera,gigantea,Trichanthera gigantea,TRI1GI
AZ032,AZGEN032,14,12.4,3.95,2,Acanthaceae,Trichanthera,gigantea,Trichanthera gigantea,TRI1GI
AZ032,AZGEN032,14,48.6,15.47,3,Acanthaceae,Trichanthera,gigantea,Trichanthera gigantea,TRI1GI
AZ032,AZGEN032,14,8.8,2.8,4,Acanthaceae,Trichanthera,gigantea,Trichanthera gigantea,TRI1GI
AZ032,AZGEN032,14,23,7.32,5,Acanthaceae,Trichanthera,gigantea,Trichanthera gigantea,TRI1GI
AZ032,AZGEN032,14,12,3.82,6,Acanthaceae,Trichanthera,gigantea,Trichanthera gigantea,TRI1GI
AZ032,AZGEN032,14,12,3.82,7,Acanthaceae,Trichanthera,gigantea,Trichanthera gigantea,TRI1GI
AZ032,AZGEN032,18,18.2,5.79,1,Acanthaceae,Trichanthera,gigantea,Trichanthera gigantea,TRI1GI
AZ032,AZGEN032,18,18,5.73,2,Acanthaceae,Trichanthera,gigantea,Trichanthera gigantea,TRI1GI
AZ032,AZGEN032,18,9,2.86,3,Acanthaceae,Trichanthera,gigantea,Trichanthera gigantea,TRI1GI
AZ032,AZGEN032,18,12,3.82,4,Acanthaceae,Trichanthera,gigantea,Trichanthera gigantea,TRI1GI
AZ032,AZGEN032,18,26,8.28,5,Acanthaceae,Trichanthera,gigantea,Trichanthera gigantea,TRI1GI
AZ032,AZGEN032,18,27,8.59,6,Acanthaceae,Trichanthera,gigantea,Trichanthera gigantea,TRI1GI
AZ032,AZGEN032,18,12,3.82,1,Rubiaceae,Calycophyllum,candidissimum,Calycophyllum candidissimum,CAL2CA
AZ032,AZGEN032,18,13,4.14,2,Rubiaceae,Calycophyllum,candidissimum,Calycophyllum candidissimum,CAL2CA
AZ032,AZGEN032,18.5,147,46.79,1,Malvaceae,Luehea,seemannii,Luehea seemannii,LUEHSE
AZ032,AZGEN032,29,242,77.03,1,Euphorbiaceae,Hura,crepitans,Hura crepitans,HURACR
AZ032,AZGEN032,28,18,5.73,1,Bignoniaceae,Tabebuia,rosea,Tabebuia rosea,TAB1RO
AZ032,AZGEN032,43,320,101.86,1,Fabaceae,Enterolobium,cyclocarpum,Enterolobium cyclocarpum,ENTECY
AZ034,AZGEN034,0.92,27.6,8.79,1,Rubiaceae,Calycophyllum,candidissimum,Calycophyllum candidissimum,CAL2CA
AZ034,AZGEN034,4,8.8,2.8,1,Boraginaceae,Cordia,alliodora,Cordia alliodora,CORDAL
AZ034,AZGEN034,6.9,15.2,4.84,1,Rubiaceae,Alibertia,edulis,Alibertia edulis,ALIBED
AZ034,AZGEN034,6.9,14.6,4.65,2,Rubiaceae,Alibertia,edulis,Alibertia edulis,ALIBED
AZ034,AZGEN034,6.9,12,3.82,3,Rubiaceae,Alibertia,edulis,Alibertia edulis,ALIBED
AZ034,AZGEN034,6.9,10.4,3.31,4,Rubiaceae,Alibertia,edulis,Alibertia edulis,ALIBED
AZ034,AZGEN034,6.9,8.6,2.74,5,Rubiaceae,Alibertia,edulis,Alibertia edulis,ALIBED
AZ034,AZGEN034,7.2,17,5.41,1,Rubiaceae,Randia,armata,Randia armata,RANDAR
AZ034,AZGEN034,7.2,11.2,3.57,2,Rubiaceae,Randia,armata,Randia armata,RANDAR
AZ034,AZGEN034,7.2,9.4,2.99,3,Rubiaceae,Randia,armata,Randia armata,RANDAR
AZ034,AZGEN034,12.7,26,8.28,1,Rutaceae,Zanthoxylum,setulosum,Zanthoxylum setulosum,ZANTSE
AZ034,AZGEN034,13.4,8.6,2.74,1,Rubiaceae,Posoqueria,latifolia,Posoqueria latifolia,POSOLA
AZ034,AZGEN034,15,9.4,2.99,1,Malvaceae,Heliocarpus,americanus,Heliocarpus americanus,HELIAM
AZ034,AZGEN034,15,9.2,2.93,2,Malvaceae,Heliocarpus,americanus,Heliocarpus americanus,HELIAM
AZ034,AZGEN034,15,8.6,2.74,3,Malvaceae,Heliocarpus,americanus,Heliocarpus americanus,HELIAM
AZ034,AZGEN034,20.2,16.2,5.16,1,Rubiaceae,Randia,armata,Randia armata,RANDAR
AZ034,AZGEN034,22.9,9.8,3.12,1,Malvaceae,Luehea,seemannii,Luehea seemannii,LUEHSE
AZ034,AZGEN034,27.4,59,18.78,1,Malvaceae,Ochroma,pyramidale,Ochroma pyramidale,OCHRPY
AZ034,AZGEN034,30.1,12,3.82,1,Rubiaceae,Posoqueria,latifolia,Posoqueria latifolia,POSOLA
AZ034,AZGEN034,30.1,8.8,2.8,2,Rubiaceae,Posoqueria,latifolia,Posoqueria latifolia,POSOLA
AZ034,AZGEN034,31.2,8.4,2.67,1,Fabaceae,Diphysa,americana,Diphysa americana,DIPHRO
AZ034,AZGEN034,33.2,7.8,2.48,1,Myrtaceae,Myrcia,splendens,Myrcia splendens,MYRCGA
AZ034,AZGEN034,33.3,14.2,4.52,1,Euphorbiaceae,Hura,crepitans,Hura crepitans,HURACR
AZ034,AZGEN034,33.8,8.2,2.61,1,Fabaceae,Pithecellobium,hymenaeifolium,Pithecellobium hymenaeifolium,PIT1HY
AZ034,AZGEN034,38.7,28.2,8.98,1,Malpighiaceae,Byrsonima,crassifolia,Byrsonima crassifolia,BYRSCR
AZ034,AZGEN034,41,21.6,6.88,1,Lamiaceae,Aegiphila,deppeana,Aegiphila deppeana,
AZ034,AZGEN034,42.5,33,10.5,1,Fabaceae,Cojoba,rufescens,Cojoba rufescens,PIT1RU
AZ034,AZGEN034,42.7,15,4.77,1,Araliaceae,Dendropanax,arboreus,Dendropanax arboreus,DENDAR
AZ034,AZGEN034,43.3,8.8,2.8,1,Araliaceae,Dendropanax,arboreus,Dendropanax arboreus,DENDAR
AZ034,AZGEN034,47.3,17.4,5.54,1,Bignoniaceae,Bignonia,aequinoctialis,Bignonia aequinoctialis,
AZ034,AZGEN034,47.3,13.6,4.33,2,Bignoniaceae,Bignonia,aequinoctialis,Bignonia aequinoctialis,
AZ034,AZGEN034,47.4,38,12.1,1,Rubiaceae,Rondeletia,hameliifolia,Rondeletia hameliifolia,RONDHA
AZ034,AZGEN034,49.9,10,3.18,1,Rubiaceae,Rondeletia,hameliifolia,Rondeletia hameliifolia,RONDHA
AZ035,AZGEN035,1,9.5,3.02,1,Polygonaceae,Coccoloba,caracasana,Coccoloba caracasana,COCCCA
AZ035,AZGEN035,1,12,3.82,2,Polygonaceae,Coccoloba,caracasana,Coccoloba caracasana,COCCCA
AZ035,AZGEN035,1,7.5,2.39,3,Polygonaceae,Coccoloba,caracasana,Coccoloba caracasana,COCCCA
AZ035,AZGEN035,1,10,3.18,4,Polygonaceae,Coccoloba,caracasana,Coccoloba caracasana,COCCCA
AZ035,AZGEN035,1,13,4.14,5,Polygonaceae,Coccoloba,caracasana,Coccoloba caracasana,COCCCA
AZ035,AZGEN035,1,10,3.18,6,Polygonaceae,Coccoloba,caracasana,Coccoloba caracasana,COCCCA
AZ035,AZGEN035,1,15.5,4.93,7,Polygonaceae,Coccoloba,caracasana,Coccoloba caracasana,COCCCA
AZ035,AZGEN035,1,11,3.5,8,Polygonaceae,Coccoloba,caracasana,Coccoloba caracasana,COCCCA
AZ035,AZGEN035,1,15,4.77,9,Polygonaceae,Coccoloba,caracasana,Coccoloba caracasana,COCCCA
AZ035,AZGEN035,1,11,3.5,10,Polygonaceae,Coccoloba,caracasana,Coccoloba caracasana,COCCCA
AZ035,AZGEN035,1,7,2.23,11,Polygonaceae,Coccoloba,caracasana,Coccoloba caracasana,COCCCA
AZ035,AZGEN035,1,6.5,2.07,12,Polygonaceae,Coccoloba,caracasana,Coccoloba caracasana,COCCCA
AZ035,AZGEN035,1,9,2.86,13,Polygonaceae,Coccoloba,caracasana,Coccoloba caracasana,COCCCA
AZ035,AZGEN035,1,10,3.18,14,Polygonaceae,Coccoloba,caracasana,Coccoloba caracasana,COCCCA
AZ035,AZGEN035,1.2,45,14.32,1,Malpighiaceae,Byrsonima,crassifolia,Byrsonima crassifolia,BYRSCR
AZ035,AZGEN035,41.6,11,3.5,1,Rubiaceae,Genipa,americana,Genipa americana,GENIAM
AZ035,AZGEN035,41.6,14.1,4.49,2,Rubiaceae,Genipa,americana,Genipa americana,GENIAM
AZ035,AZGEN035,41.6,11,3.5,3,Rubiaceae,Genipa,americana,Genipa americana,GENIAM
AZ035,AZGEN035,41.6,29,9.23,4,Rubiaceae,Genipa,americana,Genipa americana,GENIAM
AZ035,AZGEN035,41.6,24.5,7.8,5,Rubiaceae,Genipa,americana,Genipa americana,GENIAM
AZ035,AZGEN035,41.6,10,3.18,6,Rubiaceae,Genipa,americana,Genipa americana,GENIAM
AZ035,AZGEN035,41.6,29.1,9.26,7,Rubiaceae,Genipa,americana,Genipa americana,GENIAM
AZ035,AZGEN035,41.6,23,7.32,8,Rubiaceae,Genipa,americana,Genipa americana,GENIAM
AZ035,AZGEN035,41.6,9,2.86,9,Rubiaceae,Genipa,americana,Genipa americana,GENIAM
AZ035,AZGEN035,42.6,9,2.86,1,Fabaceae,Vachellia,collinsii,Vachellia collinsii,ACACCO
AZ035,AZGEN035,43.1,13,4.14,1,Fabaceae,Vachellia,collinsii,Vachellia collinsii,ACACCO
AZ035,AZGEN035,43.2,5,1.59,1,Fabaceae,Senna,hayesiana,Senna hayesiana,SENNHA
AZ035,AZGEN035,43.2,5,1.59,1,Fabaceae,Senna,hayesiana,Senna hayesiana,SENNHA
AZ035,AZGEN035,43.2,6,1.91,2,Fabaceae,Senna,hayesiana,Senna hayesiana,SENNHA
AZ035,AZGEN035,44.6,9,2.86,1,Arecaceae,Bactris,major,Bactris major,BACTMA
AZ035,AZGEN035,44.6,9,2.86,2,Arecaceae,Bactris,major,Bactris major,BACTMA
AZ035,AZGEN035,44.6,9,2.86,3,Arecaceae,Bactris,major,Bactris major,BACTMA
AZ035,AZGEN035,44.6,9,2.86,4,Arecaceae,Bactris,major,Bactris major,BACTMA
AZ035,AZGEN035,44.6,9,2.86,5,Arecaceae,Bactris,major,Bactris major,BACTMA
AZ035,AZGEN035,44.6,9,2.86,6,Arecaceae,Bactris,major,Bactris major,BACTMA
AZ035,AZGEN035,44.6,9,2.86,7,Arecaceae,Bactris,major,Bactris major,BACTMA
AZ035,AZGEN035,44.6,9,2.86,8,Arecaceae,Bactris,major,Bactris major,BACTMA
AZ035,AZGEN035,44.6,9,2.86,9,Arecaceae,Bactris,major,Bactris major,BACTMA
AZ035,AZGEN035,44.6,9,2.86,10,Arecaceae,Bactris,major,Bactris major,BACTMA
AZ035,AZGEN035,44.6,9,2.86,11,Arecaceae,Bactris,major,Bactris major,BACTMA
AZ035,AZGEN035,44.6,9,2.86,12,Arecaceae,Bactris,major,Bactris major,BACTMA
AZ035,AZGEN035,44.6,9,2.86,13,Arecaceae,Bactris,major,Bactris major,BACTMA
AZ035,AZGEN035,44.6,9,2.86,14,Arecaceae,Bactris,major,Bactris major,BACTMA
AZ035,AZGEN035,44.6,9,2.86,15,Arecaceae,Bactris,major,Bactris major,BACTMA
AZ035,AZGEN035,44.6,9,2.86,16,Arecaceae,Bactris,major,Bactris major,BACTMA
AZ035,AZGEN035,44.6,9,2.86,17,Arecaceae,Bactris,major,Bactris major,BACTMA
AZ035,AZGEN035,44.6,9,2.86,18,Arecaceae,Bactris,major,Bactris major,BACTMA
AZ035,AZGEN035,44.6,9,2.86,19,Arecaceae,Bactris,major,Bactris major,BACTMA
AZ035,AZGEN035,44.6,9,2.86,20,Arecaceae,Bactris,major,Bactris major,BACTMA
AZ035,AZGEN035,44.6,9,2.86,21,Arecaceae,Bactris,major,Bactris major,BACTMA
AZ035,AZGEN035,44.6,9,2.86,22,Arecaceae,Bactris,major,Bactris major,BACTMA
AZ035,AZGEN035,44.6,9,2.86,23,Arecaceae,Bactris,major,Bactris major,BACTMA
AZ035,AZGEN035,44.6,9,2.86,24,Arecaceae,Bactris,major,Bactris major,BACTMA
AZ035,AZGEN035,44.6,9,2.86,25,Arecaceae,Bactris,major,Bactris major,BACTMA
AZ035,AZGEN035,44.6,9,2.86,26,Arecaceae,Bactris,major,Bactris major,BACTMA
AZ035,AZGEN035,44.6,9,2.86,27,Arecaceae,Bactris,major,Bactris major,BACTMA
AZ035,AZGEN035,44.6,9,2.86,28,Arecaceae,Bactris,major,Bactris major,BACTMA
AZ035,AZGEN035,44.6,9,2.86,29,Arecaceae,Bactris,major,Bactris major,BACTMA
AZ035,AZGEN035,44.6,9,2.86,30,Arecaceae,Bactris,major,Bactris major,BACTMA
AZ035,AZGEN035,44.6,9,2.86,31,Arecaceae,Bactris,major,Bactris major,BACTMA
AZ035,AZGEN035,44.6,9,2.86,32,Arecaceae,Bactris,major,Bactris major,BACTMA
AZ035,AZGEN035,44.6,9,2.86,33,Arecaceae,Bactris,major,Bactris major,BACTMA
AZ035,AZGEN035,44.6,9,2.86,34,Arecaceae,Bactris,major,Bactris major,BACTMA
AZ035,AZGEN035,44.6,9,2.86,35,Arecaceae,Bactris,major,Bactris major,BACTMA
AZ035,AZGEN035,44.6,9,2.86,36,Arecaceae,Bactris,major,Bactris major,BACTMA
AZ035,AZGEN035,44.6,9,2.86,37,Arecaceae,Bactris,major,Bactris major,BACTMA
AZ035,AZGEN035,44.6,9,2.86,38,Arecaceae,Bactris,major,Bactris major,BACTMA
AZ035,AZGEN035,44.6,9,2.86,39,Arecaceae,Bactris,major,Bactris major,BACTMA
AZ035,AZGEN035,44.6,9,2.86,40,Arecaceae,Bactris,major,Bactris major,BACTMA
AZ035,AZGEN035,44.6,9,2.86,41,Arecaceae,Bactris,major,Bactris major,BACTMA
AZ035,AZGEN035,44.6,9,2.86,42,Arecaceae,Bactris,major,Bactris major,BACTMA
AZ035,AZGEN035,45.7,15.5,4.93,1,Malvaceae,Guazuma,ulmifolia,Guazuma ulmifolia,GUAZUL
AZ035,AZGEN035,45.7,14,4.46,2,Malvaceae,Guazuma,ulmifolia,Guazuma ulmifolia,GUAZUL
AZ035,AZGEN035,45.8,40.5,12.89,1,Fabaceae,Pithecellobium,hymenaeifolium,Pithecellobium hymenaeifolium,PIT1HY
AZ035,AZGEN035,45.8,27,8.59,2,Fabaceae,Pithecellobium,hymenaeifolium,Pithecellobium hymenaeifolium,PIT1HY
AZ035,AZGEN035,45.8,32,10.19,3,Fabaceae,Pithecellobium,hymenaeifolium,Pithecellobium hymenaeifolium,PIT1HY
AZ035,AZGEN035,45.8,49,15.6,4,Fabaceae,Pithecellobium,hymenaeifolium,Pithecellobium hymenaeifolium,PIT1HY
AZ035,AZGEN035,45.8,41,13.05,5,Fabaceae,Pithecellobium,hymenaeifolium,Pithecellobium hymenaeifolium,PIT1HY
AZ035,AZGEN035,45.8,25,7.96,6,Fabaceae,Pithecellobium,hymenaeifolium,Pithecellobium hymenaeifolium,PIT1HY
AZ035,AZGEN035,47.2,7,2.23,1,Arecaceae,Bactris,major,Bactris major,BACTMA
AZ035,AZGEN035,47.2,7,2.23,2,Arecaceae,Bactris,major,Bactris major,BACTMA
AZ035,AZGEN035,47.2,7,2.23,3,Arecaceae,Bactris,major,Bactris major,BACTMA
AZ035,AZGEN035,47.2,7,2.23,4,Arecaceae,Bactris,major,Bactris major,BACTMA
AZ035,AZGEN035,47.2,7,2.23,5,Arecaceae,Bactris,major,Bactris major,BACTMA
AZ035,AZGEN035,47.2,7,2.23,6,Arecaceae,Bactris,major,Bactris major,BACTMA
AZ035,AZGEN035,47.2,7,2.23,7,Arecaceae,Bactris,major,Bactris major,BACTMA
AZ035,AZGEN035,47.2,7,2.23,8,Arecaceae,Bactris,major,Bactris major,BACTMA
AZ035,AZGEN035,47.2,7,2.23,9,Arecaceae,Bactris,major,Bactris major,BACTMA
AZ035,AZGEN035,47.2,7,2.23,10,Arecaceae,Bactris,major,Bactris major,BACTMA
AZ035,AZGEN035,47.2,7,2.23,11,Arecaceae,Bactris,major,Bactris major,BACTMA
AZ035,AZGEN035,47.2,7,2.23,12,Arecaceae,Bactris,major,Bactris major,BACTMA
AZ035,AZGEN035,47.2,7,2.23,13,Arecaceae,Bactris,major,Bactris major,BACTMA
AZ035,AZGEN035,47.2,7,2.23,14,Arecaceae,Bactris,major,Bactris major,BACTMA
AZ035,AZGEN035,47.2,7,2.23,15,Arecaceae,Bactris,major,Bactris major,BACTMA
AZ035,AZGEN035,47.2,7,2.23,16,Arecaceae,Bactris,major,Bactris major,BACTMA
AZ035,AZGEN035,47.2,7,2.23,17,Arecaceae,Bactris,major,Bactris major,BACTMA
AZ035,AZGEN035,47.2,7,2.23,18,Arecaceae,Bactris,major,Bactris major,BACTMA
AZ035,AZGEN035,47.2,7,2.23,19,Arecaceae,Bactris,major,Bactris major,BACTMA
AZ035,AZGEN035,47.2,7,2.23,20,Arecaceae,Bactris,major,Bactris major,BACTMA
AZ035,AZGEN035,47.2,7,2.23,21,Arecaceae,Bactris,major,Bactris major,BACTMA
AZ035,AZGEN035,47.2,7,2.23,22,Arecaceae,Bactris,major,Bactris major,BACTMA
AZ035,AZGEN035,47.2,7,2.23,23,Arecaceae,Bactris,major,Bactris major,BACTMA
AZ035,AZGEN035,47.2,7,2.23,24,Arecaceae,Bactris,major,Bactris major,BACTMA
AZ035,AZGEN035,47.2,7,2.23,25,Arecaceae,Bactris,major,Bactris major,BACTMA
AZ035,AZGEN035,47.2,7,2.23,26,Arecaceae,Bactris,major,Bactris major,BACTMA
AZ035,AZGEN035,47.2,7,2.23,27,Arecaceae,Bactris,major,Bactris major,BACTMA
AZ035,AZGEN035,48.2,58,18.46,1,Fabaceae,Ormosia,coccinea,Ormosia coccinea,ORMOCR
AZ035,AZGEN035,48.2,52,16.55,2,Fabaceae,Ormosia,coccinea,Ormosia coccinea,ORMOCR
AZ035,AZGEN035,48.2,56,17.83,3,Fabaceae,Ormosia,coccinea,Ormosia coccinea,ORMOCR
AZ035,AZGEN035,48.2,57,18.14,4,Fabaceae,Ormosia,coccinea,Ormosia coccinea,ORMOCR
AZ035,AZGEN035,48.4,12,3.82,1,Fabaceae,Vachellia,collinsii,Vachellia collinsii,ACACCO
AZ035,AZGEN035,49.6,35,11.14,1,Polygonaceae,Coccoloba,caracasana,Coccoloba caracasana,COCCCA
AZ035,AZGEN035,49.6,17,5.41,2,Polygonaceae,Coccoloba,caracasana,Coccoloba caracasana,COCCCA
AZ035,AZGEN035,49.6,18,5.73,3,Polygonaceae,Coccoloba,caracasana,Coccoloba caracasana,COCCCA
AZ035,AZGEN035,49.6,14,4.46,4,Polygonaceae,Coccoloba,caracasana,Coccoloba caracasana,COCCCA
AZ035,AZGEN035,49.6,22,7,5,Polygonaceae,Coccoloba,caracasana,Coccoloba caracasana,COCCCA
AZ035,AZGEN035,49.6,27,8.59,6,Polygonaceae,Coccoloba,caracasana,Coccoloba caracasana,COCCCA
AZ035,AZGEN035,49.6,13,4.14,7,Polygonaceae,Coccoloba,caracasana,Coccoloba caracasana,COCCCA
AZ035,AZGEN035,49.6,12.5,3.98,8,Polygonaceae,Coccoloba,caracasana,Coccoloba caracasana,COCCCA
AZ035,AZGEN035,49.6,9,2.86,9,Polygonaceae,Coccoloba,caracasana,Coccoloba caracasana,COCCCA
AZ035,AZGEN035,49.6,38,12.1,10,Polygonaceae,Coccoloba,caracasana,Coccoloba caracasana,COCCCA
AZ036,AZGEN036,1,45,14.32,1,Lamiaceae,Tectona,grandis,Tectona grandis,TECTGR
AZ036,AZGEN036,2.3,73,23.24,1,Lamiaceae,Tectona,grandis,Tectona grandis,TECTGR
AZ036,AZGEN036,5,72,22.92,1,Lamiaceae,Tectona,grandis,Tectona grandis,TECTGR
AZ036,AZGEN036,7.6,9,2.86,1,Malpighiaceae,Byrsonima,crassifolia,Byrsonima crassifolia,BYRSCR
AZ036,AZGEN036,8.9,10,3.18,1,Dilleniaceae,Curatella,americana,Curatella americana,CURAAM
AZ036,AZGEN036,8.9,6,1.91,2,Dilleniaceae,Curatella,americana,Curatella americana,CURAAM
AZ036,AZGEN036,10.2,9,2.86,1,Dilleniaceae,Curatella,americana,Curatella americana,CURAAM
AZ036,AZGEN036,11.1,8.5,2.71,1,Dilleniaceae,Curatella,americana,Curatella americana,CURAAM
AZ036,AZGEN036,11.1,28,8.91,1,Lamiaceae,Tectona,grandis,Tectona grandis,TECTGR
AZ036,AZGEN036,12.4,13,4.14,1,Dilleniaceae,Curatella,americana,Curatella americana,CURAAM
AZ036,AZGEN036,14.6,50.6,16.11,1,Lamiaceae,Tectona,grandis,Tectona grandis,TECTGR
AZ036,AZGEN036,18.6,20,6.37,1,Lamiaceae,Tectona,grandis,Tectona grandis,TECTGR
AZ036,AZGEN036,18.6,26.4,8.4,2,Lamiaceae,Tectona,grandis,Tectona grandis,TECTGR
AZ036,AZGEN036,21.6,72.6,23.11,1,Lamiaceae,Tectona,grandis,Tectona grandis,TECTGR
AZ036,AZGEN036,21.6,105.2,33.49,2,Lamiaceae,Tectona,grandis,Tectona grandis,TECTGR
AZ036,AZGEN036,23.2,10,3.18,1,Fabaceae,Vachellia,collinsii,Vachellia collinsii,ACACCO
AZ036,AZGEN036,26,19,6.05,1,Dilleniaceae,Curatella,americana,Curatella americana,CURAAM
AZ036,AZGEN036,27.8,25,7.96,1,Dilleniaceae,Curatella,americana,Curatella americana,CURAAM
AZ036,AZGEN036,29.7,45,14.32,1,Lamiaceae,Tectona,grandis,Tectona grandis,TECTGR
AZ036,AZGEN036,36.2,19,6.05,1,Lamiaceae,Tectona,grandis,Tectona grandis,TECTGR
AZ036,AZGEN036,37,5,1.59,1,Malvaceae,Pseudobombax,septenatum,Pseudobombax septenatum,PSE1SE
AZ036,AZGEN036,39.6,43,13.69,1,Dilleniaceae,Curatella,americana,Curatella americana,CURAAM
AZ036,AZGEN036,41.2,33,10.5,1,Dilleniaceae,Curatella,americana,Curatella americana,CURAAM
AZ036,AZGEN036,41.2,30,9.55,2,Dilleniaceae,Curatella,americana,Curatella americana,CURAAM
AZ036,AZGEN036,43.6,9,2.86,1,Boraginaceae,Cordia,panamensis,Cordia panamensis,CORDPA
AZ036,AZGEN036,43.6,37,11.78,1,Dilleniaceae,Curatella,americana,Curatella americana,CURAAM
AZ036,AZGEN036,43.8,40,12.73,1,Dilleniaceae,Curatella,americana,Curatella americana,CURAAM
AZ036,AZGEN036,44.6,60,19.1,1,Bixaceae,Cochlospermum,vitifolium,Cochlospermum vitifolium,COCHVI
AZ036,AZGEN036,44.6,50,15.92,2,Bixaceae,Cochlospermum,vitifolium,Cochlospermum vitifolium,COCHVI
AZ036,AZGEN036,47.6,38,12.1,1,Malvaceae,Guazuma,ulmifolia,Guazuma ulmifolia,GUAZUL
AZ036,AZGEN036,47.6,36.5,11.62,2,Malvaceae,Guazuma,ulmifolia,Guazuma ulmifolia,GUAZUL
AZ036,AZGEN036,48.6,38,12.1,1,Malpighiaceae,Byrsonima,crassifolia,Byrsonima crassifolia,BYRSCR
AZ036,AZGEN036,49.8,50,15.92,1,Lamiaceae,Tectona,grandis,Tectona grandis,TECTGR
AZ037,AZGEN037,1,38.5,12.25,1,Lamiaceae,Tectona,grandis,Tectona grandis,TECTGR
AZ037,AZGEN037,2.1,81,25.78,1,Lamiaceae,Tectona,grandis,Tectona grandis,TECTGR
AZ037,AZGEN037,3.2,29,9.23,1,Malpighiaceae,Byrsonima,crassifolia,Byrsonima crassifolia,BYRSCR
AZ037,AZGEN037,3.2,25,7.96,2,Malpighiaceae,Byrsonima,crassifolia,Byrsonima crassifolia,BYRSCR
AZ037,AZGEN037,3.2,19,6.05,3,Malpighiaceae,Byrsonima,crassifolia,Byrsonima crassifolia,BYRSCR
AZ037,AZGEN037,5,62,19.74,1,Lamiaceae,Tectona,grandis,Tectona grandis,TECTGR
AZ037,AZGEN037,5.4,102,32.47,1,Lamiaceae,Tectona,grandis,Tectona grandis,TECTGR
AZ037,AZGEN037,5.4,58,18.46,2,Lamiaceae,Tectona,grandis,Tectona grandis,TECTGR
AZ037,AZGEN037,8.6,97,30.88,1,Lamiaceae,Tectona,grandis,Tectona grandis,TECTGR
AZ037,AZGEN037,8.6,58,18.46,2,Lamiaceae,Tectona,grandis,Tectona grandis,TECTGR
AZ037,AZGEN037,12.6,9,2.86,1,Rubiaceae,Genipa,americana,Genipa americana,GENIAM
AZ037,AZGEN037,13.1,22,7,1,Malpighiaceae,Byrsonima,crassifolia,Byrsonima crassifolia,BYRSCR
AZ037,AZGEN037,13.1,14,4.46,2,Malpighiaceae,Byrsonima,crassifolia,Byrsonima crassifolia,BYRSCR
AZ037,AZGEN037,14,9,2.86,1,Fabaceae,Pseudalbizzia,adinocephala,Pseudalbizzia adinocephala,ALBIAD
AZ037,AZGEN037,14.1,6,1.91,1,Boraginaceae,Cordia,alliodora,Cordia alliodora,CORDAL
AZ037,AZGEN037,14.1,14,4.46,1,Boraginaceae,Cordia,alliodora,Cordia alliodora,CORDAL
AZ037,AZGEN037,17.6,7,2.23,1,Salicaceae,Casearia,laetioides,Casearia laetioides,ZUELGU
AZ037,AZGEN037,17.6,9.5,3.02,2,Salicaceae,Casearia,laetioides,Casearia laetioides,ZUELGU
AZ037,AZGEN037,20,25,7.96,1,Melastomataceae,Miconia,argentea,Miconia argentea,MICOAR
AZ037,AZGEN037,23.2,82,26.1,1,Malpighiaceae,Byrsonima,crassifolia,Byrsonima crassifolia,BYRSCR
AZ037,AZGEN037,23.4,17,5.41,1,Melastomataceae,Miconia,argentea,Miconia argentea,MICOAR
AZ037,AZGEN037,23.5,25,7.96,1,Melastomataceae,Miconia,argentea,Miconia argentea,MICOAR
AZ037,AZGEN037,23.7,12,3.82,1,Melastomataceae,Miconia,argentea,Miconia argentea,MICOAR
AZ037,AZGEN037,25.3,14,4.46,1,Malpighiaceae,Byrsonima,crassifolia,Byrsonima crassifolia,BYRSCR
AZ037,AZGEN037,28.4,9,2.86,1,Rubiaceae,Genipa,americana,Genipa americana,GENIAM
AZ037,AZGEN037,28.4,73,23.24,1,Boraginaceae,Cordia,alliodora,Cordia alliodora,CORDAL
AZ037,AZGEN037,29,8,2.55,1,Malvaceae,Pochota,fendleri,Pochota fendleri,POCHQU
AZ037,AZGEN037,31.6,15,4.77,1,Fabaceae,Hymenaea,courbaril,Hymenaea courbaril,HYMECO
AZ037,AZGEN037,31.6,11,3.5,2,Fabaceae,Hymenaea,courbaril,Hymenaea courbaril,HYMECO
AZ037,AZGEN037,31.6,12,3.82,3,Fabaceae,Hymenaea,courbaril,Hymenaea courbaril,HYMECO
AZ037,AZGEN037,33.6,8,2.55,1,Fabaceae,Andira,inermis,Andira inermis,ANDIIN
AZ037,AZGEN037,37.6,25,7.96,1,Bignoniaceae,Cf Fridericia,patellifera,Cf Fridericia patellifera,
AZ037,AZGEN037,37.6,19,6.05,2,Bignoniaceae,Cf Fridericia,patellifera,Cf Fridericia patellifera,
AZ037,AZGEN037,38.7,41,13.05,1,Chrysobalanaceae,Microdesmia,arborea,Microdesmia arborea,LICAAR
AZ037,AZGEN037,38.7,73,23.24,2,Chrysobalanaceae,Microdesmia,arborea,Microdesmia arborea,LICAAR
AZ037,AZGEN037,41.9,9,2.86,1,Bignoniaceae,Cf Fridericia,patellifera,Cf Fridericia patellifera,
AZ037,AZGEN037,44.8,75,23.87,1,Fabaceae,Pseudalbizzia,adinocephala,Pseudalbizzia adinocephala,ALBIAD
AZ037,AZGEN037,46.3,9,2.86,1,Rubiaceae,Pittoniotis,trichantha,Pittoniotis trichantha,ANTITR
AZ037,AZGEN037,48.6,15.5,4.93,1,Rubiaceae,Pittoniotis,trichantha,Pittoniotis trichantha,ANTITR
AZ037,AZGEN037,49.7,43,13.69,1,Malvaceae,Guazuma,ulmifolia,Guazuma ulmifolia,GUAZUL
AZ038,AZGEN038,1.6,54,17.19,1,Fabaceae,Andira,inermis,Andira inermis,ANDIIN
AZ038,AZGEN038,1.6,83,26.42,1,Nyctaginaceae,Guapira,costaricana,Guapira costaricana,GUAPCO
AZ038,AZGEN038,1.6,43,13.69,2,Nyctaginaceae,Guapira,costaricana,Guapira costaricana,GUAPCO
AZ038,AZGEN038,1.6,51,16.23,3,Nyctaginaceae,Guapira,costaricana,Guapira costaricana,GUAPCO
AZ038,AZGEN038,1.8,23,7.32,1,Fabaceae,Andira,inermis,Andira inermis,ANDIIN
AZ038,AZGEN038,1.8,26,8.28,2,Fabaceae,Andira,inermis,Andira inermis,ANDIIN
AZ038,AZGEN038,1.8,29,9.23,3,Fabaceae,Andira,inermis,Andira inermis,ANDIIN
AZ038,AZGEN038,1.9,43,13.69,1,Fabaceae,Andira,inermis,Andira inermis,ANDIIN
AZ038,AZGEN038,1.9,33,10.5,2,Fabaceae,Andira,inermis,Andira inermis,ANDIIN
AZ038,AZGEN038,1.9,28,8.91,3,Fabaceae,Andira,inermis,Andira inermis,ANDIIN
AZ038,AZGEN038,34.2,45,14.32,1,Malvaceae,Guazuma,ulmifolia,Guazuma ulmifolia,GUAZUL
AZ038,AZGEN038,34.2,48,15.28,2,Malvaceae,Guazuma,ulmifolia,Guazuma ulmifolia,GUAZUL
AZ038,AZGEN038,34.2,32,10.19,3,Malvaceae,Guazuma,ulmifolia,Guazuma ulmifolia,GUAZUL
AZ038,AZGEN038,34.2,37,11.78,4,Malvaceae,Guazuma,ulmifolia,Guazuma ulmifolia,GUAZUL
AZ038,AZGEN038,34.2,32,10.19,5,Malvaceae,Guazuma,ulmifolia,Guazuma ulmifolia,GUAZUL
AZ038,AZGEN038,34.3,17.5,5.57,1,Bignoniaceae,Cf Fridericia,patellifera,Cf Fridericia patellifera,
AZ038,AZGEN038,40.1,29,9.23,1,Malvaceae,Guazuma,ulmifolia,Guazuma ulmifolia,GUAZUL
AZ038,AZGEN038,40.1,26,8.28,2,Malvaceae,Guazuma,ulmifolia,Guazuma ulmifolia,GUAZUL
AZ038,AZGEN038,40.1,14,4.46,3,Malvaceae,Guazuma,ulmifolia,Guazuma ulmifolia,GUAZUL
AZ038,AZGEN038,40.1,24,7.64,4,Malvaceae,Guazuma,ulmifolia,Guazuma ulmifolia,GUAZUL
AZ038,AZGEN038,40.1,38,12.1,5,Malvaceae,Guazuma,ulmifolia,Guazuma ulmifolia,GUAZUL
AZ038,AZGEN038,40.1,15,4.77,6,Malvaceae,Guazuma,ulmifolia,Guazuma ulmifolia,GUAZUL
AZ038,AZGEN038,40.1,7,2.23,1,Fabaceae,Pithecellobium,hymenaeifolium,Pithecellobium hymenaeifolium,PIT1HY
AZ038,AZGEN038,43.3,31,9.87,1,Malvaceae,Guazuma,ulmifolia,Guazuma ulmifolia,GUAZUL
AZ038,AZGEN038,35.6,32,10.19,1,Fabaceae,Andira,inermis,Andira inermis,ANDIIN
AZ038,AZGEN038,36,26,8.28,1,Fabaceae,Andira,inermis,Andira inermis,ANDIIN
AZ038,AZGEN038,36,22,7,2,Fabaceae,Andira,inermis,Andira inermis,ANDIIN
AZ038,AZGEN038,37.3,11,3.5,1,Fabaceae,Andira,inermis,Andira inermis,ANDIIN
AZ038,AZGEN038,43.3,21,6.68,1,Fabaceae,Pithecellobium,hymenaeifolium,Pithecellobium hymenaeifolium,PIT1HY
AZ038,AZGEN038,46.2,9.5,3.02,1,Bignoniaceae,Handroanthus,ochraceus,Handroanthus ochraceus,TAB1OC
AZ038,AZGEN038,46.2,10,3.18,2,Bignoniaceae,Handroanthus,ochraceus,Handroanthus ochraceus,TAB1OC
AZ038,AZGEN038,47,31,9.87,1,Melastomataceae,Miconia,argentea,Miconia argentea,MICOAR
AZ038,AZGEN038,48.2,54,17.19,1,Dilleniaceae,Curatella,americana,Curatella americana,CURAAM
AZ038,AZGEN038,48.2,63,20.05,2,Dilleniaceae,Curatella,americana,Curatella americana,CURAAM
AZ038,AZGEN038,48.2,60,19.1,3,Dilleniaceae,Curatella,americana,Curatella americana,CURAAM
AZ038,AZGEN038,48.2,24,7.64,4,Dilleniaceae,Curatella,americana,Curatella americana,CURAAM
AZ038,AZGEN038,49.3,27,8.59,1,Melastomataceae,Miconia,argentea,Miconia argentea,MICOAR
AZ038,AZGEN038,49.4,44,14.01,1,Dilleniaceae,Curatella,americana,Curatella americana,CURAAM
AZ038,AZGEN038,49.4,14,4.46,2,Dilleniaceae,Curatella,americana,Curatella americana,CURAAM
AZ038,AZGEN038,49.7,68,21.65,1,Burseraceae,Bursera,simaruba,Bursera simaruba,BURSSI
AZ039,AZGEN039,1,21,6.68,1,Simaroubaceae,Homalolepis,cedron,Homalolepis cedron,SIM1CE
AZ039,AZGEN039,1.1,98,31.19,1,Anacardiaceae,Anacardium,excelsum,Anacardium excelsum,ANACEX
AZ039,AZGEN039,2.3,125,39.79,1,Euphorbiaceae,Sapium,glandulosum,Sapium glandulosum,SAPIAU
AZ039,AZGEN039,3.5,42,13.37,1,Polygonaceae,Triplaris,cumingiana,Triplaris cumingiana,TRIPCU
AZ039,AZGEN039,4.7,67,21.33,1,Anacardiaceae,Spondias,mombin,Spondias mombin,SPONMO
AZ039,AZGEN039,4.7,60,19.1,2,Anacardiaceae,Spondias,mombin,Spondias mombin,SPONMO
AZ039,AZGEN039,6.2,45,14.32,1,Fabaceae,Andira,inermis,Andira inermis,ANDIIN
AZ039,AZGEN039,6.2,35,11.14,2,Fabaceae,Andira,inermis,Andira inermis,ANDIIN
AZ039,AZGEN039,6.2,27,8.59,3,Fabaceae,Andira,inermis,Andira inermis,ANDIIN
AZ039,AZGEN039,7.1,6.5,2.07,1,Menispermaceae,Hyperbaena,tonduzii,Hyperbaena tonduzii,HYPETO
AZ039,AZGEN039,9.6,61,19.42,1,Anacardiaceae,Anacardium,excelsum,Anacardium excelsum,ANACEX
AZ039,AZGEN039,10.2,31,9.87,1,Simaroubaceae,Homalolepis,cedron,Homalolepis cedron,SIM1CE
AZ039,AZGEN039,10.2,26,8.28,2,Simaroubaceae,Homalolepis,cedron,Homalolepis cedron,SIM1CE
AZ039,AZGEN039,11.2,42,13.37,1,Euphorbiaceae,Hura,crepitans,Hura crepitans,HURACR
AZ039,AZGEN039,12.2,32,10.19,1,Arecaceae,Bactris,major,Bactris major,BACTMA
AZ039,AZGEN039,12.2,25,7.96,2,Arecaceae,Bactris,major,Bactris major,BACTMA
AZ039,AZGEN039,12.2,11,3.5,3,Arecaceae,Bactris,major,Bactris major,BACTMA
AZ039,AZGEN039,13.6,13,4.14,1,Simaroubaceae,Homalolepis,cedron,Homalolepis cedron,SIM1CE
AZ039,AZGEN039,14.2,7,2.23,1,Euphorbiaceae,Hura,crepitans,Hura crepitans,HURACR
AZ039,AZGEN039,15.2,20,6.37,1,Rubiaceae,Randia,armata,Randia armata,RANDAR
AZ039,AZGEN039,15.2,20,6.37,2,Rubiaceae,Randia,armata,Randia armata,RANDAR
AZ039,AZGEN039,15.2,20,6.37,3,Rubiaceae,Randia,armata,Randia armata,RANDAR
AZ039,AZGEN039,15.2,10,3.18,4,Rubiaceae,Randia,armata,Randia armata,RANDAR
AZ039,AZGEN039,15.2,10,3.18,5,Rubiaceae,Randia,armata,Randia armata,RANDAR
AZ039,AZGEN039,15.2,5,1.59,6,Rubiaceae,Randia,armata,Randia armata,RANDAR
AZ039,AZGEN039,15.2,20,6.37,7,Rubiaceae,Randia,armata,Randia armata,RANDAR
AZ039,AZGEN039,15.2,6,1.91,8,Rubiaceae,Randia,armata,Randia armata,RANDAR
AZ039,AZGEN039,15.2,7.5,2.39,9,Rubiaceae,Randia,armata,Randia armata,RANDAR
AZ039,AZGEN039,15.2,8.5,2.71,10,Rubiaceae,Randia,armata,Randia armata,RANDAR
AZ039,AZGEN039,16.3,9,2.86,1,Arecaceae,Bactris,major,Bactris major,BACTMA
AZ039,AZGEN039,16.3,9,2.86,2,Arecaceae,Bactris,major,Bactris major,BACTMA
AZ039,AZGEN039,16.3,9,2.86,3,Arecaceae,Bactris,major,Bactris major,BACTMA
AZ039,AZGEN039,16.3,9,2.86,4,Arecaceae,Bactris,major,Bactris major,BACTMA
AZ039,AZGEN039,16.3,9,2.86,5,Arecaceae,Bactris,major,Bactris major,BACTMA
AZ039,AZGEN039,16.3,9,2.86,6,Arecaceae,Bactris,major,Bactris major,BACTMA
AZ039,AZGEN039,16.3,9,2.86,7,Arecaceae,Bactris,major,Bactris major,BACTMA
AZ039,AZGEN039,16.3,9,2.86,8,Arecaceae,Bactris,major,Bactris major,BACTMA
AZ039,AZGEN039,17.8,13,4.14,1,Fabaceae,Schnella,guianensis,Schnella guianensis,
AZ039,AZGEN039,18.6,42,13.37,1,Bignoniaceae,Bignonia,aequinoctialis,Bignonia aequinoctialis,
AZ039,AZGEN039,18.6,26,8.28,2,Bignoniaceae,Bignonia,aequinoctialis,Bignonia aequinoctialis,
AZ039,AZGEN039,18.6,24,7.64,3,Bignoniaceae,Bignonia,aequinoctialis,Bignonia aequinoctialis,
AZ039,AZGEN039,19,64,20.37,1,Anacardiaceae,Anacardium,excelsum,Anacardium excelsum,ANACEX
AZ039,AZGEN039,21.2,22,7,1,Fabaceae,Pithecellobium,hymenaeifolium,Pithecellobium hymenaeifolium,PIT1HY
AZ039,AZGEN039,21.2,18,5.73,2,Fabaceae,Pithecellobium,hymenaeifolium,Pithecellobium hymenaeifolium,PIT1HY
AZ039,AZGEN039,21.2,8,2.55,3,Fabaceae,Pithecellobium,hymenaeifolium,Pithecellobium hymenaeifolium,PIT1HY
AZ039,AZGEN039,21.2,115,36.61,1,Anacardiaceae,Spondias,mombin,Spondias mombin,SPONMO
AZ039,AZGEN039,21.2,45,14.32,2,Anacardiaceae,Spondias,mombin,Spondias mombin,SPONMO
AZ039,AZGEN039,23.3,24,7.64,1,Fabaceae,Schnella,guianensis,Schnella guianensis,
AZ039,AZGEN039,23.3,21,6.68,2,Fabaceae,Schnella,guianensis,Schnella guianensis,
AZ039,AZGEN039,23.3,18,5.73,3,Fabaceae,Schnella,guianensis,Schnella guianensis,
AZ039,AZGEN039,24.5,86,27.37,1,Euphorbiaceae,Hura,crepitans,Hura crepitans,HURACR
AZ039,AZGEN039,24.5,6,1.91,1,Combretaceae,Combretum,decandrum,Combretum decandrum,
AZ039,AZGEN039,24.5,5.6,1.78,2,Combretaceae,Combretum,decandrum,Combretum decandrum,
AZ039,AZGEN039,21.2,12,3.82,1,Combretaceae,Combretum,decandrum,Combretum decandrum,
AZ039,AZGEN039,24.7,50.1,15.95,1,Malvaceae,Guazuma,ulmifolia,Guazuma ulmifolia,GUAZUL
AZ039,AZGEN039,24.7,42,13.37,2,Malvaceae,Guazuma,ulmifolia,Guazuma ulmifolia,GUAZUL
AZ039,AZGEN039,24.7,4.6,1.46,3,Malvaceae,Guazuma,ulmifolia,Guazuma ulmifolia,GUAZUL
AZ039,AZGEN039,24.7,4.7,1.5,4,Malvaceae,Guazuma,ulmifolia,Guazuma ulmifolia,GUAZUL
AZ039,AZGEN039,27.4,21,6.68,1,Fabaceae,Schnella,guianensis,Schnella guianensis,
AZ039,AZGEN039,27.4,13,4.14,2,Fabaceae,Schnella,guianensis,Schnella guianensis,
AZ039,AZGEN039,27.4,8,2.55,3,Fabaceae,Schnella,guianensis,Schnella guianensis,
AZ039,AZGEN039,27.4,6,1.91,4,Fabaceae,Schnella,guianensis,Schnella guianensis,
AZ039,AZGEN039,28.6,13,4.14,1,Simaroubaceae,Homalolepis,cedron,Homalolepis cedron,SIM1CE
AZ039,AZGEN039,34,21,6.68,1,Simaroubaceae,Homalolepis,cedron,Homalolepis cedron,SIM1CE
AZ039,AZGEN039,35.6,12,3.82,1,Arecaceae,Bactris,major,Bactris major,BACTMA
AZ039,AZGEN039,35.6,12,3.82,2,Arecaceae,Bactris,major,Bactris major,BACTMA
AZ039,AZGEN039,35.6,12,3.82,3,Arecaceae,Bactris,major,Bactris major,BACTMA
AZ039,AZGEN039,35.6,12,3.82,4,Arecaceae,Bactris,major,Bactris major,BACTMA
AZ039,AZGEN039,35.6,12,3.82,5,Arecaceae,Bactris,major,Bactris major,BACTMA
AZ039,AZGEN039,35.6,12,3.82,6,Arecaceae,Bactris,major,Bactris major,BACTMA
AZ039,AZGEN039,35.6,12,3.82,7,Arecaceae,Bactris,major,Bactris major,BACTMA
AZ039,AZGEN039,35.6,12,3.82,8,Arecaceae,Bactris,major,Bactris major,BACTMA
AZ039,AZGEN039,35.6,12,3.82,9,Arecaceae,Bactris,major,Bactris major,BACTMA
AZ039,AZGEN039,35.6,12,3.82,10,Arecaceae,Bactris,major,Bactris major,BACTMA
AZ039,AZGEN039,35.6,12,3.82,11,Arecaceae,Bactris,major,Bactris major,BACTMA
AZ039,AZGEN039,35.6,12,3.82,12,Arecaceae,Bactris,major,Bactris major,BACTMA
AZ039,AZGEN039,35.6,12,3.82,13,Arecaceae,Bactris,major,Bactris major,BACTMA
AZ039,AZGEN039,35.6,12,3.82,14,Arecaceae,Bactris,major,Bactris major,BACTMA
AZ039,AZGEN039,35.6,12,3.82,15,Arecaceae,Bactris,major,Bactris major,BACTMA
AZ039,AZGEN039,35.6,12,3.82,16,Arecaceae,Bactris,major,Bactris major,BACTMA
AZ039,AZGEN039,35.6,12,3.82,17,Arecaceae,Bactris,major,Bactris major,BACTMA
AZ039,AZGEN039,35.6,12,3.82,18,Arecaceae,Bactris,major,Bactris major,BACTMA
AZ039,AZGEN039,35.6,12,3.82,19,Arecaceae,Bactris,major,Bactris major,BACTMA
AZ039,AZGEN039,35.6,12,3.82,20,Arecaceae,Bactris,major,Bactris major,BACTMA
AZ039,AZGEN039,35.6,12,3.82,21,Arecaceae,Bactris,major,Bactris major,BACTMA
AZ039,AZGEN039,35.6,13.4,4.27,1,Arecaceae,Bactris,major,Bactris major,BACTMA
AZ039,AZGEN039,35.6,13.4,4.27,2,Arecaceae,Bactris,major,Bactris major,BACTMA
AZ039,AZGEN039,35.6,13.4,4.27,3,Arecaceae,Bactris,major,Bactris major,BACTMA
AZ039,AZGEN039,35.6,13.4,4.27,4,Arecaceae,Bactris,major,Bactris major,BACTMA
AZ039,AZGEN039,35.6,13.4,4.27,5,Arecaceae,Bactris,major,Bactris major,BACTMA
AZ039,AZGEN039,35.6,13.4,4.27,6,Arecaceae,Bactris,major,Bactris major,BACTMA
AZ039,AZGEN039,35.6,13.4,4.27,7,Arecaceae,Bactris,major,Bactris major,BACTMA
AZ039,AZGEN039,35.6,13.4,4.27,8,Arecaceae,Bactris,major,Bactris major,BACTMA
AZ039,AZGEN039,35.6,13.4,4.27,9,Arecaceae,Bactris,major,Bactris major,BACTMA
AZ039,AZGEN039,35.6,13.4,4.27,10,Arecaceae,Bactris,major,Bactris major,BACTMA
AZ039,AZGEN039,35.6,13.4,4.27,11,Arecaceae,Bactris,major,Bactris major,BACTMA
AZ039,AZGEN039,35.6,13.4,4.27,12,Arecaceae,Bactris,major,Bactris major,BACTMA
AZ039,AZGEN039,35.6,13.4,4.27,13,Arecaceae,Bactris,major,Bactris major,BACTMA
AZ039,AZGEN039,35.6,13.4,4.27,14,Arecaceae,Bactris,major,Bactris major,BACTMA
AZ039,AZGEN039,35.6,13.4,4.27,15,Arecaceae,Bactris,major,Bactris major,BACTMA
AZ039,AZGEN039,35.6,13.4,4.27,16,Arecaceae,Bactris,major,Bactris major,BACTMA
AZ039,AZGEN039,35.6,13.4,4.27,17,Arecaceae,Bactris,major,Bactris major,BACTMA
AZ039,AZGEN039,35.6,13.4,4.27,18,Arecaceae,Bactris,major,Bactris major,BACTMA
AZ039,AZGEN039,35.6,13.4,4.27,19,Arecaceae,Bactris,major,Bactris major,BACTMA
AZ039,AZGEN039,35.6,13.4,4.27,20,Arecaceae,Bactris,major,Bactris major,BACTMA
AZ039,AZGEN039,35.6,13.4,4.27,21,Arecaceae,Bactris,major,Bactris major,BACTMA
AZ039,AZGEN039,35.6,13.4,4.27,22,Arecaceae,Bactris,major,Bactris major,BACTMA
AZ039,AZGEN039,35.6,13.4,4.27,23,Arecaceae,Bactris,major,Bactris major,BACTMA
AZ039,AZGEN039,35.6,13.4,4.27,24,Arecaceae,Bactris,major,Bactris major,BACTMA
AZ039,AZGEN039,35.6,13.4,4.27,25,Arecaceae,Bactris,major,Bactris major,BACTMA
AZ039,AZGEN039,35.6,13.4,4.27,26,Arecaceae,Bactris,major,Bactris major,BACTMA
AZ039,AZGEN039,35.6,13.4,4.27,27,Arecaceae,Bactris,major,Bactris major,BACTMA
AZ039,AZGEN039,38.8,25,7.96,1,Simaroubaceae,Homalolepis,cedron,Homalolepis cedron,SIM1CE
AZ039,AZGEN039,40.8,18,5.73,1,Combretaceae,Combretum,decandrum,Combretum decandrum,
AZ039,AZGEN039,42.2,53,16.87,1,Anacardiaceae,Anacardium,excelsum,Anacardium excelsum,ANACEX
AZ039,AZGEN039,42.2,45,14.32,2,Anacardiaceae,Anacardium,excelsum,Anacardium excelsum,ANACEX
AZ039,AZGEN039,42.2,27,8.59,1,Combretaceae,Combretum,decandrum,Combretum decandrum,
AZ039,AZGEN039,43.6,49.5,15.76,1,Euphorbiaceae,Hura,crepitans,Hura crepitans,HURACR
AZ039,AZGEN039,43,153,48.7,1,Euphorbiaceae,Hura,crepitans,Hura crepitans,HURACR
AZ039,AZGEN039,43.2,36,11.46,1,Polygonaceae,Triplaris,cumingiana,Triplaris cumingiana,TRIPCU
AZ039,AZGEN039,47,4,1.27,1,Polygonaceae,Coccoloba,caracasana,Coccoloba caracasana,COCCCA
AZ039,AZGEN039,48.3,24,7.64,1,Polygonaceae,Coccoloba,caracasana,Coccoloba caracasana,COCCCA
AZ039,AZGEN039,48.3,23,7.32,2,Polygonaceae,Coccoloba,caracasana,Coccoloba caracasana,COCCCA
AZ039,AZGEN039,49.4,110,35.01,1,Malvaceae,Guazuma,ulmifolia,Guazuma ulmifolia,GUAZUL
AZ039,AZGEN039,49.4,54,17.19,2,Malvaceae,Guazuma,ulmifolia,Guazuma ulmifolia,GUAZUL
AZ039,AZGEN039,49.4,36,11.46,3,Malvaceae,Guazuma,ulmifolia,Guazuma ulmifolia,GUAZUL
AZ040,AZGEN040,1,125,39.79,1,Fabaceae,Diphysa,americana,Diphysa americana,DIPHRO
AZ040,AZGEN040,1.5,34,10.82,1,Lamiaceae,Tectona,grandis,Tectona grandis,TECTGR
AZ040,AZGEN040,1.8,20,6.37,1,Fabaceae,Pithecellobium,hymenaeifolium,Pithecellobium hymenaeifolium,PIT1HY
AZ040,AZGEN040,2.7,6.5,2.07,1,Arecaceae,Bactris,major,Bactris major,BACTMA
AZ040,AZGEN040,2.7,6.5,2.07,2,Arecaceae,Bactris,major,Bactris major,BACTMA
AZ040,AZGEN040,2.7,6.5,2.07,3,Arecaceae,Bactris,major,Bactris major,BACTMA
AZ040,AZGEN040,2.7,6.5,2.07,4,Arecaceae,Bactris,major,Bactris major,BACTMA
AZ040,AZGEN040,2.7,6.5,2.07,5,Arecaceae,Bactris,major,Bactris major,BACTMA
AZ040,AZGEN040,2.7,6.5,2.07,6,Arecaceae,Bactris,major,Bactris major,BACTMA
AZ040,AZGEN040,2.7,6.5,2.07,7,Arecaceae,Bactris,major,Bactris major,BACTMA
AZ040,AZGEN040,2.7,6.5,2.07,8,Arecaceae,Bactris,major,Bactris major,BACTMA
AZ040,AZGEN040,6.2,21,6.68,1,Apocynaceae,Tabernaemontana,grandiflora,Tabernaemontana grandiflora,STEMGR
AZ040,AZGEN040,6.2,7,2.23,1,Burseraceae,Bursera,simaruba,Bursera simaruba,BURSSI
AZ040,AZGEN040,8.6,21,6.68,1,Fabaceae,Pithecellobium,hymenaeifolium,Pithecellobium hymenaeifolium,PIT1HY
AZ040,AZGEN040,8.7,70,22.28,1,Euphorbiaceae,Sapium,glandulosum,Sapium glandulosum,SAPIAU
AZ040,AZGEN040,8.8,13,4.14,1,Apocynaceae,Tabernaemontana,grandiflora,Tabernaemontana grandiflora,STEMGR
AZ040,AZGEN040,9,34,10.82,1,Euphorbiaceae,Sapium,glandulosum,Sapium glandulosum,SAPIAU
AZ040,AZGEN040,11.2,65,20.69,1,Burseraceae,Bursera,simaruba,Bursera simaruba,BURSSI
AZ040,AZGEN040,13.1,9,2.86,1,Burseraceae,Bursera,simaruba,Bursera simaruba,BURSSI
AZ040,AZGEN040,13.6,8,2.55,1,Rubiaceae,Genipa,americana,Genipa americana,GENIAM
AZ040,AZGEN040,14.3,34,10.82,1,Annonaceae,Annona,purpurea,Annona purpurea,ANNOPU
AZ040,AZGEN040,14.3,34,10.82,2,Annonaceae,Annona,purpurea,Annona purpurea,ANNOPU
AZ040,AZGEN040,14.3,63,20.05,3,Annonaceae,Annona,purpurea,Annona purpurea,ANNOPU
AZ040,AZGEN040,14.3,25,7.96,4,Annonaceae,Annona,purpurea,Annona purpurea,ANNOPU
AZ040,AZGEN040,14.3,43,13.69,5,Annonaceae,Annona,purpurea,Annona purpurea,ANNOPU
AZ040,AZGEN040,14.3,52,16.55,6,Annonaceae,Annona,purpurea,Annona purpurea,ANNOPU
AZ040,AZGEN040,15.8,21,6.68,1,Fabaceae,Pithecellobium,hymenaeifolium,Pithecellobium hymenaeifolium,PIT1HY
AZ040,AZGEN040,16.7,6.5,2.07,1,Lamiaceae,Aegiphila,panamensis,Aegiphila panamensis,AEGIPA
AZ040,AZGEN040,19.2,7.5,2.39,1,Fabaceae,Pithecellobium,hymenaeifolium,Pithecellobium hymenaeifolium,PIT1HY
AZ040,AZGEN040,20.1,11,3.5,1,Burseraceae,Bursera,simaruba,Bursera simaruba,BURSSI
AZ040,AZGEN040,21.6,83,26.42,1,Boraginaceae,Cordia,alliodora,Cordia alliodora,CORDAL
AZ040,AZGEN040,22.1,35,11.14,1,Burseraceae,Bursera,simaruba,Bursera simaruba,BURSSI
AZ040,AZGEN040,24.3,11,3.5,1,Salicaceae,Casearia,corymbosa,Casearia corymbosa,CASEC2
AZ040,AZGEN040,24.3,10,3.18,2,Salicaceae,Casearia,corymbosa,Casearia corymbosa,CASEC2
AZ040,AZGEN040,31.6,55,17.51,1,Annonaceae,Annona,purpurea,Annona purpurea,ANNOPU
AZ040,AZGEN040,31.6,41,13.05,2,Annonaceae,Annona,purpurea,Annona purpurea,ANNOPU
AZ040,AZGEN040,31.6,41,13.05,3,Annonaceae,Annona,purpurea,Annona purpurea,ANNOPU
AZ040,AZGEN040,31.6,52,16.55,4,Annonaceae,Annona,purpurea,Annona purpurea,ANNOPU
AZ040,AZGEN040,31.6,58,18.46,5,Annonaceae,Annona,purpurea,Annona purpurea,ANNOPU
AZ040,AZGEN040,31.6,46,14.64,6,Annonaceae,Annona,purpurea,Annona purpurea,ANNOPU
AZ040,AZGEN040,36.5,33,10.5,1,Burseraceae,Bursera,simaruba,Bursera simaruba,BURSSI
AZ040,AZGEN040,37.2,20,6.37,1,Simaroubaceae,Homalolepis,cedron,Homalolepis cedron,SIM1CE
AZ040,AZGEN040,37.2,34,10.82,1,Rubiaceae,Genipa,americana,Genipa americana,GENIAM
AZ040,AZGEN040,39.2,7,2.23,1,Burseraceae,Bursera,simaruba,Bursera simaruba,BURSSI
AZ040,AZGEN040,40.2,21,6.68,1,Apocynaceae,Tabernaemontana,grandiflora,Tabernaemontana grandiflora,STEMGR
AZ040,AZGEN040,40.2,21,6.68,2,Apocynaceae,Tabernaemontana,grandiflora,Tabernaemontana grandiflora,STEMGR
AZ040,AZGEN040,40.2,22,7,3,Apocynaceae,Tabernaemontana,grandiflora,Tabernaemontana grandiflora,STEMGR
AZ040,AZGEN040,40.2,21,6.68,4,Apocynaceae,Tabernaemontana,grandiflora,Tabernaemontana grandiflora,STEMGR
AZ040,AZGEN040,42.6,19,6.05,1,Simaroubaceae,Homalolepis,cedron,Homalolepis cedron,SIM1CE
AZ040,AZGEN040,42.6,21,6.68,1,Simaroubaceae,Homalolepis,cedron,Homalolepis cedron,SIM1CE
AZ040,AZGEN040,43.1,23,7.32,1,Simaroubaceae,Homalolepis,cedron,Homalolepis cedron,SIM1CE
AZ040,AZGEN040,43.2,24,7.64,1,Simaroubaceae,Homalolepis,cedron,Homalolepis cedron,SIM1CE
AZ040,AZGEN040,43.4,26,8.28,1,Simaroubaceae,Homalolepis,cedron,Homalolepis cedron,SIM1CE
AZ040,AZGEN040,43.8,10,3.18,1,Lamiaceae,Aegiphila,panamensis,Aegiphila panamensis,AEGIPA
AZ040,AZGEN040,44,6,1.91,1,Rubiaceae,Genipa,americana,Genipa americana,GENIAM
AZ040,AZGEN040,44,9,2.86,1,Simaroubaceae,Homalolepis,cedron,Homalolepis cedron,SIM1CE
AZ040,AZGEN040,44.1,20,6.37,1,Simaroubaceae,Homalolepis,cedron,Homalolepis cedron,SIM1CE
AZ040,AZGEN040,47.3,20,6.37,1,Melastomataceae,Miconia,octona,Miconia octona,CLIDOC
AZ040,AZGEN040,47.3,18,5.73,2,Melastomataceae,Miconia,octona,Miconia octona,CLIDOC
AZ040,AZGEN040,47.3,22,7,3,Melastomataceae,Miconia,octona,Miconia octona,CLIDOC
AZ040,AZGEN040,47.3,14,4.46,4,Melastomataceae,Miconia,octona,Miconia octona,CLIDOC
AZ040,AZGEN040,46.2,15,4.77,1,Arecaceae,Astrocaryum,standleyanum,Astrocaryum standleyanum,AST1ST
AZ040,AZGEN040,47,20,6.37,1,Simaroubaceae,Homalolepis,cedron,Homalolepis cedron,SIM1CE
AZ040,AZGEN040,47.8,7,2.23,1,Simaroubaceae,Homalolepis,cedron,Homalolepis cedron,SIM1CE
AZ040,AZGEN040,48.8,27,8.59,1,Simaroubaceae,Homalolepis,cedron,Homalolepis cedron,SIM1CE
AZ041,AZGEN041,1,23,7.32,1,Polygonaceae,Coccoloba,caracasana,Coccoloba caracasana,COCCCA
AZ041,AZGEN041,1,23,7.32,2,Polygonaceae,Coccoloba,caracasana,Coccoloba caracasana,COCCCA
AZ041,AZGEN041,1,28,8.91,3,Polygonaceae,Coccoloba,caracasana,Coccoloba caracasana,COCCCA
AZ041,AZGEN041,1,20,6.37,4,Polygonaceae,Coccoloba,caracasana,Coccoloba caracasana,COCCCA
AZ041,AZGEN041,1,38,12.1,5,Polygonaceae,Coccoloba,caracasana,Coccoloba caracasana,COCCCA
AZ041,AZGEN041,1,35,11.14,6,Polygonaceae,Coccoloba,caracasana,Coccoloba caracasana,COCCCA
AZ041,AZGEN041,1,27,8.59,7,Polygonaceae,Coccoloba,caracasana,Coccoloba caracasana,COCCCA
AZ041,AZGEN041,1,21,6.68,8,Polygonaceae,Coccoloba,caracasana,Coccoloba caracasana,COCCCA
AZ041,AZGEN041,1,36,11.46,9,Polygonaceae,Coccoloba,caracasana,Coccoloba caracasana,COCCCA
AZ041,AZGEN041,1,29,9.23,10,Polygonaceae,Coccoloba,caracasana,Coccoloba caracasana,COCCCA
AZ041,AZGEN041,3.2,14,4.46,1,Combretaceae,Combretum,decandrum,Combretum decandrum,
AZ041,AZGEN041,3.8,9,2.86,1,Combretaceae,Combretum,decandrum,Combretum decandrum,
AZ041,AZGEN041,3.9,9,2.86,1,Combretaceae,Combretum,decandrum,Combretum decandrum,
AZ041,AZGEN041,8.2,10,3.18,1,Euphorbiaceae,Hura,crepitans,Hura crepitans,HURACR
AZ041,AZGEN041,8.4,11,3.5,1,Combretaceae,Combretum,decandrum,Combretum decandrum,
AZ041,AZGEN041,10.2,10,3.18,1,Combretaceae,Combretum,decandrum,Combretum decandrum,
AZ041,AZGEN041,14.4,106,33.74,1,Anacardiaceae,Anacardium,excelsum,Anacardium excelsum,ANACEX
AZ041,AZGEN041,17.6,92,29.28,1,Polygonaceae,Coccoloba,caracasana,Coccoloba caracasana,COCCCA
AZ041,AZGEN041,17.6,22,7,2,Polygonaceae,Coccoloba,caracasana,Coccoloba caracasana,COCCCA
AZ041,AZGEN041,17.6,24,7.64,3,Polygonaceae,Coccoloba,caracasana,Coccoloba caracasana,COCCCA
AZ041,AZGEN041,17.6,17,5.41,4,Polygonaceae,Coccoloba,caracasana,Coccoloba caracasana,COCCCA
AZ041,AZGEN041,19.2,12,3.82,1,Anacardiaceae,Anacardium,excelsum,Anacardium excelsum,ANACEX
AZ041,AZGEN041,19.8,10,3.18,1,Combretaceae,Combretum,decandrum,Combretum decandrum,
AZ041,AZGEN041,20,14,4.46,1,Anacardiaceae,Anacardium,excelsum,Anacardium excelsum,ANACEX
AZ041,AZGEN041,24.6,84.4,26.87,1,Anacardiaceae,Anacardium,excelsum,Anacardium excelsum,ANACEX
AZ041,AZGEN041,32.6,83,26.42,1,Polygonaceae,Coccoloba,caracasana,Coccoloba caracasana,COCCCA
AZ041,AZGEN041,36.2,42,13.37,1,Polygonaceae,Coccoloba,caracasana,Coccoloba caracasana,COCCCA
AZ041,AZGEN041,36.2,33,10.5,2,Polygonaceae,Coccoloba,caracasana,Coccoloba caracasana,COCCCA
AZ041,AZGEN041,36.2,43,13.69,3,Polygonaceae,Coccoloba,caracasana,Coccoloba caracasana,COCCCA
AZ041,AZGEN041,36.2,37,11.78,4,Polygonaceae,Coccoloba,caracasana,Coccoloba caracasana,COCCCA
AZ041,AZGEN041,36.2,50,15.92,5,Polygonaceae,Coccoloba,caracasana,Coccoloba caracasana,COCCCA
AZ041,AZGEN041,36.2,53,16.87,6,Polygonaceae,Coccoloba,caracasana,Coccoloba caracasana,COCCCA
AZ041,AZGEN041,36.2,43,13.69,7,Polygonaceae,Coccoloba,caracasana,Coccoloba caracasana,COCCCA
AZ041,AZGEN041,36.2,61,19.42,8,Polygonaceae,Coccoloba,caracasana,Coccoloba caracasana,COCCCA
AZ041,AZGEN041,36.2,44,14.01,9,Polygonaceae,Coccoloba,caracasana,Coccoloba caracasana,COCCCA
AZ041,AZGEN041,36.2,22,7,10,Polygonaceae,Coccoloba,caracasana,Coccoloba caracasana,COCCCA
AZ041,AZGEN041,38.1,11,3.5,1,Acanthaceae,Trichanthera,gigantea,Trichanthera gigantea,TRI1GI
AZ041,AZGEN041,42.4,45,14.32,1,Acanthaceae,Trichanthera,gigantea,Trichanthera gigantea,TRI1GI
AZ041,AZGEN041,43.6,29,9.23,1,Acanthaceae,Trichanthera,gigantea,Trichanthera gigantea,TRI1GI
AZ041,AZGEN041,43.6,35,11.14,2,Acanthaceae,Trichanthera,gigantea,Trichanthera gigantea,TRI1GI
AZ041,AZGEN041,46.6,88,28.01,1,Malvaceae,Guazuma,ulmifolia,Guazuma ulmifolia,GUAZUL
AZ041,AZGEN041,46.8,29,9.23,1,Acanthaceae,Trichanthera,gigantea,Trichanthera gigantea,TRI1GI
AZ041,AZGEN041,46.8,37,11.78,2,Acanthaceae,Trichanthera,gigantea,Trichanthera gigantea,TRI1GI
AZ041,AZGEN041,48.9,36.5,11.62,1,Acanthaceae,Trichanthera,gigantea,Trichanthera gigantea,TRI1GI
AZ041,AZGEN041,48.9,16,5.09,2,Acanthaceae,Trichanthera,gigantea,Trichanthera gigantea,TRI1GI
AZ041,AZGEN041,48.9,16,5.09,3,Acanthaceae,Trichanthera,gigantea,Trichanthera gigantea,TRI1GI
AZ042,AZGEN042,1,6.5,2.07,1,Apocynaceae,Tabernaemontana,grandiflora,Tabernaemontana grandiflora,STEMGR
AZ042,AZGEN042,1.1,10.5,3.34,1,Bignoniaceae,Bignonia,aequinoctialis,Bignonia aequinoctialis,
AZ042,AZGEN042,1.6,19,6.05,1,Boraginaceae,Cordia,alliodora,Cordia alliodora,CORDAL
AZ042,AZGEN042,2.3,23,7.32,1,Sapindaceae,Allophylus,psilospermus,Allophylus psilospermus,ALLOPS
AZ042,AZGEN042,2.3,19.5,6.21,2,Sapindaceae,Allophylus,psilospermus,Allophylus psilospermus,ALLOPS
AZ042,AZGEN042,2.4,8,2.55,1,Burseraceae,Bursera,simaruba,Bursera simaruba,BURSSI
AZ042,AZGEN042,2.3,110,35.01,1,Arecaceae,Astrocaryum,standleyanum,Astrocaryum standleyanum,AST1ST
AZ042,AZGEN042,4.2,4.5,1.43,1,Melastomataceae,Miconia,octona,Miconia octona,CLIDOC
AZ042,AZGEN042,5.6,6,1.91,1,Acanthaceae,Trichanthera,gigantea,Trichanthera gigantea,TRI1GI
AZ042,AZGEN042,6.2,7.5,2.39,1,Euphorbiaceae,Hura,crepitans,Hura crepitans,HURACR
AZ042,AZGEN042,9.1,20,6.37,1,Boraginaceae,Cordia,alliodora,Cordia alliodora,CORDAL
AZ042,AZGEN042,12.3,24,7.64,1,Malvaceae,Pochota,fendleri,Pochota fendleri,POCHQU
AZ042,AZGEN042,13.2,34,10.82,1,Boraginaceae,Cordia,alliodora,Cordia alliodora,CORDAL
AZ042,AZGEN042,14.1,38,12.1,1,Fabaceae,Dalbergia,retusa,Dalbergia retusa,DALBRE
AZ042,AZGEN042,14.1,52,16.55,2,Fabaceae,Dalbergia,retusa,Dalbergia retusa,DALBRE
AZ042,AZGEN042,16.3,36,11.46,1,Fabaceae,Dalbergia,retusa,Dalbergia retusa,DALBRE
AZ042,AZGEN042,16.3,50,15.92,2,Fabaceae,Dalbergia,retusa,Dalbergia retusa,DALBRE
AZ042,AZGEN042,18.4,12,3.82,1,Rubiaceae,Genipa,americana,Genipa americana,GENIAM
AZ042,AZGEN042,18.4,25,7.96,1,Fabaceae,Pithecellobium,hymenaeifolium,Pithecellobium hymenaeifolium,PIT1HY
AZ042,AZGEN042,20.6,32,10.19,1,Annonaceae,Annona,purpurea,Annona purpurea,ANNOPU
AZ042,AZGEN042,20.4,28,8.91,1,Boraginaceae,Cordia,alliodora,Cordia alliodora,CORDAL
AZ042,AZGEN042,21.5,22,7,1,Bignoniaceae,Cf Fridericia,patellifera,Cf Fridericia patellifera,
AZ042,AZGEN042,24.4,42,13.37,1,Annonaceae,Annona,purpurea,Annona purpurea,ANNOPU
AZ042,AZGEN042,25.6,22,7,1,Bignoniaceae,Cf Fridericia,patellifera,Cf Fridericia patellifera,
AZ042,AZGEN042,26.4,22,7,1,Fabaceae,Pseudalbizzia,adinocephala,Pseudalbizzia adinocephala,ALBIAD
AZ042,AZGEN042,26.1,75,23.87,1,Boraginaceae,Cordia,alliodora,Cordia alliodora,CORDAL
AZ042,AZGEN042,26.6,77,24.51,1,Boraginaceae,Cordia,alliodora,Cordia alliodora,CORDAL
AZ042,AZGEN042,26.6,15,4.77,1,Malvaceae,Guazuma,ulmifolia,Guazuma ulmifolia,GUAZUL
AZ042,AZGEN042,31.2,28,8.91,1,Boraginaceae,Cordia,alliodora,Cordia alliodora,CORDAL
AZ042,AZGEN042,32.6,32,10.19,1,Malvaceae,Guazuma,ulmifolia,Guazuma ulmifolia,GUAZUL
AZ042,AZGEN042,36.2,112,35.65,1,Euphorbiaceae,Hura,crepitans,Hura crepitans,HURACR
AZ042,AZGEN042,37.5,27,8.59,1,Anacardiaceae,Anacardium,excelsum,Anacardium excelsum,ANACEX
AZ042,AZGEN042,38,7,2.23,1,Apocynaceae,Thevetia,ahouai,Thevetia ahouai,THEVAH
AZ042,AZGEN042,42.6,84,26.74,1,Annonaceae,Annona,purpurea,Annona purpurea,ANNOPU
AZ042,AZGEN042,42.6,67,21.33,2,Annonaceae,Annona,purpurea,Annona purpurea,ANNOPU
AZ042,AZGEN042,45.7,36.8,11.71,1,Salicaceae,Casearia,laetioides,Casearia laetioides,ZUELGU
AZ042,AZGEN042,47.8,40,12.73,1,Annonaceae,Annona,purpurea,Annona purpurea,ANNOPU
AZ042,AZGEN042,48.9,44,14.01,1,Annonaceae,Annona,purpurea,Annona purpurea,ANNOPU
AZ042,AZGEN042,48.9,52,16.55,1,Annonaceae,Annona,purpurea,Annona purpurea,ANNOPU
AZ042,AZGEN042,49.3,24,7.64,1,Burseraceae,Bursera,simaruba,Bursera simaruba,BURSSI
AZ043,AZGEN043,1,27,8.59,1,Bignoniaceae,Tabebuia,rosea,Tabebuia rosea,TAB1RO
AZ043,AZGEN043,14.5,100,31.83,1,Boraginaceae,Cordia,alliodora,Cordia alliodora,CORDAL
AZ043,AZGEN043,25.3,119,37.88,1,Arecaceae,Astrocaryum,standleyanum,Astrocaryum standleyanum,AST1ST
AZ043,AZGEN043,25.3,18,5.73,1,Moraceae,Ficus,americana,Ficus americana,FICUAM
AZ043,AZGEN043,25.3,42,13.37,2,Moraceae,Ficus,americana,Ficus americana,FICUAM
AZ043,AZGEN043,25.3,110,35.01,1,Arecaceae,Astrocaryum,standleyanum,Astrocaryum standleyanum,AST1ST
AZ043,AZGEN043,46.2,41,13.05,1,Muntingiaceae,Muntingia,calabura,Muntingia calabura,MUNTCA
AZ043,AZGEN043,48.3,120,38.2,1,Malpighiaceae,Byrsonima,crassifolia,Byrsonima crassifolia,BYRSCR
AZ043,AZGEN043,49.2,103,32.79,1,Malvaceae,Pseudobombax,septenatum,Pseudobombax septenatum,PSE1SE
AZ043,AZGEN043,49.6,24,7.64,1,Malvaceae,Pseudobombax,septenatum,Pseudobombax septenatum,PSE1SE
AZ043,AZGEN043,49.3,18,5.73,1,Fabaceae,Vachellia,collinsii,Vachellia collinsii,ACACCO
AZ043,AZGEN043,49.7,67,21.33,1,Moraceae,Ficus,pertusa,Ficus pertusa,FICUPE
AZ043,AZGEN043,49.7,41,13.05,2,Moraceae,Ficus,pertusa,Ficus pertusa,FICUPE
AZ043,AZGEN043,49.7,43,13.69,3,Moraceae,Ficus,pertusa,Ficus pertusa,FICUPE
AZ043,AZGEN043,49.7,53,16.87,4,Moraceae,Ficus,pertusa,Ficus pertusa,FICUPE
AZ044,AZGEN044,1,26,8.28,1,Meliaceae,Trichilia,pleeana,Trichilia pleeana,TRI2PL
AZ044,AZGEN044,2.6,24,7.64,1,Acanthaceae,Trichanthera,gigantea,Trichanthera gigantea,TRI1GI
AZ044,AZGEN044,2.6,24,7.64,2,Acanthaceae,Trichanthera,gigantea,Trichanthera gigantea,TRI1GI
AZ044,AZGEN044,3.1,6,1.91,1,Menispermaceae,Hyperbaena,tonduzii,Hyperbaena tonduzii,HYPETO
AZ044,AZGEN044,5,14,4.46,1,Arecaceae,Bactris,major,Bactris major,BACTMA
AZ044,AZGEN044,5,14,4.46,2,Arecaceae,Bactris,major,Bactris major,BACTMA
AZ044,AZGEN044,5,10,3.18,3,Arecaceae,Bactris,major,Bactris major,BACTMA
AZ044,AZGEN044,5,9,2.86,4,Arecaceae,Bactris,major,Bactris major,BACTMA
AZ044,AZGEN044,5,7,2.23,5,Arecaceae,Bactris,major,Bactris major,BACTMA
AZ044,AZGEN044,7.8,38.2,12.16,1,Rubiaceae,Faramea,occidentalis,Faramea occidentalis,FARAOC
AZ044,AZGEN044,8.4,9,2.86,1,Bignoniaceae,Mansoa,sp. 1,Mansoa sp. 1,
AZ044,AZGEN044,12,7,2.23,1,Menispermaceae,Hyperbaena,tonduzii,Hyperbaena tonduzii,HYPETO
AZ044,AZGEN044,13,42,13.37,1,Meliaceae,Trichilia,pleeana,Trichilia pleeana,TRI2PL
AZ044,AZGEN044,15.4,25,7.96,1,Simaroubaceae,Homalolepis,cedron,Homalolepis cedron,SIM1CE
AZ044,AZGEN044,16.3,8,2.55,1,Menispermaceae,Hyperbaena,tonduzii,Hyperbaena tonduzii,HYPETO
AZ044,AZGEN044,17.8,6,1.91,1,Meliaceae,Trichilia,pleeana,Trichilia pleeana,TRI2PL
AZ044,AZGEN044,19.4,47,14.96,1,Arecaceae,Astrocaryum,standleyanum,Astrocaryum standleyanum,AST1ST
AZ044,AZGEN044,20,13,4.14,1,Arecaceae,Bactris,major,Bactris major,BACTMA
AZ044,AZGEN044,20,11,3.5,2,Arecaceae,Bactris,major,Bactris major,BACTMA
AZ044,AZGEN044,20,11,3.5,3,Arecaceae,Bactris,major,Bactris major,BACTMA
AZ044,AZGEN044,20,10,3.18,4,Arecaceae,Bactris,major,Bactris major,BACTMA
AZ044,AZGEN044,20,8,2.55,5,Arecaceae,Bactris,major,Bactris major,BACTMA
AZ044,AZGEN044,21.6,140,44.56,1,Malvaceae,Luehea,seemannii,Luehea seemannii,LUEHSE
AZ044,AZGEN044,22.1,135,42.97,1,Fabaceae,Inga,laurina,Inga laurina,INGAFA
AZ044,AZGEN044,23,8,2.55,1,Meliaceae,Trichilia,pleeana,Trichilia pleeana,TRI2PL
AZ044,AZGEN044,24.2,11,3.5,1,Meliaceae,Trichilia,pleeana,Trichilia pleeana,TRI2PL
AZ044,AZGEN044,25.8,12,3.82,1,Arecaceae,Bactris,major,Bactris major,BACTMA
AZ044,AZGEN044,25.8,8,2.55,2,Arecaceae,Bactris,major,Bactris major,BACTMA
AZ044,AZGEN044,26.3,115,36.61,1,Elaeocarpaceae,Sloanea,terniflora,Sloanea terniflora,SLOATE
AZ044,AZGEN044,27.8,8,2.55,1,Meliaceae,Trichilia,pleeana,Trichilia pleeana,TRI2PL
AZ044,AZGEN044,27.9,18,5.73,1,Meliaceae,Trichilia,pleeana,Trichilia pleeana,TRI2PL
AZ044,AZGEN044,30.2,170,54.11,1,Malvaceae,Luehea,seemannii,Luehea seemannii,LUEHSE
AZ044,AZGEN044,34.6,9,2.86,1,Meliaceae,Trichilia,pleeana,Trichilia pleeana,TRI2PL
AZ044,AZGEN044,36.6,11,3.5,1,Arecaceae,Bactris,major,Bactris major,BACTMA
AZ044,AZGEN044,36.6,10,3.18,2,Arecaceae,Bactris,major,Bactris major,BACTMA
AZ044,AZGEN044,37.6,8,2.55,1,Meliaceae,Trichilia,pleeana,Trichilia pleeana,TRI2PL
AZ044,AZGEN044,39.5,8,2.55,1,Meliaceae,Trichilia,pleeana,Trichilia pleeana,TRI2PL
AZ044,AZGEN044,42.2,10,3.18,1,Meliaceae,Trichilia,pleeana,Trichilia pleeana,TRI2PL
AZ044,AZGEN044,43.6,11,3.5,1,Meliaceae,Trichilia,pleeana,Trichilia pleeana,TRI2PL
AZ044,AZGEN044,44.5,10.5,3.34,1,Meliaceae,Trichilia,pleeana,Trichilia pleeana,TRI2PL
AZ044,AZGEN044,45.8,88.5,28.17,1,Fabaceae,Inga,laurina,Inga laurina,INGAFA
AZ044,AZGEN044,46.7,33,10.5,1,Acanthaceae,Trichanthera,gigantea,Trichanthera gigantea,TRI1GI
AZ044,AZGEN044,46.7,14,4.46,2,Acanthaceae,Trichanthera,gigantea,Trichanthera gigantea,TRI1GI
AZ044,AZGEN044,47.6,94,29.92,1,Menispermaceae,Hyperbaena,tonduzii,Hyperbaena tonduzii,HYPETO
AZ045,AZGEN045,2.1,46,14.64,1,Boraginaceae,Cordia,alliodora,Cordia alliodora,CORDAL
AZ045,AZGEN045,3.9,39,12.41,1,Boraginaceae,Cordia,alliodora,Cordia alliodora,CORDAL
AZ045,AZGEN045,5.2,41.8,13.31,1,Boraginaceae,Cordia,alliodora,Cordia alliodora,CORDAL
AZ045,AZGEN045,6.1,30.6,9.74,1,Anacardiaceae,Astronium,graveolens,Astronium graveolens,AST2GR
AZ045,AZGEN045,6.1,20,6.37,1,Fabaceae,Pithecellobium,hymenaeifolium,Pithecellobium hymenaeifolium,PIT1HY
AZ045,AZGEN045,6.1,18.6,5.92,1,Bignoniaceae,Bignonia,aequinoctialis,Bignonia aequinoctialis,
AZ045,AZGEN045,7.8,36.2,11.52,1,Salicaceae,Xylosma,panamensis,Xylosma panamensis,XYL2PA
AZ045,AZGEN045,7.8,29.8,9.49,2,Salicaceae,Xylosma,panamensis,Xylosma panamensis,XYL2PA
AZ045,AZGEN045,7.8,23,7.32,3,Salicaceae,Xylosma,panamensis,Xylosma panamensis,XYL2PA
AZ045,AZGEN045,7.8,23.6,7.51,4,Salicaceae,Xylosma,panamensis,Xylosma panamensis,XYL2PA
AZ045,AZGEN045,9.5,63.2,20.12,1,Boraginaceae,Cordia,alliodora,Cordia alliodora,CORDAL
AZ045,AZGEN045,10.8,53.2,16.93,1,Rubiaceae,Pittoniotis,trichantha,Pittoniotis trichantha,ANTITR
AZ045,AZGEN045,10.8,36.4,11.59,1,Rubiaceae,Genipa,americana,Genipa americana,GENIAM
AZ045,AZGEN045,11.6,11,3.5,1,Apocynaceae,Tabernaemontana,grandiflora,Tabernaemontana grandiflora,STEMGR
AZ045,AZGEN045,12,27,8.59,1,Apocynaceae,Thevetia,ahouai,Thevetia ahouai,THEVAH
AZ045,AZGEN045,13,9,2.86,1,Fabaceae,Vachellia,collinsii,Vachellia collinsii,ACACCO
AZ045,AZGEN045,15,91,28.97,1,Burseraceae,Bursera,simaruba,Bursera simaruba,BURSSI
AZ045,AZGEN045,15,28,8.91,1,Anacardiaceae,Astronium,graveolens,Astronium graveolens,AST2GR
AZ045,AZGEN045,16.7,7,2.23,1,Bignoniaceae,Bignonia,aequinoctialis,Bignonia aequinoctialis,
AZ045,AZGEN045,18,9,2.86,1,Melastomataceae,Miconia,octona,Miconia octona,CLIDOC
AZ045,AZGEN045,20,6,1.91,1,Menispermaceae,Hyperbaena,tonduzii,Hyperbaena tonduzii,HYPETO
AZ045,AZGEN045,20,17,5.41,1,Rubiaceae,Psychotria,carthagenensis,Psychotria carthagenensis,PSYCC3
AZ045,AZGEN045,21,10,3.18,1,Melastomataceae,Miconia,octona,Miconia octona,CLIDOC
AZ045,AZGEN045,21.4,8,2.55,1,Menispermaceae,Hyperbaena,tonduzii,Hyperbaena tonduzii,HYPETO
AZ045,AZGEN045,24.3,10,3.18,1,Fabaceae,Pithecellobium,hymenaeifolium,Pithecellobium hymenaeifolium,PIT1HY
AZ045,AZGEN045,25,5,1.59,1,Fabaceae,Pithecellobium,hymenaeifolium,Pithecellobium hymenaeifolium,PIT1HY
AZ045,AZGEN045,25,17,5.41,1,Fabaceae,Pithecellobium,hymenaeifolium,Pithecellobium hymenaeifolium,PIT1HY
AZ045,AZGEN045,25,16.9,5.38,2,Fabaceae,Pithecellobium,hymenaeifolium,Pithecellobium hymenaeifolium,PIT1HY
AZ045,AZGEN045,25,15,4.77,3,Fabaceae,Pithecellobium,hymenaeifolium,Pithecellobium hymenaeifolium,PIT1HY
AZ045,AZGEN045,25,12,3.82,4,Fabaceae,Pithecellobium,hymenaeifolium,Pithecellobium hymenaeifolium,PIT1HY
AZ045,AZGEN045,25,15,4.77,5,Fabaceae,Pithecellobium,hymenaeifolium,Pithecellobium hymenaeifolium,PIT1HY
AZ045,AZGEN045,25,15,4.77,6,Fabaceae,Pithecellobium,hymenaeifolium,Pithecellobium hymenaeifolium,PIT1HY
AZ045,AZGEN045,25,18,5.73,7,Fabaceae,Pithecellobium,hymenaeifolium,Pithecellobium hymenaeifolium,PIT1HY
AZ045,AZGEN045,26,43,13.69,1,Malvaceae,Guazuma,ulmifolia,Guazuma ulmifolia,GUAZUL
AZ045,AZGEN045,26,33,10.5,2,Malvaceae,Guazuma,ulmifolia,Guazuma ulmifolia,GUAZUL
AZ045,AZGEN045,26,21,6.68,3,Malvaceae,Guazuma,ulmifolia,Guazuma ulmifolia,GUAZUL
AZ045,AZGEN045,26,3.8,1.21,1,Combretaceae,Combretum,decandrum,Combretum decandrum,
AZ045,AZGEN045,27.5,12.2,3.88,1,Fabaceae,Pithecellobium,hymenaeifolium,Pithecellobium hymenaeifolium,PIT1HY
AZ045,AZGEN045,27.5,8,2.55,2,Fabaceae,Pithecellobium,hymenaeifolium,Pithecellobium hymenaeifolium,PIT1HY
AZ045,AZGEN045,27.5,27,8.59,1,Fabaceae,Pithecellobium,hymenaeifolium,Pithecellobium hymenaeifolium,PIT1HY
AZ045,AZGEN045,29.4,15,4.77,1,Fabaceae,Pithecellobium,hymenaeifolium,Pithecellobium hymenaeifolium,PIT1HY
AZ045,AZGEN045,29.4,8,2.55,2,Fabaceae,Pithecellobium,hymenaeifolium,Pithecellobium hymenaeifolium,PIT1HY
AZ045,AZGEN045,29.4,10,3.18,3,Fabaceae,Pithecellobium,hymenaeifolium,Pithecellobium hymenaeifolium,PIT1HY
AZ045,AZGEN045,29.4,6,1.91,4,Fabaceae,Pithecellobium,hymenaeifolium,Pithecellobium hymenaeifolium,PIT1HY
AZ045,AZGEN045,29.4,51,16.23,1,Malvaceae,Guazuma,ulmifolia,Guazuma ulmifolia,GUAZUL
AZ045,AZGEN045,30,18,5.73,1,Fabaceae,Pithecellobium,hymenaeifolium,Pithecellobium hymenaeifolium,PIT1HY
AZ045,AZGEN045,30,15.6,4.97,2,Fabaceae,Pithecellobium,hymenaeifolium,Pithecellobium hymenaeifolium,PIT1HY
AZ045,AZGEN045,30,21,6.68,3,Fabaceae,Pithecellobium,hymenaeifolium,Pithecellobium hymenaeifolium,PIT1HY
AZ045,AZGEN045,30,20.6,6.56,4,Fabaceae,Pithecellobium,hymenaeifolium,Pithecellobium hymenaeifolium,PIT1HY
AZ045,AZGEN045,32,34.6,11.01,1,Malvaceae,Guazuma,ulmifolia,Guazuma ulmifolia,GUAZUL
AZ045,AZGEN045,37,9,2.86,1,Fabaceae,Vachellia,collinsii,Vachellia collinsii,ACACCO
AZ045,AZGEN045,39,42,13.37,1,Malvaceae,Guazuma,ulmifolia,Guazuma ulmifolia,GUAZUL
AZ045,AZGEN045,39,41,13.05,1,Fabaceae,Pithecellobium,hymenaeifolium,Pithecellobium hymenaeifolium,PIT1HY
AZ045,AZGEN045,39,29,9.23,1,Malvaceae,Guazuma,ulmifolia,Guazuma ulmifolia,GUAZUL
AZ045,AZGEN045,39.2,5,1.59,1,Bixaceae,Bixa,orellana,Bixa orellana,BIXAOR
AZ045,AZGEN045,42.5,20,6.37,1,Malvaceae,Guazuma,ulmifolia,Guazuma ulmifolia,GUAZUL
AZ045,AZGEN045,40.8,23,7.32,1,Fabaceae,Vachellia,collinsii,Vachellia collinsii,ACACCO
AZ045,AZGEN045,44.8,9.2,2.93,1,Fabaceae,Pithecellobium,hymenaeifolium,Pithecellobium hymenaeifolium,PIT1HY
AZ045,AZGEN045,47,42,13.37,1,Malvaceae,Pochota,fendleri,Pochota fendleri,POCHQU
AZ045,AZGEN045,49.8,12,3.82,1,Fabaceae,Schnella,guianensis,Schnella guianensis,
AZ045,AZGEN045,49.8,9,2.86,1,Simaroubaceae,Homalolepis,cedron,Homalolepis cedron,SIM1CE
AZ045,AZGEN045,49.8,7,2.23,2,Simaroubaceae,Homalolepis,cedron,Homalolepis cedron,SIM1CE
AZ045,AZGEN045,48,36.4,11.59,1,Boraginaceae,Cordia,alliodora,Cordia alliodora,CORDAL
AZ046,AZGEN046,1,13,4.14,1,Rubiaceae,Genipa,americana,Genipa americana,GENIAM
AZ046,AZGEN046,1.1,20,6.37,1,Burseraceae,Bursera,simaruba,Bursera simaruba,BURSSI
AZ046,AZGEN046,1.1,10,3.18,2,Burseraceae,Bursera,simaruba,Bursera simaruba,BURSSI
AZ046,AZGEN046,2,9,2.86,1,Burseraceae,Bursera,simaruba,Bursera simaruba,BURSSI
AZ046,AZGEN046,2.1,10,3.18,1,Rubiaceae,Genipa,americana,Genipa americana,GENIAM
AZ046,AZGEN046,2.5,9,2.86,1,Malvaceae,Luehea,seemannii,Luehea seemannii,LUEHSE
AZ046,AZGEN046,2.7,8,2.55,1,Lamiaceae,Tectona,grandis,Tectona grandis,TECTGR
AZ046,AZGEN046,4,26,8.28,1,Burseraceae,Bursera,simaruba,Bursera simaruba,BURSSI
AZ046,AZGEN046,4.2,42,13.37,1,Bixaceae,Cochlospermum,vitifolium,Cochlospermum vitifolium,COCHVI
AZ046,AZGEN046,4.3,19,6.05,1,Burseraceae,Bursera,simaruba,Bursera simaruba,BURSSI
AZ046,AZGEN046,4.3,24,7.64,1,Boraginaceae,Cordia,alliodora,Cordia alliodora,CORDAL
AZ046,AZGEN046,4.4,10,3.18,1,Burseraceae,Bursera,simaruba,Bursera simaruba,BURSSI
AZ046,AZGEN046,6.1,30,9.55,1,Boraginaceae,Cordia,alliodora,Cordia alliodora,CORDAL
AZ046,AZGEN046,6.1,17,5.41,2,Boraginaceae,Cordia,alliodora,Cordia alliodora,CORDAL
AZ046,AZGEN046,6,8,2.55,1,Salicaceae,Casearia,laetioides,Casearia laetioides,ZUELGU
AZ046,AZGEN046,6.5,13,4.14,1,Rubiaceae,Genipa,americana,Genipa americana,GENIAM
AZ046,AZGEN046,8.6,8,2.55,1,Lamiaceae,Tectona,grandis,Tectona grandis,TECTGR
AZ046,AZGEN046,10.1,16.5,5.25,1,Fabaceae,Hymenaea,courbaril,Hymenaea courbaril,HYMECO
AZ046,AZGEN046,10.8,30.8,9.8,1,Burseraceae,Bursera,simaruba,Bursera simaruba,BURSSI
AZ046,AZGEN046,10.8,8,2.55,1,Rubiaceae,Genipa,americana,Genipa americana,GENIAM
AZ046,AZGEN046,13.6,8,2.55,1,Rubiaceae,Genipa,americana,Genipa americana,GENIAM
AZ046,AZGEN046,13.6,9.4,2.99,1,Rubiaceae,Genipa,americana,Genipa americana,GENIAM
AZ046,AZGEN046,13.7,38,12.1,1,Bixaceae,Cochlospermum,vitifolium,Cochlospermum vitifolium,COCHVI
AZ046,AZGEN046,13.8,40.2,12.8,1,Boraginaceae,Cordia,alliodora,Cordia alliodora,CORDAL
AZ046,AZGEN046,14,14,4.46,1,Apocynaceae,Thevetia,ahouai,Thevetia ahouai,THEVAH
AZ046,AZGEN046,14,8,2.55,2,Apocynaceae,Thevetia,ahouai,Thevetia ahouai,THEVAH
AZ046,AZGEN046,15.2,10.8,3.44,1,Apocynaceae,Thevetia,ahouai,Thevetia ahouai,THEVAH
AZ046,AZGEN046,15.2,10.2,3.25,2,Apocynaceae,Thevetia,ahouai,Thevetia ahouai,THEVAH
AZ046,AZGEN046,15.2,5.9,1.88,3,Apocynaceae,Thevetia,ahouai,Thevetia ahouai,THEVAH
AZ046,AZGEN046,16.7,13,4.14,1,Lamiaceae,Tectona,grandis,Tectona grandis,TECTGR
AZ046,AZGEN046,16.7,10,3.18,2,Lamiaceae,Tectona,grandis,Tectona grandis,TECTGR
AZ046,AZGEN046,16.7,8,2.55,3,Lamiaceae,Tectona,grandis,Tectona grandis,TECTGR
AZ046,AZGEN046,16.8,8,2.55,1,Fabaceae,Schnella,guianensis,Schnella guianensis,
AZ046,AZGEN046,19.1,10,3.18,1,Apocynaceae,Thevetia,ahouai,Thevetia ahouai,THEVAH
AZ046,AZGEN046,19.6,14,4.46,1,Apocynaceae,Thevetia,ahouai,Thevetia ahouai,THEVAH
AZ046,AZGEN046,19.6,11,3.5,1,Boraginaceae,Cordia,alliodora,Cordia alliodora,CORDAL
AZ046,AZGEN046,21.4,13.2,4.2,1,Fabaceae,Senna,hayesiana,Senna hayesiana,SENNHA
AZ046,AZGEN046,21.8,9.8,3.12,1,Lamiaceae,Tectona,grandis,Tectona grandis,TECTGR
AZ046,AZGEN046,21.8,7,2.23,2,Lamiaceae,Tectona,grandis,Tectona grandis,TECTGR
AZ046,AZGEN046,22.6,36.6,11.65,1,Bixaceae,Cochlospermum,vitifolium,Cochlospermum vitifolium,COCHVI
AZ046,AZGEN046,23,8,2.55,1,Apocynaceae,Thevetia,ahouai,Thevetia ahouai,THEVAH
AZ046,AZGEN046,23.1,66.2,21.07,1,Sapindaceae,Allophylus,psilospermus,Allophylus psilospermus,ALLOPS
AZ046,AZGEN046,24.3,24.8,7.89,1,Boraginaceae,Cordia,alliodora,Cordia alliodora,CORDAL
AZ046,AZGEN046,24.5,18,5.73,1,Burseraceae,Bursera,simaruba,Bursera simaruba,BURSSI
AZ046,AZGEN046,24.5,13,4.14,2,Burseraceae,Bursera,simaruba,Bursera simaruba,BURSSI
AZ046,AZGEN046,25,13,4.14,1,Boraginaceae,Cordia,collococca,Cordia collococca,CORDCO
AZ046,AZGEN046,25.6,6,1.91,1,Lamiaceae,Tectona,grandis,Tectona grandis,TECTGR
AZ046,AZGEN046,25.6,6,1.91,2,Lamiaceae,Tectona,grandis,Tectona grandis,TECTGR
AZ046,AZGEN046,27.8,9,2.86,1,Lamiaceae,Tectona,grandis,Tectona grandis,TECTGR
AZ046,AZGEN046,27.8,6,1.91,2,Lamiaceae,Tectona,grandis,Tectona grandis,TECTGR
AZ046,AZGEN046,33.2,7,2.23,1,Boraginaceae,Cordia,collococca,Cordia collococca,CORDCO
AZ046,AZGEN046,34,36,11.46,1,Boraginaceae,Cordia,alliodora,Cordia alliodora,CORDAL
AZ046,AZGEN046,33.6,6,1.91,1,Rubiaceae,Genipa,americana,Genipa americana,GENIAM
AZ046,AZGEN046,33.6,7.1,2.26,1,Rubiaceae,Genipa,americana,Genipa americana,GENIAM
AZ046,AZGEN046,34.5,51,16.23,1,Malpighiaceae,Byrsonima,crassifolia,Byrsonima crassifolia,BYRSCR
AZ046,AZGEN046,34.5,31,9.87,2,Malpighiaceae,Byrsonima,crassifolia,Byrsonima crassifolia,BYRSCR
AZ046,AZGEN046,35.6,9,2.86,1,Lamiaceae,Tectona,grandis,Tectona grandis,TECTGR
AZ046,AZGEN046,36.7,10,3.18,1,Boraginaceae,Cordia,alliodora,Cordia alliodora,CORDAL
AZ046,AZGEN046,36.7,9,2.86,2,Boraginaceae,Cordia,alliodora,Cordia alliodora,CORDAL
AZ046,AZGEN046,37.2,11,3.5,1,Lamiaceae,Tectona,grandis,Tectona grandis,TECTGR
AZ046,AZGEN046,37.2,7,2.23,2,Lamiaceae,Tectona,grandis,Tectona grandis,TECTGR
AZ046,AZGEN046,35.2,27,8.59,1,Rubiaceae,Pittoniotis,trichantha,Pittoniotis trichantha,ANTITR
AZ046,AZGEN046,38.6,12,3.82,1,Burseraceae,Bursera,simaruba,Bursera simaruba,BURSSI
AZ046,AZGEN046,42.1,7,2.23,1,Rubiaceae,Genipa,americana,Genipa americana,GENIAM
AZ046,AZGEN046,43.6,7,2.23,1,Melastomataceae,Miconia,argentea,Miconia argentea,MICOAR
AZ046,AZGEN046,43.6,5,1.59,2,Melastomataceae,Miconia,argentea,Miconia argentea,MICOAR
AZ046,AZGEN046,43.6,8,2.55,3,Melastomataceae,Miconia,argentea,Miconia argentea,MICOAR
AZ046,AZGEN046,42.3,38,12.1,1,Malpighiaceae,Byrsonima,crassifolia,Byrsonima crassifolia,BYRSCR
AZ046,AZGEN046,48.7,27.5,8.75,1,Salicaceae,Xylosma,panamensis,Xylosma panamensis,XYL2PA
AZ046,AZGEN046,48.7,5,1.59,2,Salicaceae,Xylosma,panamensis,Xylosma panamensis,XYL2PA
AZ046,AZGEN046,49.1,35,11.14,1,Fabaceae,Hymenaea,courbaril,Hymenaea courbaril,HYMECO
AZ046,AZGEN046,48,67,21.33,1,Malpighiaceae,Byrsonima,crassifolia,Byrsonima crassifolia,BYRSCR
AZ047,AZGEN047,2.5,40,12.73,1,Malpighiaceae,Byrsonima,crassifolia,Byrsonima crassifolia,BYRSCR
AZ047,AZGEN047,2.5,38.5,12.25,2,Malpighiaceae,Byrsonima,crassifolia,Byrsonima crassifolia,BYRSCR
AZ047,AZGEN047,3,39,12.41,1,Bixaceae,Cochlospermum,vitifolium,Cochlospermum vitifolium,COCHVI
AZ047,AZGEN047,4.2,32,10.19,1,Rubiaceae,Genipa,americana,Genipa americana,GENIAM
AZ047,AZGEN047,6.2,64,20.37,1,Rubiaceae,Genipa,americana,Genipa americana,GENIAM
AZ047,AZGEN047,12,71,22.6,1,Bixaceae,Cochlospermum,vitifolium,Cochlospermum vitifolium,COCHVI
AZ047,AZGEN047,12.6,38,12.1,1,Rubiaceae,Genipa,americana,Genipa americana,GENIAM
AZ047,AZGEN047,12.6,39,12.41,2,Rubiaceae,Genipa,americana,Genipa americana,GENIAM
AZ047,AZGEN047,12.6,36,11.46,3,Rubiaceae,Genipa,americana,Genipa americana,GENIAM
AZ047,AZGEN047,13,26,8.28,1,Malpighiaceae,Byrsonima,crassifolia,Byrsonima crassifolia,BYRSCR
AZ047,AZGEN047,15.6,53,16.87,1,Bixaceae,Cochlospermum,vitifolium,Cochlospermum vitifolium,COCHVI
AZ047,AZGEN047,19.3,60,19.1,1,Malpighiaceae,Byrsonima,crassifolia,Byrsonima crassifolia,BYRSCR
AZ047,AZGEN047,22,54,17.19,1,Rubiaceae,Genipa,americana,Genipa americana,GENIAM
AZ047,AZGEN047,22,49,15.6,2,Rubiaceae,Genipa,americana,Genipa americana,GENIAM
AZ047,AZGEN047,25,41,13.05,1,Rubiaceae,Genipa,americana,Genipa americana,GENIAM
AZ047,AZGEN047,26,24,7.64,1,Malpighiaceae,Byrsonima,crassifolia,Byrsonima crassifolia,BYRSCR
AZ047,AZGEN047,26,21,6.68,2,Malpighiaceae,Byrsonima,crassifolia,Byrsonima crassifolia,BYRSCR
AZ047,AZGEN047,30,19,6.05,1,Fabaceae,Ormosia,macrocalyx,Ormosia macrocalyx,ORMOMA
AZ047,AZGEN047,35.6,30,9.55,1,Rubiaceae,Genipa,americana,Genipa americana,GENIAM
AZ047,AZGEN047,36.9,17,5.41,1,Boraginaceae,Cordia,alliodora,Cordia alliodora,CORDAL
AZ047,AZGEN047,38.3,18,5.73,1,Rubiaceae,Genipa,americana,Genipa americana,GENIAM
AZ047,AZGEN047,40.2,41,13.05,1,Rubiaceae,Genipa,americana,Genipa americana,GENIAM
AZ047,AZGEN047,42.6,44,14.01,1,Malpighiaceae,Byrsonima,crassifolia,Byrsonima crassifolia,BYRSCR
AZ047,AZGEN047,42.6,25,7.96,2,Malpighiaceae,Byrsonima,crassifolia,Byrsonima crassifolia,BYRSCR
AZ047,AZGEN047,43.8,25,7.96,1,Rubiaceae,Genipa,americana,Genipa americana,GENIAM
AZ047,AZGEN047,45.6,20,6.37,1,Rubiaceae,Genipa,americana,Genipa americana,GENIAM
AZ047,AZGEN047,46.3,23,7.32,1,Rubiaceae,Genipa,americana,Genipa americana,GENIAM
AZ047,AZGEN047,48.6,28,8.91,1,Rubiaceae,Genipa,americana,Genipa americana,GENIAM
AZ047,AZGEN047,48.6,27,8.59,2,Rubiaceae,Genipa,americana,Genipa americana,GENIAM
AZ047,AZGEN047,48.6,22,7,3,Rubiaceae,Genipa,americana,Genipa americana,GENIAM
AZ047,AZGEN047,48.6,21,6.68,4,Rubiaceae,Genipa,americana,Genipa americana,GENIAM
AZ047,AZGEN047,49.7,37,11.78,1,Rubiaceae,Genipa,americana,Genipa americana,GENIAM
AZ048,AZGEN048,1,25,7.96,1,Rubiaceae,Genipa,americana,Genipa americana,GENIAM
AZ048,AZGEN048,1,27,8.59,2,Rubiaceae,Genipa,americana,Genipa americana,GENIAM
AZ048,AZGEN048,1.7,9,2.86,1,Fabaceae,Vachellia,collinsii,Vachellia collinsii,ACACCO
AZ048,AZGEN048,1.9,9.5,3.02,1,Lamiaceae,Tectona,grandis,Tectona grandis,TECTGR
AZ048,AZGEN048,2.1,10,3.18,1,Lamiaceae,Tectona,grandis,Tectona grandis,TECTGR
AZ048,AZGEN048,2.3,16.5,5.25,1,Rubiaceae,Genipa,americana,Genipa americana,GENIAM
AZ048,AZGEN048,3.6,18,5.73,1,Rubiaceae,Genipa,americana,Genipa americana,GENIAM
AZ048,AZGEN048,4.2,7,2.23,1,Lamiaceae,Tectona,grandis,Tectona grandis,TECTGR
AZ048,AZGEN048,3.6,5,1.59,1,Lamiaceae,Tectona,grandis,Tectona grandis,TECTGR
AZ048,AZGEN048,4.2,4.5,1.43,1,Boraginaceae,Cordia,alliodora,Cordia alliodora,CORDAL
AZ048,AZGEN048,4.3,41,13.05,1,Dilleniaceae,Curatella,americana,Curatella americana,CURAAM
AZ048,AZGEN048,4.3,40.8,12.99,2,Dilleniaceae,Curatella,americana,Curatella americana,CURAAM
AZ048,AZGEN048,5.4,21,6.68,1,Euphorbiaceae,Sapium,glandulosum,Sapium glandulosum,SAPIAU
AZ048,AZGEN048,5.5,44,14.01,1,Dilleniaceae,Curatella,americana,Curatella americana,CURAAM
AZ048,AZGEN048,6.3,31.5,10.03,1,Burseraceae,Bursera,simaruba,Bursera simaruba,BURSSI
AZ048,AZGEN048,6.8,7.8,2.48,1,Dilleniaceae,Curatella,americana,Curatella americana,CURAAM
AZ048,AZGEN048,7.9,42.5,13.53,1,Dilleniaceae,Curatella,americana,Curatella americana,CURAAM
AZ048,AZGEN048,7.9,31.8,10.12,2,Dilleniaceae,Curatella,americana,Curatella americana,CURAAM
AZ048,AZGEN048,7.9,24,7.64,3,Dilleniaceae,Curatella,americana,Curatella americana,CURAAM
AZ048,AZGEN048,9.7,32,10.19,1,Anacardiaceae,Anacardium,occidentale,Anacardium occidentale,ANACOC
AZ048,AZGEN048,9.7,26,8.28,2,Anacardiaceae,Anacardium,occidentale,Anacardium occidentale,ANACOC
AZ048,AZGEN048,9.7,26,8.28,3,Anacardiaceae,Anacardium,occidentale,Anacardium occidentale,ANACOC
AZ048,AZGEN048,8.5,6,1.91,1,Lamiaceae,Tectona,grandis,Tectona grandis,TECTGR
AZ048,AZGEN048,8.6,10,3.18,1,Lamiaceae,Tectona,grandis,Tectona grandis,TECTGR
AZ048,AZGEN048,11.2,8,2.55,1,Lamiaceae,Tectona,grandis,Tectona grandis,TECTGR
AZ048,AZGEN048,11.4,22,7,1,Malvaceae,Apeiba,tibourbou,Apeiba tibourbou,APEITI
AZ048,AZGEN048,11.4,21,6.68,2,Malvaceae,Apeiba,tibourbou,Apeiba tibourbou,APEITI
AZ048,AZGEN048,11.4,8,2.55,3,Malvaceae,Apeiba,tibourbou,Apeiba tibourbou,APEITI
AZ048,AZGEN048,11.7,11,3.5,1,Lamiaceae,Tectona,grandis,Tectona grandis,TECTGR
AZ048,AZGEN048,11.7,10,3.18,2,Lamiaceae,Tectona,grandis,Tectona grandis,TECTGR
AZ048,AZGEN048,13.6,8,2.55,1,Rubiaceae,Genipa,americana,Genipa americana,GENIAM
AZ048,AZGEN048,13.6,4,1.27,2,Rubiaceae,Genipa,americana,Genipa americana,GENIAM
AZ048,AZGEN048,15.2,5,1.59,1,Rubiaceae,Genipa,americana,Genipa americana,GENIAM
AZ048,AZGEN048,15.2,5,1.59,2,Rubiaceae,Genipa,americana,Genipa americana,GENIAM
AZ048,AZGEN048,15.3,48,15.28,1,Rubiaceae,Genipa,americana,Genipa americana,GENIAM
AZ048,AZGEN048,15.3,37,11.78,2,Rubiaceae,Genipa,americana,Genipa americana,GENIAM
AZ048,AZGEN048,15.3,4,1.27,1,Fabaceae,Vachellia,collinsii,Vachellia collinsii,ACACCO
AZ048,AZGEN048,21.3,12,3.82,1,Boraginaceae,Cordia,alliodora,Cordia alliodora,CORDAL
AZ048,AZGEN048,21.4,6,1.91,1,Sapindaceae,Allophylus,psilospermus,Allophylus psilospermus,ALLOPS
AZ048,AZGEN048,21.4,5.5,1.75,2,Sapindaceae,Allophylus,psilospermus,Allophylus psilospermus,ALLOPS
AZ048,AZGEN048,21.4,4,1.27,3,Sapindaceae,Allophylus,psilospermus,Allophylus psilospermus,ALLOPS
AZ048,AZGEN048,22.6,103,32.79,1,Arecaceae,Astrocaryum,standleyanum,Astrocaryum standleyanum,AST1ST
AZ048,AZGEN048,23.2,70,22.28,1,Burseraceae,Bursera,simaruba,Bursera simaruba,BURSSI
AZ048,AZGEN048,23.2,72,22.92,1,Anacardiaceae,Spondias,mombin,Spondias mombin,SPONMO
AZ048,AZGEN048,25.4,50,15.92,1,Rubiaceae,Genipa,americana,Genipa americana,GENIAM
AZ048,AZGEN048,25.6,19,6.05,1,Burseraceae,Bursera,simaruba,Bursera simaruba,BURSSI
AZ048,AZGEN048,28.6,9,2.86,1,Boraginaceae,Cordia,alliodora,Cordia alliodora,CORDAL
AZ048,AZGEN048,27.6,48,15.28,1,Rubiaceae,Genipa,americana,Genipa americana,GENIAM
AZ048,AZGEN048,28,8,2.55,1,Rubiaceae,Genipa,americana,Genipa americana,GENIAM
AZ048,AZGEN048,28.6,8.5,2.71,1,Boraginaceae,Cordia,alliodora,Cordia alliodora,CORDAL
AZ048,AZGEN048,32.2,37,11.78,1,Rubiaceae,Genipa,americana,Genipa americana,GENIAM
AZ048,AZGEN048,33.6,17.5,5.57,1,Sapindaceae,Allophylus,psilospermus,Allophylus psilospermus,ALLOPS
AZ048,AZGEN048,34.2,9,2.86,1,Rubiaceae,Genipa,americana,Genipa americana,GENIAM
AZ048,AZGEN048,35.5,9,2.86,1,Rubiaceae,Genipa,americana,Genipa americana,GENIAM
AZ048,AZGEN048,35.5,8,2.55,2,Rubiaceae,Genipa,americana,Genipa americana,GENIAM
AZ048,AZGEN048,37.8,64,20.37,1,Lamiaceae,Tectona,grandis,Tectona grandis,TECTGR
AZ048,AZGEN048,37.8,67,21.33,2,Lamiaceae,Tectona,grandis,Tectona grandis,TECTGR
AZ048,AZGEN048,37.8,15,4.77,3,Lamiaceae,Tectona,grandis,Tectona grandis,TECTGR
AZ048,AZGEN048,37.8,48,15.28,4,Lamiaceae,Tectona,grandis,Tectona grandis,TECTGR
AZ048,AZGEN048,37.8,46,14.64,5,Lamiaceae,Tectona,grandis,Tectona grandis,TECTGR
AZ048,AZGEN048,37.8,26,8.28,6,Lamiaceae,Tectona,grandis,Tectona grandis,TECTGR
AZ048,AZGEN048,38.2,8,2.55,1,Fabaceae,Vachellia,collinsii,Vachellia collinsii,ACACCO
AZ048,AZGEN048,40.6,30,9.55,1,Lamiaceae,Tectona,grandis,Tectona grandis,TECTGR
AZ048,AZGEN048,41.2,14,4.46,1,Fabaceae,Vachellia,collinsii,Vachellia collinsii,ACACCO
AZ048,AZGEN048,41.2,23,7.32,2,Fabaceae,Vachellia,collinsii,Vachellia collinsii,ACACCO
AZ048,AZGEN048,40,27.5,8.75,1,Malpighiaceae,Byrsonima,crassifolia,Byrsonima crassifolia,BYRSCR
AZ048,AZGEN048,40.2,11,3.5,1,Rubiaceae,Genipa,americana,Genipa americana,GENIAM
AZ048,AZGEN048,40.4,13,4.14,1,Rubiaceae,Genipa,americana,Genipa americana,GENIAM
AZ048,AZGEN048,42.4,92,29.28,1,Lamiaceae,Tectona,grandis,Tectona grandis,TECTGR
AZ048,AZGEN048,41.6,16,5.09,1,Lamiaceae,Tectona,grandis,Tectona grandis,TECTGR
AZ048,AZGEN048,41.6,15,4.77,2,Lamiaceae,Tectona,grandis,Tectona grandis,TECTGR
AZ048,AZGEN048,43.6,33,10.5,1,Rubiaceae,Genipa,americana,Genipa americana,GENIAM
AZ048,AZGEN048,42.8,4.5,1.43,1,Sapindaceae,Allophylus,psilospermus,Allophylus psilospermus,ALLOPS
AZ048,AZGEN048,46.7,16.8,5.35,1,Rubiaceae,Genipa,americana,Genipa americana,GENIAM
AZ048,AZGEN048,48,21,6.68,1,Fabaceae,Vachellia,collinsii,Vachellia collinsii,ACACCO
AZ048,AZGEN048,48.6,16,5.09,1,Boraginaceae,Cordia,alliodora,Cordia alliodora,CORDAL
AZ048,AZGEN048,48.9,85,27.06,1,Lamiaceae,Tectona,grandis,Tectona grandis,TECTGR
AZ048,AZGEN048,49.4,13,4.14,1,Malpighiaceae,Byrsonima,crassifolia,Byrsonima crassifolia,BYRSCR
AZ048,AZGEN048,49.4,11,3.5,2,Malpighiaceae,Byrsonima,crassifolia,Byrsonima crassifolia,BYRSCR
AZ048,AZGEN048,49.4,5.5,1.75,3,Malpighiaceae,Byrsonima,crassifolia,Byrsonima crassifolia,BYRSCR
AZ048,AZGEN048,49.5,15,4.77,1,Rubiaceae,Genipa,americana,Genipa americana,GENIAM
AZ049,AZGEN049,1,22.6,7.19,1,Rubiaceae,Genipa,americana,Genipa americana,GENIAM
AZ049,AZGEN049,1,26.5,8.44,1,Rubiaceae,Genipa,americana,Genipa americana,GENIAM
AZ049,AZGEN049,1.2,26,8.28,1,Malpighiaceae,Byrsonima,crassifolia,Byrsonima crassifolia,BYRSCR
AZ049,AZGEN049,2.6,9,2.86,1,Lamiaceae,Tectona,grandis,Tectona grandis,TECTGR
AZ049,AZGEN049,2.6,6,1.91,2,Lamiaceae,Tectona,grandis,Tectona grandis,TECTGR
AZ049,AZGEN049,2.6,5,1.59,3,Lamiaceae,Tectona,grandis,Tectona grandis,TECTGR
AZ049,AZGEN049,2.6,5,1.59,4,Lamiaceae,Tectona,grandis,Tectona grandis,TECTGR
AZ049,AZGEN049,2.6,5,1.59,5,Lamiaceae,Tectona,grandis,Tectona grandis,TECTGR
AZ049,AZGEN049,2.6,4,1.27,6,Lamiaceae,Tectona,grandis,Tectona grandis,TECTGR
AZ049,AZGEN049,4.3,13,4.14,1,Lamiaceae,Tectona,grandis,Tectona grandis,TECTGR
AZ049,AZGEN049,4.3,11.5,3.66,2,Lamiaceae,Tectona,grandis,Tectona grandis,TECTGR
AZ049,AZGEN049,4.3,9,2.86,3,Lamiaceae,Tectona,grandis,Tectona grandis,TECTGR
AZ049,AZGEN049,4.3,5,1.59,4,Lamiaceae,Tectona,grandis,Tectona grandis,TECTGR
AZ049,AZGEN049,4.3,5,1.59,5,Lamiaceae,Tectona,grandis,Tectona grandis,TECTGR
AZ049,AZGEN049,4.3,4,1.27,6,Lamiaceae,Tectona,grandis,Tectona grandis,TECTGR
AZ049,AZGEN049,4.3,4,1.27,7,Lamiaceae,Tectona,grandis,Tectona grandis,TECTGR
AZ049,AZGEN049,6,12,3.82,1,Simaroubaceae,Homalolepis,cedron,Homalolepis cedron,SIM1CE
AZ049,AZGEN049,6.2,13.5,4.3,1,Simaroubaceae,Homalolepis,cedron,Homalolepis cedron,SIM1CE
AZ049,AZGEN049,8.3,15,4.77,1,Malvaceae,Guazuma,ulmifolia,Guazuma ulmifolia,GUAZUL
AZ049,AZGEN049,9.6,30,9.55,1,Rubiaceae,Genipa,americana,Genipa americana,GENIAM
AZ049,AZGEN049,9.6,12,3.82,2,Rubiaceae,Genipa,americana,Genipa americana,GENIAM
AZ049,AZGEN049,11.7,28.5,9.07,1,Rubiaceae,Genipa,americana,Genipa americana,GENIAM
AZ049,AZGEN049,12.2,37,11.78,1,Rubiaceae,Genipa,americana,Genipa americana,GENIAM
AZ049,AZGEN049,12.6,37,11.78,1,Dilleniaceae,Curatella,americana,Curatella americana,CURAAM
AZ049,AZGEN049,14.5,17,5.41,1,Bixaceae,Cochlospermum,vitifolium,Cochlospermum vitifolium,COCHVI
AZ049,AZGEN049,16.2,34,10.82,1,Rubiaceae,Genipa,americana,Genipa americana,GENIAM
AZ049,AZGEN049,18.3,4,1.27,1,Fabaceae,Pseudalbizzia,adinocephala,Pseudalbizzia adinocephala,ALBIAD
AZ049,AZGEN049,18.3,4,1.27,2,Fabaceae,Pseudalbizzia,adinocephala,Pseudalbizzia adinocephala,ALBIAD
AZ049,AZGEN049,18.4,4,1.27,1,Malvaceae,Luehea,speciosa,Luehea speciosa,LUEHSP
AZ049,AZGEN049,21.4,20,6.37,1,Malvaceae,Luehea,speciosa,Luehea speciosa,LUEHSP
AZ049,AZGEN049,22.6,47,14.96,1,Fabaceae,Hymenaea,courbaril,Hymenaea courbaril,HYMECO
AZ049,AZGEN049,22.6,22.5,7.16,2,Fabaceae,Hymenaea,courbaril,Hymenaea courbaril,HYMECO
AZ049,AZGEN049,23.1,58,18.46,1,Malpighiaceae,Byrsonima,crassifolia,Byrsonima crassifolia,BYRSCR
AZ049,AZGEN049,24.6,35,11.14,1,Rubiaceae,Genipa,americana,Genipa americana,GENIAM
AZ049,AZGEN049,24.6,15.5,4.93,2,Rubiaceae,Genipa,americana,Genipa americana,GENIAM
AZ049,AZGEN049,24.6,15,4.77,3,Rubiaceae,Genipa,americana,Genipa americana,GENIAM
AZ049,AZGEN049,26.4,10,3.18,1,Fabaceae,Pseudalbizzia,adinocephala,Pseudalbizzia adinocephala,ALBIAD
AZ049,AZGEN049,27,5.5,1.75,1,Boraginaceae,Cordia,panamensis,Cordia panamensis,CORDPA
AZ049,AZGEN049,27.1,17,5.41,1,Malvaceae,Luehea,speciosa,Luehea speciosa,LUEHSP
AZ049,AZGEN049,30.2,17,5.41,1,Malvaceae,Luehea,speciosa,Luehea speciosa,LUEHSP
AZ049,AZGEN049,30.2,12,3.82,2,Malvaceae,Luehea,speciosa,Luehea speciosa,LUEHSP
AZ049,AZGEN049,30.2,5,1.59,3,Malvaceae,Luehea,speciosa,Luehea speciosa,LUEHSP
AZ049,AZGEN049,31.3,52,16.55,1,Hypericaceae,Vismia,baccifera,Vismia baccifera,VISMBA
AZ049,AZGEN049,31.3,40,12.73,1,Malpighiaceae,Byrsonima,crassifolia,Byrsonima crassifolia,BYRSCR
AZ049,AZGEN049,31.3,24,7.64,1,Malvaceae,Luehea,speciosa,Luehea speciosa,LUEHSP
AZ049,AZGEN049,35,26,8.28,1,Malvaceae,Luehea,speciosa,Luehea speciosa,LUEHSP
AZ049,AZGEN049,35.2,17,5.41,1,Malvaceae,Luehea,speciosa,Luehea speciosa,LUEHSP
AZ049,AZGEN049,35.6,29,9.23,1,Malvaceae,Luehea,speciosa,Luehea speciosa,LUEHSP
AZ049,AZGEN049,34.2,34,10.82,1,Fabaceae,Erythrina,fusca,Erythrina fusca,ERY1FU
AZ049,AZGEN049,36.8,33,10.5,1,Rubiaceae,Genipa,americana,Genipa americana,GENIAM
AZ049,AZGEN049,45.3,38,12.1,1,Malpighiaceae,Byrsonima,crassifolia,Byrsonima crassifolia,BYRSCR
AZ049,AZGEN049,45.3,34,10.82,2,Malpighiaceae,Byrsonima,crassifolia,Byrsonima crassifolia,BYRSCR
AZ049,AZGEN049,45.3,29.5,9.39,3,Malpighiaceae,Byrsonima,crassifolia,Byrsonima crassifolia,BYRSCR
AZ049,AZGEN049,45.3,28,8.91,4,Malpighiaceae,Byrsonima,crassifolia,Byrsonima crassifolia,BYRSCR
AZ049,AZGEN049,45.3,9,2.86,5,Malpighiaceae,Byrsonima,crassifolia,Byrsonima crassifolia,BYRSCR
AZ049,AZGEN049,43.2,9,2.86,1,Lamiaceae,Tectona,grandis,Tectona grandis,TECTGR
AZ049,AZGEN049,43.2,7,2.23,2,Lamiaceae,Tectona,grandis,Tectona grandis,TECTGR
AZ049,AZGEN049,43.2,5,1.59,3,Lamiaceae,Tectona,grandis,Tectona grandis,TECTGR
AZ049,AZGEN049,46.4,41,13.05,1,Malvaceae,Luehea,speciosa,Luehea speciosa,LUEHSP
AZ049,AZGEN049,47.8,6,1.91,1,Lamiaceae,Tectona,grandis,Tectona grandis,TECTGR
AZ049,AZGEN049,48.5,7,2.23,1,Fabaceae,Pseudalbizzia,adinocephala,Pseudalbizzia adinocephala,ALBIAD
AZ049,AZGEN049,49.3,30,9.55,1,Urticaceae,Cecropia,peltata,Cecropia peltata,CECRPE
AZ049,AZGEN049,51.6,7,2.23,1,Fabaceae,Pseudalbizzia,adinocephala,Pseudalbizzia adinocephala,ALBIAD
AZ049,AZGEN049,52.3,9,2.86,1,Lamiaceae,Tectona,grandis,Tectona grandis,TECTGR
AZ049,AZGEN049,52.3,7,2.23,2,Lamiaceae,Tectona,grandis,Tectona grandis,TECTGR
AZ049,AZGEN049,52.3,5,1.59,3,Lamiaceae,Tectona,grandis,Tectona grandis,TECTGR
AZ049,AZGEN049,52.3,4.5,1.43,4,Lamiaceae,Tectona,grandis,Tectona grandis,TECTGR
AZ050,AZGEN050,1,30,9.55,1,Rubiaceae,Genipa,americana,Genipa americana,GENIAM
AZ050,AZGEN050,2.1,36,11.46,1,Malpighiaceae,Byrsonima,crassifolia,Byrsonima crassifolia,BYRSCR
AZ050,AZGEN050,2.9,10,3.18,1,Lamiaceae,Tectona,grandis,Tectona grandis,TECTGR
AZ050,AZGEN050,3.6,7,2.23,1,Lamiaceae,Tectona,grandis,Tectona grandis,TECTGR
AZ050,AZGEN050,3.7,22,7,1,Malpighiaceae,Byrsonima,crassifolia,Byrsonima crassifolia,BYRSCR
AZ050,AZGEN050,4.6,13,4.14,1,Apocynaceae,Tabernaemontana,grandiflora,Tabernaemontana grandiflora,STEMGR
AZ050,AZGEN050,4.6,7,2.23,2,Apocynaceae,Tabernaemontana,grandiflora,Tabernaemontana grandiflora,STEMGR
AZ050,AZGEN050,5.6,10,3.18,1,Burseraceae,Bursera,simaruba,Bursera simaruba,BURSSI
AZ050,AZGEN050,6.1,13,4.14,1,Lamiaceae,Tectona,grandis,Tectona grandis,TECTGR
AZ050,AZGEN050,6.7,10,3.18,1,Apocynaceae,Tabernaemontana,grandiflora,Tabernaemontana grandiflora,STEMGR
AZ050,AZGEN050,6.7,7,2.23,2,Apocynaceae,Tabernaemontana,grandiflora,Tabernaemontana grandiflora,STEMGR
AZ050,AZGEN050,7.1,7,2.23,1,Lamiaceae,Tectona,grandis,Tectona grandis,TECTGR
AZ050,AZGEN050,7.2,7,2.23,1,Lamiaceae,Tectona,grandis,Tectona grandis,TECTGR
AZ050,AZGEN050,7.2,6,1.91,1,Lamiaceae,Tectona,grandis,Tectona grandis,TECTGR
AZ050,AZGEN050,7.6,5,1.59,1,Lamiaceae,Tectona,grandis,Tectona grandis,TECTGR
AZ050,AZGEN050,7.8,5.5,1.75,1,Lamiaceae,Tectona,grandis,Tectona grandis,TECTGR
AZ050,AZGEN050,7.9,7,2.23,1,Lamiaceae,Tectona,grandis,Tectona grandis,TECTGR
AZ050,AZGEN050,8.2,9.5,3.02,1,Lamiaceae,Tectona,grandis,Tectona grandis,TECTGR
AZ050,AZGEN050,9.6,6,1.91,1,Lamiaceae,Tectona,grandis,Tectona grandis,TECTGR
AZ050,AZGEN050,9.6,6,1.91,2,Lamiaceae,Tectona,grandis,Tectona grandis,TECTGR
AZ050,AZGEN050,11,16,5.09,1,Boraginaceae,Cordia,alliodora,Cordia alliodora,CORDAL
AZ050,AZGEN050,11.2,20,6.37,1,Urticaceae,Cecropia,peltata,Cecropia peltata,CECRPE
AZ050,AZGEN050,11.3,11,3.5,1,Sapindaceae,Allophylus,psilospermus,Allophylus psilospermus,ALLOPS
AZ050,AZGEN050,11.3,8,2.55,2,Sapindaceae,Allophylus,psilospermus,Allophylus psilospermus,ALLOPS
AZ050,AZGEN050,13.4,8,2.55,1,Boraginaceae,Cordia,alliodora,Cordia alliodora,CORDAL
AZ050,AZGEN050,12.6,13,4.14,1,Lamiaceae,Tectona,grandis,Tectona grandis,TECTGR
AZ050,AZGEN050,12.6,10,3.18,2,Lamiaceae,Tectona,grandis,Tectona grandis,TECTGR
AZ050,AZGEN050,12.6,9.5,3.02,3,Lamiaceae,Tectona,grandis,Tectona grandis,TECTGR
AZ050,AZGEN050,13.2,6,1.91,1,Lamiaceae,Tectona,grandis,Tectona grandis,TECTGR
AZ050,AZGEN050,13.2,28,8.91,1,Rubiaceae,Genipa,americana,Genipa americana,GENIAM
AZ050,AZGEN050,14.6,8,2.55,1,Malvaceae,Luehea,seemannii,Luehea seemannii,LUEHSE
AZ050,AZGEN050,14.6,7,2.23,2,Malvaceae,Luehea,seemannii,Luehea seemannii,LUEHSE
AZ050,AZGEN050,16.1,43,13.69,1,Malvaceae,Luehea,seemannii,Luehea seemannii,LUEHSE
AZ050,AZGEN050,17.2,40,12.73,1,Rubiaceae,Genipa,americana,Genipa americana,GENIAM
AZ050,AZGEN050,19.3,16,5.09,1,Boraginaceae,Cordia,alliodora,Cordia alliodora,CORDAL
AZ050,AZGEN050,21,55,17.51,1,Malpighiaceae,Byrsonima,crassifolia,Byrsonima crassifolia,BYRSCR
AZ050,AZGEN050,21,53,16.87,2,Malpighiaceae,Byrsonima,crassifolia,Byrsonima crassifolia,BYRSCR
AZ050,AZGEN050,24.4,51,16.23,1,Rubiaceae,Genipa,americana,Genipa americana,GENIAM
AZ050,AZGEN050,24.4,28,8.91,2,Rubiaceae,Genipa,americana,Genipa americana,GENIAM
AZ050,AZGEN050,25.2,6,1.91,1,Fabaceae,Pithecellobium,hymenaeifolium,Pithecellobium hymenaeifolium,PIT1HY
AZ050,AZGEN050,30.6,14,4.46,1,Malvaceae,Luehea,seemannii,Luehea seemannii,LUEHSE
AZ050,AZGEN050,30.6,8,2.55,2,Malvaceae,Luehea,seemannii,Luehea seemannii,LUEHSE
AZ050,AZGEN050,33.2,12,3.82,1,Lamiaceae,Tectona,grandis,Tectona grandis,TECTGR
AZ050,AZGEN050,33.2,11,3.5,2,Lamiaceae,Tectona,grandis,Tectona grandis,TECTGR
AZ050,AZGEN050,34.2,20,6.37,1,Malpighiaceae,Byrsonima,crassifolia,Byrsonima crassifolia,BYRSCR
AZ050,AZGEN050,34.2,20,6.37,2,Malpighiaceae,Byrsonima,crassifolia,Byrsonima crassifolia,BYRSCR
AZ050,AZGEN050,36.4,11,3.5,1,Lamiaceae,Tectona,grandis,Tectona grandis,TECTGR
AZ050,AZGEN050,36.4,11,3.5,2,Lamiaceae,Tectona,grandis,Tectona grandis,TECTGR
AZ050,AZGEN050,36.4,10,3.18,3,Lamiaceae,Tectona,grandis,Tectona grandis,TECTGR
AZ050,AZGEN050,36.4,9,2.86,4,Lamiaceae,Tectona,grandis,Tectona grandis,TECTGR
AZ050,AZGEN050,36.4,6,1.91,5,Lamiaceae,Tectona,grandis,Tectona grandis,TECTGR
AZ050,AZGEN050,36.4,5.5,1.75,6,Lamiaceae,Tectona,grandis,Tectona grandis,TECTGR
AZ050,AZGEN050,38.6,12,3.82,1,Burseraceae,Bursera,simaruba,Bursera simaruba,BURSSI
AZ050,AZGEN050,39,17,5.41,1,Burseraceae,Bursera,simaruba,Bursera simaruba,BURSSI
AZ050,AZGEN050,40,27,8.59,1,Boraginaceae,Cordia,alliodora,Cordia alliodora,CORDAL
AZ050,AZGEN050,40.2,9,2.86,1,Lamiaceae,Tectona,grandis,Tectona grandis,TECTGR
AZ050,AZGEN050,40.2,5,1.59,2,Lamiaceae,Tectona,grandis,Tectona grandis,TECTGR
AZ050,AZGEN050,40.6,7,2.23,1,Lamiaceae,Tectona,grandis,Tectona grandis,TECTGR
AZ050,AZGEN050,40.6,6,1.91,2,Lamiaceae,Tectona,grandis,Tectona grandis,TECTGR
AZ050,AZGEN050,42.3,9,2.86,1,Lamiaceae,Tectona,grandis,Tectona grandis,TECTGR
AZ050,AZGEN050,42.3,9,2.86,2,Lamiaceae,Tectona,grandis,Tectona grandis,TECTGR
AZ050,AZGEN050,45.2,9,2.86,1,Lamiaceae,Tectona,grandis,Tectona grandis,TECTGR
AZ050,AZGEN050,45.2,6,1.91,2,Lamiaceae,Tectona,grandis,Tectona grandis,TECTGR
AZ050,AZGEN050,45.2,3.5,1.11,3,Lamiaceae,Tectona,grandis,Tectona grandis,TECTGR
AZ050,AZGEN050,45.2,8,2.55,4,Lamiaceae,Tectona,grandis,Tectona grandis,TECTGR
AZ050,AZGEN050,45.2,7,2.23,5,Lamiaceae,Tectona,grandis,Tectona grandis,TECTGR
AZ050,AZGEN050,45.2,55,17.51,1,Dilleniaceae,Curatella,americana,Curatella americana,CURAAM
AZ050,AZGEN050,47.5,19.5,6.21,1,Boraginaceae,Cordia,panamensis,Cordia panamensis,CORDPA
AZ050,AZGEN050,47.5,10,3.18,2,Boraginaceae,Cordia,panamensis,Cordia panamensis,CORDPA
AZ050,AZGEN050,47.5,24,7.64,3,Boraginaceae,Cordia,panamensis,Cordia panamensis,CORDPA
AZ050,AZGEN050,47.5,23,7.32,4,Boraginaceae,Cordia,panamensis,Cordia panamensis,CORDPA
AZ050,AZGEN050,48,30,9.55,1,Boraginaceae,Cordia,alliodora,Cordia alliodora,CORDAL
AZ050,AZGEN050,48.6,10,3.18,1,Burseraceae,Bursera,simaruba,Bursera simaruba,BURSSI
AZ050,AZGEN050,48.6,10,3.18,1,Fabaceae,Pithecellobium,hymenaeifolium,Pithecellobium hymenaeifolium,PIT1HY
AZ050,AZGEN050,49,9,2.86,1,Lamiaceae,Tectona,grandis,Tectona grandis,TECTGR
AZ050,AZGEN050,49,24,7.64,1,Malvaceae,Luehea,seemannii,Luehea seemannii,LUEHSE
AZ050,AZGEN050,49.3,10,3.18,1,Fabaceae,Pithecellobium,hymenaeifolium,Pithecellobium hymenaeifolium,PIT1HY
AZ050,AZGEN050,49.6,10,3.18,1,Lamiaceae,Tectona,grandis,Tectona grandis,TECTGR
AZ050,AZGEN050,49.6,9,2.86,2,Lamiaceae,Tectona,grandis,Tectona grandis,TECTGR
AZ051,AZGEN051,1,39.2,12.48,1,Rubiaceae,Genipa,americana,Genipa americana,GENIAM
AZ051,AZGEN051,2.1,8,2.55,1,Lamiaceae,Tectona,grandis,Tectona grandis,TECTGR
AZ051,AZGEN051,2.2,4.5,1.43,1,Lamiaceae,Tectona,grandis,Tectona grandis,TECTGR
AZ051,AZGEN051,2.8,11,3.5,1,Lamiaceae,Tectona,grandis,Tectona grandis,TECTGR
AZ051,AZGEN051,2.8,7,2.23,2,Lamiaceae,Tectona,grandis,Tectona grandis,TECTGR
AZ051,AZGEN051,2.8,7,2.23,3,Lamiaceae,Tectona,grandis,Tectona grandis,TECTGR
AZ051,AZGEN051,5.4,5,1.59,1,Lamiaceae,Tectona,grandis,Tectona grandis,TECTGR
AZ051,AZGEN051,6,5.5,1.75,1,Lamiaceae,Tectona,grandis,Tectona grandis,TECTGR
AZ051,AZGEN051,6,5,1.59,2,Lamiaceae,Tectona,grandis,Tectona grandis,TECTGR
AZ051,AZGEN051,6.1,54,17.19,1,Fabaceae,Enterolobium,cyclocarpum,Enterolobium cyclocarpum,ENTECY
AZ051,AZGEN051,6.2,47,14.96,1,Burseraceae,Bursera,simaruba,Bursera simaruba,BURSSI
AZ051,AZGEN051,6.3,53,16.87,1,Dilleniaceae,Curatella,americana,Curatella americana,CURAAM
AZ051,AZGEN051,6.8,12,3.82,1,Lamiaceae,Tectona,grandis,Tectona grandis,TECTGR
AZ051,AZGEN051,7,8.5,2.71,1,Lamiaceae,Tectona,grandis,Tectona grandis,TECTGR
AZ051,AZGEN051,7.1,9,2.86,1,Lamiaceae,Tectona,grandis,Tectona grandis,TECTGR
AZ051,AZGEN051,9.6,6,1.91,1,Hypericaceae,Vismia,baccifera,Vismia baccifera,VISMBA
AZ051,AZGEN051,10.4,10,3.18,1,Lamiaceae,Tectona,grandis,Tectona grandis,TECTGR
AZ051,AZGEN051,10.4,9.4,2.99,2,Lamiaceae,Tectona,grandis,Tectona grandis,TECTGR
AZ051,AZGEN051,10.4,9.2,2.93,3,Lamiaceae,Tectona,grandis,Tectona grandis,TECTGR
AZ051,AZGEN051,12.4,11.2,3.57,1,Lamiaceae,Tectona,grandis,Tectona grandis,TECTGR
AZ051,AZGEN051,12.4,8,2.55,2,Lamiaceae,Tectona,grandis,Tectona grandis,TECTGR
AZ051,AZGEN051,12.4,5,1.59,3,Lamiaceae,Tectona,grandis,Tectona grandis,TECTGR
AZ051,AZGEN051,13.8,18,5.73,1,Malpighiaceae,Byrsonima,crassifolia,Byrsonima crassifolia,BYRSCR
AZ051,AZGEN051,13.8,56,17.83,1,Burseraceae,Bursera,simaruba,Bursera simaruba,BURSSI
AZ051,AZGEN051,14,9,2.86,1,Lamiaceae,Tectona,grandis,Tectona grandis,TECTGR
AZ051,AZGEN051,14.2,10,3.18,1,Lamiaceae,Tectona,grandis,Tectona grandis,TECTGR
AZ051,AZGEN051,14.2,10,3.18,2,Lamiaceae,Tectona,grandis,Tectona grandis,TECTGR
AZ051,AZGEN051,14.2,9,2.86,3,Lamiaceae,Tectona,grandis,Tectona grandis,TECTGR
AZ051,AZGEN051,17.1,13,4.14,1,Lamiaceae,Tectona,grandis,Tectona grandis,TECTGR
AZ051,AZGEN051,17.1,12,3.82,2,Lamiaceae,Tectona,grandis,Tectona grandis,TECTGR
AZ051,AZGEN051,18.2,39,12.41,1,Malpighiaceae,Byrsonima,crassifolia,Byrsonima crassifolia,BYRSCR
AZ051,AZGEN051,19.8,28.8,9.17,1,Rutaceae,Zanthoxylum,setulosum,Zanthoxylum setulosum,ZANTSE
AZ051,AZGEN051,20.7,66,21.01,1,Salicaceae,Casearia,laetioides,Casearia laetioides,ZUELGU
AZ051,AZGEN051,20.8,39,12.41,1,Rubiaceae,Genipa,americana,Genipa americana,GENIAM
AZ051,AZGEN051,21,9,2.86,1,Lamiaceae,Tectona,grandis,Tectona grandis,TECTGR
AZ051,AZGEN051,23.3,41,13.05,1,Rubiaceae,Genipa,americana,Genipa americana,GENIAM
AZ051,AZGEN051,23.4,23.2,7.38,1,Malpighiaceae,Byrsonima,crassifolia,Byrsonima crassifolia,BYRSCR
AZ051,AZGEN051,26.2,4,1.27,1,Fabaceae,Vachellia,collinsii,Vachellia collinsii,ACACCO
AZ051,AZGEN051,26.2,4,1.27,2,Fabaceae,Vachellia,collinsii,Vachellia collinsii,ACACCO
AZ051,AZGEN051,28.1,16,5.09,1,Malpighiaceae,Byrsonima,crassifolia,Byrsonima crassifolia,BYRSCR
AZ051,AZGEN051,27.6,11,3.5,1,Meliaceae,Cedrela,odorata,Cedrela odorata,CEDROD
AZ051,AZGEN051,27.8,6,1.91,1,Simaroubaceae,Homalolepis,cedron,Homalolepis cedron,SIM1CE
AZ051,AZGEN051,31,15,4.77,1,Euphorbiaceae,Hura,crepitans,Hura crepitans,HURACR
AZ051,AZGEN051,28.4,32,10.19,1,Malvaceae,Guazuma,ulmifolia,Guazuma ulmifolia,GUAZUL
AZ051,AZGEN051,28.4,24,7.64,2,Malvaceae,Guazuma,ulmifolia,Guazuma ulmifolia,GUAZUL
AZ051,AZGEN051,28.4,23,7.32,3,Malvaceae,Guazuma,ulmifolia,Guazuma ulmifolia,GUAZUL
AZ051,AZGEN051,30,26,8.28,1,Meliaceae,Cedrela,odorata,Cedrela odorata,CEDROD
AZ051,AZGEN051,31.2,11,3.5,1,Bignoniaceae,Handroanthus,ochraceus,Handroanthus ochraceus,TAB1OC
AZ051,AZGEN051,39.6,22,7,1,Meliaceae,Cedrela,odorata,Cedrela odorata,CEDROD
AZ051,AZGEN051,39.6,15,4.77,2,Meliaceae,Cedrela,odorata,Cedrela odorata,CEDROD
AZ051,AZGEN051,39.6,15,4.77,3,Meliaceae,Cedrela,odorata,Cedrela odorata,CEDROD
AZ051,AZGEN051,41.2,89,28.33,1,Moraceae,Ficus,pertusa,Ficus pertusa,FICUPE
AZ051,AZGEN051,43.4,33.2,10.57,1,Rubiaceae,Genipa,americana,Genipa americana,GENIAM
AZ051,AZGEN051,45.6,43.2,13.75,1,Malvaceae,Pseudobombax,septenatum,Pseudobombax septenatum,PSE1SE
AZ051,AZGEN051,45.6,29,9.23,2,Malvaceae,Pseudobombax,septenatum,Pseudobombax septenatum,PSE1SE
AZ051,AZGEN051,44.5,22,7,1,Malvaceae,Luehea,seemannii,Luehea seemannii,LUEHSE
AZ051,AZGEN051,44.5,13,4.14,2,Malvaceae,Luehea,seemannii,Luehea seemannii,LUEHSE
AZ051,AZGEN051,49.6,36,11.46,1,Rubiaceae,Genipa,americana,Genipa americana,GENIAM
AZ051,AZGEN051,49.7,26,8.28,1,Rubiaceae,Genipa,americana,Genipa americana,GENIAM
AZ052,AZGEN052,1,20,6.37,1,Annonaceae,Annona,purpurea,Annona purpurea,ANNOPU
AZ052,AZGEN052,2.5,76,24.19,1,Fabaceae,Inga,laurina,Inga laurina,INGAFA
AZ052,AZGEN052,4,69,21.96,1,Malvaceae,Apeiba,tibourbou,Apeiba tibourbou,APEITI
AZ052,AZGEN052,10.8,7.2,2.29,1,Boraginaceae,Cordia,alliodora,Cordia alliodora,CORDAL
AZ052,AZGEN052,9.7,30,9.55,1,Boraginaceae,Cordia,alliodora,Cordia alliodora,CORDAL
AZ052,AZGEN052,11.2,13,4.14,1,Bignoniaceae,Mansoa,sp. 1,Mansoa sp. 1,
AZ052,AZGEN052,12.4,55,17.51,1,Fabaceae,Hymenaea,courbaril,Hymenaea courbaril,HYMECO
AZ052,AZGEN052,11.6,8,2.55,1,Bignoniaceae,Bignonia,aequinoctialis,Bignonia aequinoctialis,
AZ052,AZGEN052,12,7,2.23,1,Apocynaceae,Thevetia,ahouai,Thevetia ahouai,THEVAH
AZ052,AZGEN052,12.6,60,19.1,1,Fabaceae,Hymenaea,courbaril,Hymenaea courbaril,HYMECO
AZ052,AZGEN052,14.2,17,5.41,1,Burseraceae,Bursera,simaruba,Bursera simaruba,BURSSI
AZ052,AZGEN052,14.3,33,10.5,1,Burseraceae,Bursera,simaruba,Bursera simaruba,BURSSI
AZ052,AZGEN052,16,32,10.19,1,Annonaceae,Annona,purpurea,Annona purpurea,ANNOPU
AZ052,AZGEN052,18.7,27,8.59,1,Boraginaceae,Cordia,alliodora,Cordia alliodora,CORDAL
AZ052,AZGEN052,20.6,27,8.59,1,Malvaceae,Luehea,seemannii,Luehea seemannii,LUEHSE
AZ052,AZGEN052,20.6,30.2,9.61,1,Boraginaceae,Cordia,alliodora,Cordia alliodora,CORDAL
AZ052,AZGEN052,21.4,6.4,2.04,1,Bignoniaceae,Bignonia,aequinoctialis,Bignonia aequinoctialis,
AZ052,AZGEN052,24.6,10,3.18,1,Boraginaceae,Cordia,alliodora,Cordia alliodora,CORDAL
AZ052,AZGEN052,26.4,148,47.11,1,Malvaceae,Luehea,seemannii,Luehea seemannii,LUEHSE
AZ052,AZGEN052,28.3,14,4.46,1,Apocynaceae,Tabernaemontana,grandiflora,Tabernaemontana grandiflora,STEMGR
AZ052,AZGEN052,30,22.8,7.26,1,Melastomataceae,Miconia,argentea,Miconia argentea,MICOAR
AZ052,AZGEN052,30.4,12.2,3.88,1,Fabaceae,Machaerium,isadelphum,Machaerium isadelphum,
AZ052,AZGEN052,30.4,10.3,3.28,2,Fabaceae,Machaerium,isadelphum,Machaerium isadelphum,
AZ052,AZGEN052,30.3,21,6.68,1,Melastomataceae,Miconia,argentea,Miconia argentea,MICOAR
AZ052,AZGEN052,30.4,42,13.37,1,Melastomataceae,Miconia,argentea,Miconia argentea,MICOAR
AZ052,AZGEN052,33.6,9,2.86,1,Boraginaceae,Cordia,alliodora,Cordia alliodora,CORDAL
AZ052,AZGEN052,34,15,4.77,1,Chrysobalanaceae,Hirtella,racemosa,Hirtella racemosa,HIRTRA
AZ052,AZGEN052,35,24,7.64,1,Boraginaceae,Cordia,alliodora,Cordia alliodora,CORDAL
AZ052,AZGEN052,37,24,7.64,1,Boraginaceae,Cordia,alliodora,Cordia alliodora,CORDAL
AZ052,AZGEN052,36.6,24,7.64,1,Boraginaceae,Cordia,alliodora,Cordia alliodora,CORDAL
AZ052,AZGEN052,36.2,39.8,12.67,1,Melastomataceae,Miconia,argentea,Miconia argentea,MICOAR
AZ052,AZGEN052,38.3,6,1.91,1,Arecaceae,Bactris,major,Bactris major,BACTMA
AZ052,AZGEN052,38.3,7,2.23,2,Arecaceae,Bactris,major,Bactris major,BACTMA
AZ052,AZGEN052,41.7,45.2,14.39,1,Boraginaceae,Cordia,panamensis,Cordia panamensis,CORDPA
AZ052,AZGEN052,40.3,14,4.46,1,Arecaceae,Bactris,major,Bactris major,BACTMA
AZ052,AZGEN052,45.6,9.2,2.93,1,Salicaceae,Casearia,guianensis,Casearia guianensis,CASEGU
AZ052,AZGEN052,46.2,9.6,3.06,1,Apocynaceae,Tabernaemontana,grandiflora,Tabernaemontana grandiflora,STEMGR
AZ052,AZGEN052,46.2,37,11.78,1,Annonaceae,Annona,purpurea,Annona purpurea,ANNOPU
AZ052,AZGEN052,47.3,9.3,2.96,1,Araliaceae,Didymopanax,morototoni,Didymopanax morototoni,SCH2MO
AZ052,AZGEN052,48,66,21.01,1,Araliaceae,Didymopanax,morototoni,Didymopanax morototoni,SCH2MO
AZ052,AZGEN052,48.6,20.3,6.46,1,Fabaceae,Pithecellobium,hymenaeifolium,Pithecellobium hymenaeifolium,PIT1HY
AZ052,AZGEN052,48.7,14.4,4.58,1,Boraginaceae,Cordia,alliodora,Cordia alliodora,CORDAL
AZ052,AZGEN052,49.2,9.4,2.99,1,Rubiaceae,Randia,armata,Randia armata,RANDAR
AZ052,AZGEN052,49.2,6.4,2.04,2,Rubiaceae,Randia,armata,Randia armata,RANDAR
AZ052,AZGEN052,49.2,4.8,1.53,3,Rubiaceae,Randia,armata,Randia armata,RANDAR
AZ052,AZGEN052,49.6,27.8,8.85,1,Lauraceae,Ocotea,puberula,Ocotea puberula,OCOTPU
AZ053,AZGEN053,1,126,40.11,1,Sapotaceae,Chrysophyllum,cainito,Chrysophyllum cainito,CHR2CA
AZ053,AZGEN053,2.4,53,16.87,1,Clusiaceae,Garcinia,intermedia,Garcinia intermedia,GAR2IN
AZ053,AZGEN053,3.9,79,25.15,1,Clusiaceae,Garcinia,intermedia,Garcinia intermedia,GAR2IN
AZ053,AZGEN053,7.2,16,5.09,1,Simaroubaceae,Homalolepis,cedron,Homalolepis cedron,SIM1CE
AZ053,AZGEN053,8.1,67,21.33,1,Clusiaceae,Garcinia,intermedia,Garcinia intermedia,GAR2IN
AZ053,AZGEN053,12.2,88,28.01,1,Fabaceae,Copaifera,aromatica,Copaifera aromatica,COPAAR
AZ053,AZGEN053,12.2,48.5,15.44,1,Clusiaceae,Garcinia,intermedia,Garcinia intermedia,GAR2IN
AZ053,AZGEN053,14.6,25,7.96,1,Moraceae,Brosimum,alicastrum,Brosimum alicastrum,BROSAL
AZ053,AZGEN053,15.6,18,5.73,1,Simaroubaceae,Homalolepis,cedron,Homalolepis cedron,SIM1CE
AZ053,AZGEN053,17.1,28,8.91,1,Lecythidaceae,Gustavia,superba,Gustavia superba,GUSTSU
AZ053,AZGEN053,19.1,20,6.37,1,Simaroubaceae,Homalolepis,cedron,Homalolepis cedron,SIM1CE
AZ053,AZGEN053,19.6,17,5.41,1,Simaroubaceae,Homalolepis,cedron,Homalolepis cedron,SIM1CE
AZ053,AZGEN053,20.7,18,5.73,1,Simaroubaceae,Homalolepis,cedron,Homalolepis cedron,SIM1CE
AZ053,AZGEN053,21.2,20,6.37,1,Fabaceae,Pseudalbizzia,adinocephala,Pseudalbizzia adinocephala,ALBIAD
AZ053,AZGEN053,22.3,60,19.1,1,Sapotaceae,Pouteria,campechiana,Pouteria campechiana,POUTCA
AZ053,AZGEN053,22.3,53,16.87,2,Sapotaceae,Pouteria,campechiana,Pouteria campechiana,POUTCA
AZ053,AZGEN053,22.3,33,10.5,3,Sapotaceae,Pouteria,campechiana,Pouteria campechiana,POUTCA
AZ053,AZGEN053,22.3,32,10.19,4,Sapotaceae,Pouteria,campechiana,Pouteria campechiana,POUTCA
AZ053,AZGEN053,22.3,7,2.23,5,Sapotaceae,Pouteria,campechiana,Pouteria campechiana,POUTCA
AZ053,AZGEN053,22.4,7,2.23,1,Simaroubaceae,Homalolepis,cedron,Homalolepis cedron,SIM1CE
AZ053,AZGEN053,23.2,30,9.55,1,Menispermaceae,Hyperbaena,tonduzii,Hyperbaena tonduzii,HYPETO
AZ053,AZGEN053,23.2,15,4.77,2,Menispermaceae,Hyperbaena,tonduzii,Hyperbaena tonduzii,HYPETO
AZ053,AZGEN053,23.9,6,1.91,1,Fabaceae,Ormosia,macrocalyx,Ormosia macrocalyx,ORMOMA
AZ053,AZGEN053,25.6,15,4.77,1,Desconocido,Morfo Ochnaceae,,unknown,
AZ053,AZGEN053,28.2,23,7.32,1,Lauraceae,Ocotea,puberula,Ocotea puberula,OCOTPU
AZ053,AZGEN053,27,25,7.96,1,Menispermaceae,Hyperbaena,tonduzii,Hyperbaena tonduzii,HYPETO
AZ053,AZGEN053,28.4,7,2.23,1,Rubiaceae,Calycophyllum,candidissimum,Calycophyllum candidissimum,CAL2CA
AZ053,AZGEN053,29.3,122,38.83,1,Bignoniaceae,Mansoa,sp. 1,Mansoa sp. 1,
AZ053,AZGEN053,31.2,12.8,4.07,1,Rubiaceae,Genipa,americana,Genipa americana,GENIAM
AZ053,AZGEN053,32,6,1.91,1,Fabaceae,Copaifera,aromatica,Copaifera aromatica,COPAAR
AZ053,AZGEN053,32.4,4.3,1.37,1,Lauraceae,Ocotea,puberula,Ocotea puberula,OCOTPU
AZ053,AZGEN053,33.6,7,2.23,1,Fabaceae,Copaifera,aromatica,Copaifera aromatica,COPAAR
AZ053,AZGEN053,34.7,50,15.92,1,Menispermaceae,Hyperbaena,tonduzii,Hyperbaena tonduzii,HYPETO
AZ053,AZGEN053,35.6,7,2.23,1,Simaroubaceae,Homalolepis,cedron,Homalolepis cedron,SIM1CE
AZ053,AZGEN053,35.7,165,52.52,1,Rubiaceae,Calycophyllum,candidissimum,Calycophyllum candidissimum,CAL2CA
AZ053,AZGEN053,37.2,5.4,1.72,1,Burseraceae,Bursera,simaruba,Bursera simaruba,BURSSI
AZ053,AZGEN053,37.2,13.5,4.3,1,Apocynaceae,Tabernaemontana,grandiflora,Tabernaemontana grandiflora,STEMGR
AZ053,AZGEN053,39.3,15,4.77,1,Anacardiaceae,Astronium,graveolens,Astronium graveolens,AST2GR
AZ053,AZGEN053,40.6,91,28.97,1,Lauraceae,Ocotea,puberula,Ocotea puberula,OCOTPU
AZ053,AZGEN053,41.2,23,7.32,1,Rubiaceae,Randia,armata,Randia armata,RANDAR
AZ053,AZGEN053,41.2,19.8,6.3,2,Rubiaceae,Randia,armata,Randia armata,RANDAR
AZ053,AZGEN053,41.2,11,3.5,3,Rubiaceae,Randia,armata,Randia armata,RANDAR
AZ053,AZGEN053,41.2,5,1.59,4,Rubiaceae,Randia,armata,Randia armata,RANDAR
AZ053,AZGEN053,42.6,24,7.64,1,Burseraceae,Bursera,simaruba,Bursera simaruba,BURSSI
AZ053,AZGEN053,45.1,40,12.73,1,Lecythidaceae,Gustavia,superba,Gustavia superba,GUSTSU
AZ053,AZGEN053,46.2,36,11.46,1,Rubiaceae,Calycophyllum,candidissimum,Calycophyllum candidissimum,CAL2CA
AZ053,AZGEN053,47.3,14,4.46,1,Rubiaceae,Randia,armata,Randia armata,RANDAR
AZ053,AZGEN053,48,7,2.23,1,Bignoniaceae,Mansoa,sp. 1,Mansoa sp. 1,
AZ053,AZGEN053,48.2,6,1.91,1,Rubiaceae,Posoqueria,latifolia,Posoqueria latifolia,POSOLA
