date,point,bird.count,site,start.time,genus,species,distance,flyby,playback,0,2,4,6,8,crew1,crew2,crew3,crew4,crew5
20240219,AZ019,AZBRD019 - 20240219,Eco Venao,6:28,Cyanocorax,affinis,,,no,1,0,0,0,0,DM,JS,JG,HS,
20240219,AZ019,AZBRD019 - 20240219,Eco Venao,6:28,Melanerpes,rubricapillus,,,no,0,1,0,0,0,DM,JS,JG,HS,
20240219,AZ019,AZBRD019 - 20240219,Eco Venao,6:28,Euphonia,luteicapilla,,,no,0,1,0,0,0,DM,JS,JG,HS,
20240219,AZ019,AZBRD019 - 20240219,Eco Venao,6:28,Melanerpes,rubricapillus,,,no,0,1,0,0,0,DM,JS,JG,HS,
20240219,AZ019,AZBRD019 - 20240219,Eco Venao,6:28,Melanerpes,rubricapillus,,,no,0,0,1,0,0,DM,JS,JG,HS,
20240219,AZ019,AZBRD019 - 20240219,Eco Venao,6:28,Euphonia,luteicapilla,,,no,0,0,1,0,0,DM,JS,JG,HS,
20240219,AZ019,AZBRD019 - 20240219,Eco Venao,6:28,Cathartes,aura,,,no,0,0,1,1,1,DM,JS,JG,HS,
20240219,AZ019,AZBRD019 - 20240219,Eco Venao,6:28,Melanerpes,rubricapillus,,,no,0,0,0,1,0,DM,JS,JG,HS,
20240219,AZ019,AZBRD019 - 20240219,Eco Venao,6:28,Amazona,ochrocephala,,,no,0,0,0,1,0,DM,JS,JG,HS,
20240219,AZ019,AZBRD019 - 20240219,Eco Venao,6:28,Leptotila,verreauxi,,,no,0,0,0,1,0,DM,JS,JG,HS,
20240219,AZ019,AZBRD019 - 20240219,Eco Venao,6:40,Myiodynastes,maculatus,,,yes,,,,,,DM,JS,JG,HS,
20240219,AZ019,AZBRD019 - 20240219,Eco Venao,6:40,Brotogeris,jugularis,,,yes,,,,,,DM,JS,JG,HS,
20240219,AZ019,AZBRD019 - 20240219,Eco Venao,6:40,Psarocolius,decumanus,,,yes,,,,,,DM,JS,JG,HS,
20240219,AZ018,AZBRD018 - 20240219,Eco Venao,6:58,Megarynchus,pitangua,,,no,1,0,0,0,0,DM,JS,JG,HS,
20240219,AZ018,AZBRD018 - 20240219,Eco Venao,6:58,Tyrannulus,elatus,,,no,1,0,0,0,0,DM,JS,JG,HS,
20240219,AZ018,AZBRD018 - 20240219,Eco Venao,6:58,Chiroxiphia,lanceolata,,,no,1,1,1,0,0,DM,JS,JG,HS,
20240219,AZ018,AZBRD018 - 20240219,Eco Venao,6:58,Euphonia,luteicapilla,,,no,1,0,0,0,0,DM,JS,JG,HS,
20240219,AZ018,AZBRD018 - 20240219,Eco Venao,6:58,Myiodynastes,maculatus,,,no,1,1,0,0,0,DM,JS,JG,HS,
20240219,AZ018,AZBRD018 - 20240219,Eco Venao,6:58,Psarocolius,decumanus,,,no,0,1,0,1,0,DM,JS,JG,HS,
20240219,AZ018,AZBRD018 - 20240219,Eco Venao,6:58,Myiodynastes,maculatus,,,no,0,0,1,0,0,DM,JS,JG,HS,
20240219,AZ018,AZBRD018 - 20240219,Eco Venao,6:58,Melanerpes,rubricapillus,,,no,0,0,1,0,0,DM,JS,JG,HS,
20240219,AZ018,AZBRD018 - 20240219,Eco Venao,6:58,Thryophilus,rufalbus,,,no,0,0,1,1,0,DM,JS,JG,HS,
20240219,AZ018,AZBRD018 - 20240219,Eco Venao,6:58,Ramphastos,sulfuratus,,,no,0,0,1,0,0,DM,JS,JG,HS,
20240219,AZ018,AZBRD018 - 20240219,Eco Venao,6:58,Myiodynastes,maculatus,,,no,0,0,0,1,0,DM,JS,JG,HS,
20240219,AZ018,AZBRD018 - 20240219,Eco Venao,6:58,Euphonia,luteicapilla,,,no,0,0,0,1,0,DM,JS,JG,HS,
20240219,AZ018,AZBRD018 - 20240219,Eco Venao,6:58,Cathartes,aura,,,no,0,0,0,0,1,DM,JS,JG,HS,
20240219,AZ018,AZBRD018 - 20240219,Eco Venao,6:58,Brotogeris,jugularis,,,no,0,0,0,0,1,DM,JS,JG,HS,
20240219,AZ018,AZBRD018 - 20240219,Eco Venao,7:10,Eupsittula,pertinax,,,yes,,,,,,DM,JS,JG,HS,
20240219,AZ017,AZBRD017 - 20240219,Eco Venao,7:27,Myiarchus,crinitus,,,no,1,1,1,1,1,DM,JS,JG,HS,
20240219,AZ017,AZBRD017 - 20240219,Eco Venao,7:27,Cathartes,aura,,,no,1,1,0,0,0,DM,JS,JG,HS,
20240219,AZ017,AZBRD017 - 20240219,Eco Venao,7:27,Cathartes,aura,,,no,1,1,0,0,0,DM,JS,JG,HS,
20240219,AZ017,AZBRD017 - 20240219,Eco Venao,7:27,Cathartes,aura,,,no,1,0,0,0,0,DM,JS,JG,HS,
20240219,AZ017,AZBRD017 - 20240219,Eco Venao,7:27,Myiarchus,crinitus,,,no,1,1,1,1,1,DM,JS,JG,HS,
20240219,AZ017,AZBRD017 - 20240219,Eco Venao,7:27,Atalotriccus,pilaris,,,no,1,1,1,1,1,DM,JS,JG,HS,
20240219,AZ017,AZBRD017 - 20240219,Eco Venao,7:27,Cathartes,aura,,,no,0,1,1,0,0,DM,JS,JG,HS,
20240219,AZ017,AZBRD017 - 20240219,Eco Venao,7:27,Chiroxiphia,lanceolata,,,no,0,1,1,0,0,DM,JS,JG,HS,
20240219,AZ017,AZBRD017 - 20240219,Eco Venao,7:27,Leptotila,verreauxi,,,no,0,1,1,0,0,DM,JS,JG,HS,
20240219,AZ017,AZBRD017 - 20240219,Eco Venao,7:27,Tyrannulus,elatus,,,no,0,0,1,0,0,DM,JS,JG,HS,
20240219,AZ017,AZBRD017 - 20240219,Eco Venao,7:27,Cathartes,aura,,,no,0,0,1,0,1,DM,JS,JG,HS,
20240219,AZ017,AZBRD017 - 20240219,Eco Venao,7:27,Cathartes,aura,,,no,0,0,0,1,1,DM,JS,JG,HS,
20240219,AZ017,AZBRD017 - 20240219,Eco Venao,7:27,Crypturellus,soui,,,no,0,0,0,1,0,DM,JS,JG,HS,
20240219,AZ017,AZBRD017 - 20240219,Eco Venao,7:27,Eupsittula,pertinax,,,no,0,0,0,0,1,DM,JS,JG,HS,
20240219,AZ017,AZBRD017 - 20240219,Eco Venao,7:27,Brotogeris,jugularis,,,no,0,0,0,0,1,DM,JS,JG,HS,
20240219,AZ017,AZBRD017 - 20240219,Eco Venao,7:38,Psarocolius,decumanus,,,yes,,,,,,DM,JS,JG,HS,
20240219,AZ017,AZBRD017 - 20240219,Eco Venao,7:38,Rupornis,magnirostris,,,yes,,,,,,DM,JS,JG,HS,
20240219,AZ017,AZBRD017 - 20240219,Eco Venao,7:38,Glaucidium,brasilianum,,,yes,,,,,,DM,JS,JG,HS,
20240219,AZ017,AZBRD017 - 20240219,Eco Venao,7:38,Tyrannus,melancholicus,,,yes,,,,,,DM,JS,JG,HS,
20240219,AZ017,AZBRD017 - 20240219,Eco Venao,7:38,Melanerpes,rubricapillus,,,yes,,,,,,DM,JS,JG,HS,
20240219,AZ021,AZBRD021 - 20240219,Eco Venao,8:05,Atalotriccus,pilaris,,,no,1,0,0,1,0,DM,JS,JG,HS,
20240219,AZ021,AZBRD021 - 20240219,Eco Venao,8:05,Thamnophilus,doliatus,,,no,1,0,0,0,0,DM,JS,JG,HS,
20240219,AZ021,AZBRD021 - 20240219,Eco Venao,8:05,Thamnophilus,doliatus,,,no,1,0,0,0,0,DM,JS,JG,HS,
20240219,AZ021,AZBRD021 - 20240219,Eco Venao,8:05,Leptotila,verreauxi,,,no,1,0,0,0,0,DM,JS,JG,HS,
20240219,AZ021,AZBRD021 - 20240219,Eco Venao,8:05,Thryophilus,rufalbus,,,no,0,1,1,0,0,DM,JS,JG,HS,
20240219,AZ021,AZBRD021 - 20240219,Eco Venao,8:05,Tapera,naevia,,,no,0,0,1,0,0,DM,JS,JG,HS,
20240219,AZ021,AZBRD021 - 20240219,Eco Venao,8:05,Xiphorhynchus,susurrans,,,no,0,0,1,1,1,DM,JS,JG,HS,
20240219,AZ021,AZBRD021 - 20240219,Eco Venao,8:05,Camptostoma,obsoletum,,,no,0,0,0,1,1,DM,JS,JG,HS,
20240219,AZ021,AZBRD021 - 20240219,Eco Venao,8:05,Cathartes,aura,,,no,0,0,0,0,1,DM,JS,JG,HS,
20240219,AZ021,AZBRD021 - 20240219,Eco Venao,8:16,Atalotriccus,pilaris,,,yes,,,,,,DM,JS,JG,HS,
20240219,AZ021,AZBRD021 - 20240219,Eco Venao,8:16,Elaenia,flavogaster,,,yes,,,,,,DM,JS,JG,HS,
20240219,AZ021,AZBRD021 - 20240219,Eco Venao,8:16,Chlorostilbon,assimilis,,,yes,,,,,,DM,JS,JG,HS,
20240219,AZ021,AZBRD021 - 20240219,Eco Venao,8:16,Thryophilus,rufalbus,,,yes,,,,,,DM,JS,JG,HS,
20240219,AZ021,AZBRD021 - 20240219,Eco Venao,8:16,Euphonia,luteicapilla,,,yes,,,,,,DM,JS,JG,HS,
20240219,AZ021,AZBRD021 - 20240219,Eco Venao,8:16,Chlorostilbon,assimilis,,,yes,,,,,,DM,JS,JG,HS,
20240219,AZ021,AZBRD021 - 20240219,Eco Venao,8:16,Myiarchus,panamensis,,,yes,,,,,,DM,JS,JG,HS,
20240219,AZ021,AZBRD021 - 20240219,Eco Venao,8:16,Saucerottia,edward,,,yes,,,,,,DM,JS,JG,HS,
20240219,AZ021,AZBRD021 - 20240219,Eco Venao,8:16,Leiothlypis,peregrina,,,yes,,,,,,DM,JS,JG,HS,
20240219,AZ022 ,AZBRD022  - 20240219,Eco Venao,8:40,Coragyps,atratus,,,no,1,0,0,0,0,DM,JS,JG,HS,
20240219,AZ022 ,AZBRD022  - 20240219,Eco Venao,8:40,Buteo,platypterus,,,no,1,0,0,0,0,DM,JS,JG,HS,
20240219,AZ022 ,AZBRD022  - 20240219,Eco Venao,8:40,Atalotriccus,pilaris,,,no,1,0,0,0,1,DM,JS,JG,HS,
20240219,AZ022 ,AZBRD022  - 20240219,Eco Venao,8:40,Tyrannus,melancholicus,,,no,0,1,0,0,0,DM,JS,JG,HS,
20240219,AZ022 ,AZBRD022  - 20240219,Eco Venao,8:40,Leptotila,verreauxi,,,no,0,1,0,0,0,DM,JS,JG,HS,
20240219,AZ022 ,AZBRD022  - 20240219,Eco Venao,8:40,Brotogeris,jugularis,,,no,0,0,0,1,0,DM,JS,JG,HS,
20240219,AZ022 ,AZBRD022  - 20240219,Eco Venao,8:40,Atalotriccus,pilaris,,,no,0,0,0,0,1,DM,JS,JG,HS,
20240219,AZ022 ,AZBRD022  - 20240219,Eco Venao,8:51,Cathartes,aura,,,yes,,,,,,DM,JS,JG,HS,
20240219,AZ022 ,AZBRD022  - 20240219,Eco Venao,8:51,Daptrius,chimachima,,,yes,,,,,,DM,JS,JG,HS,
20240219,AZ023,AZBRD023 - 20240219,Eco Venao,9:10,Cathartes,aura,,,no,1,0,1,0,0,DM,JS,JG,HS,
20240219,AZ023,AZBRD023 - 20240219,Eco Venao,9:10,Myiozetetes,similis,,,no,0,0,1,0,0,DM,JS,JG,HS,
20240219,AZ023,AZBRD023 - 20240219,Eco Venao,9:10,Cathartes,aura,,,no,0,0,0,1,0,DM,JS,JG,HS,
20240219,AZ023,AZBRD023 - 20240219,Eco Venao,9:21,Atalotriccus,pilaris,,,yes,,,,,,DM,JS,JG,HS,
20240220,AZ023,AZBRD023 - 20240220,Eco Venao,6:28,Psarocolius,decumanus,,,no,1,0,1,0,0,DM,JS,JG,,
20240220,AZ023,AZBRD023 - 20240220,Eco Venao,6:28,Megarynchus,pitangua,,,no,1,1,0,0,1,DM,JS,JG,,
20240220,AZ023,AZBRD023 - 20240220,Eco Venao,6:28,Atalotriccus,pilaris,,,no,1,1,0,0,0,DM,JS,JG,,
20240220,AZ023,AZBRD023 - 20240220,Eco Venao,6:28,Thamnophilus,doliatus,,,no,1,1,1,0,0,DM,JS,JG,,
20240220,AZ023,AZBRD023 - 20240220,Eco Venao,6:28,Chiroxiphia,lanceolata,,,no,0,1,0,0,0,DM,JS,JG,,
20240220,AZ023,AZBRD023 - 20240220,Eco Venao,6:28,Atalotriccus,pilaris,,,no,0,1,1,0,0,DM,JS,JG,,
20240220,AZ023,AZBRD023 - 20240220,Eco Venao,6:28,Cathartes,aura,,,no,0,1,0,0,0,DM,JS,JG,,
20240220,AZ023,AZBRD023 - 20240220,Eco Venao,6:28,Amazona,ochrocephala,,,no,0,1,0,0,0,DM,JS,JG,,
20240220,AZ023,AZBRD023 - 20240220,Eco Venao,6:28,Atalotriccus,pilaris,,,no,0,1,0,0,0,DM,JS,JG,,
20240220,AZ023,AZBRD023 - 20240220,Eco Venao,6:28,Megarynchus,pitangua,,,no,0,0,1,0,0,DM,JS,JG,,
20240220,AZ023,AZBRD023 - 20240220,Eco Venao,6:28,Melanerpes,rubricapillus,,,no,0,0,0,1,0,DM,JS,JG,,
20240220,AZ023,AZBRD023 - 20240220,Eco Venao,6:28,Atalotriccus,pilaris,,,no,0,0,0,1,0,DM,JS,JG,,
20240220,AZ023,AZBRD023 - 20240220,Eco Venao,6:28,Atalotriccus,pilaris,,,no,0,0,0,1,0,DM,JS,JG,,
20240220,AZ023,AZBRD023 - 20240220,Eco Venao,6:28,Leptotila,verreauxi,,,no,0,0,0,0,1,DM,JS,JG,,
20240220,AZ023,AZBRD023 - 20240220,Eco Venao,6:28,Camptostoma,obsoletum,,,no,0,0,0,0,1,DM,JS,JG,,
20240220,AZ023,AZBRD023 - 20240220,Eco Venao,6:40,Piranga,rubra,,,yes,,,,,,DM,JS,JG,,
20240220,AZ023,AZBRD023 - 20240220,Eco Venao,6:40,Chlorostilbon,assimilis,,,yes,,,,,,DM,JS,JG,,
20240220,AZ023,AZBRD023 - 20240220,Eco Venao,6:40,Saucerottia,edward,,,yes,,,,,,DM,JS,JG,,
20240220,AZ023,AZBRD023 - 20240220,Eco Venao,6:40,Daptrius,chimachima,,,yes,,,,,,DM,JS,JG,,
20240220,AZ023,AZBRD023 - 20240220,Eco Venao,6:40,Chlorostilbon,assimilis,,,yes,,,,,,DM,JS,JG,,
20240220,AZ023,AZBRD023 - 20240220,Eco Venao,6:40,Chlorostilbon,assimilis,,,yes,,,,,,DM,JS,JG,,
20240220,AZ023,AZBRD023 - 20240220,Eco Venao,6:40,Thryophilus,rufalbus,,,yes,,,,,,DM,JS,JG,,
20240220,AZ023,AZBRD023 - 20240220,Eco Venao,6:40,Chlorostilbon,assimilis,,,yes,,,,,,DM,JS,JG,,
20240220,AZ023,AZBRD023 - 20240220,Eco Venao,6:40,Chlorostilbon,assimilis,,,yes,,,,,,DM,JS,JG,,
20240220,AZ023,AZBRD023 - 20240220,Eco Venao,6:40,Thryophilus,rufalbus,,,yes,,,,,,DM,JS,JG,,
20240220,AZ022 ,AZBRD022  - 20240220,Eco Venao,7:01,Chiroxiphia,lanceolata,,,no,1,1,0,1,1,DM,JS,JG,,
20240220,AZ022 ,AZBRD022  - 20240220,Eco Venao,7:01,Tapera,naevia,,,no,1,1,1,1,1,DM,JS,JG,,
20240220,AZ022 ,AZBRD022  - 20240220,Eco Venao,7:01,Thamnophilus,doliatus,,,no,1,1,0,1,1,DM,JS,JG,,
20240220,AZ022 ,AZBRD022  - 20240220,Eco Venao,7:01,Myiarchus,crinitus,,,no,1,0,1,0,1,DM,JS,JG,,
20240220,AZ022 ,AZBRD022  - 20240220,Eco Venao,7:01,Brotogeris,jugularis,,,no,1,1,1,1,1,DM,JS,JG,,
20240220,AZ022 ,AZBRD022  - 20240220,Eco Venao,7:01,Crypturellus,soui,,,no,1,0,0,0,0,DM,JS,JG,,
20240220,AZ022 ,AZBRD022  - 20240220,Eco Venao,7:01,Atalotriccus,pilaris,,,no,1,0,0,0,0,DM,JS,JG,,
20240220,AZ022 ,AZBRD022  - 20240220,Eco Venao,7:01,Atalotriccus,pilaris,,,no,0,1,1,0,0,DM,JS,JG,,
20240220,AZ022 ,AZBRD022  - 20240220,Eco Venao,7:01,Glaucidium,brasilianum,,,no,0,1,0,1,1,DM,JS,JG,,
20240220,AZ022 ,AZBRD022  - 20240220,Eco Venao,7:01,Psarocolius,decumanus,,,no,0,1,0,0,0,DM,JS,JG,,
20240220,AZ022 ,AZBRD022  - 20240220,Eco Venao,7:01,Chiroxiphia,lanceolata,,,no,0,0,1,1,1,DM,JS,JG,,
20240220,AZ022 ,AZBRD022  - 20240220,Eco Venao,7:01,Chiroxiphia,lanceolata,,,no,0,0,1,1,1,DM,JS,JG,,
20240220,AZ022 ,AZBRD022  - 20240220,Eco Venao,7:01,Saucerottia,edward,,,no,0,0,1,0,0,DM,JS,JG,,
20240220,AZ022 ,AZBRD022  - 20240220,Eco Venao,7:01,Cathartes,burrovianus,,,no,0,0,1,0,0,DM,JS,JG,,
20240220,AZ022 ,AZBRD022  - 20240220,Eco Venao,7:01,Tapera,naevia,,,no,0,0,1,0,0,DM,JS,JG,,
20240220,AZ022 ,AZBRD022  - 20240220,Eco Venao,7:01,Thamnophilus,doliatus,,,no,0,0,0,1,0,DM,JS,JG,,
20240220,AZ022 ,AZBRD022  - 20240220,Eco Venao,7:01,Vireo,flavoviridis,,,no,0,0,0,1,0,DM,JS,JG,,
20240220,AZ022 ,AZBRD022  - 20240220,Eco Venao,7:01,Melanerpes,rubricapillus,,,no,0,0,0,1,0,DM,JS,JG,,
20240220,AZ022 ,AZBRD022  - 20240220,Eco Venao,7:01,Thryophilus,rufalbus,,,no,0,0,0,0,1,DM,JS,JG,,
20240220,AZ022 ,AZBRD022  - 20240220,Eco Venao,7:12,Leptotila,verreauxi,,,yes,,,,,,DM,JS,JG,,
20240220,AZ022 ,AZBRD022  - 20240220,Eco Venao,7:12,Euphonia,luteicapilla,,,yes,,,,,,DM,JS,JG,,
20240220,AZ022 ,AZBRD022  - 20240220,Eco Venao,7:12,Glaucidium,brasilianum,,,yes,,,,,,DM,JS,JG,,
20240220,AZ021,AZBRD021 - 20240220,Eco Venao,7:40,Chiroxiphia,lanceolata,,,no,1,1,1,1,1,DM,JS,JG,,
20240220,AZ021,AZBRD021 - 20240220,Eco Venao,7:40,Thamnophilus,doliatus,,,no,1,0,1,0,0,DM,JS,JG,,
20240220,AZ021,AZBRD021 - 20240220,Eco Venao,7:40,Leptotila,verreauxi,,,no,1,0,0,1,1,DM,JS,JG,,
20240220,AZ021,AZBRD021 - 20240220,Eco Venao,7:40,Tapera,naevia,,,no,1,0,0,0,0,DM,JS,JG,,
20240220,AZ021,AZBRD021 - 20240220,Eco Venao,7:40,Megarynchus,pitangua,,,no,0,1,1,0,0,DM,JS,JG,,
20240220,AZ021,AZBRD021 - 20240220,Eco Venao,7:40,Myiarchus,panamensis,,,no,0,1,1,0,0,DM,JS,JG,,
20240220,AZ021,AZBRD021 - 20240220,Eco Venao,7:40,Atalotriccus,pilaris,,,no,0,1,0,0,0,DM,JS,JG,,
20240220,AZ021,AZBRD021 - 20240220,Eco Venao,7:40,Chiroxiphia,lanceolata,,,no,0,1,1,1,1,DM,JS,JG,,
20240220,AZ021,AZBRD021 - 20240220,Eco Venao,7:40,Atalotriccus,pilaris,,,no,0,0,1,0,0,DM,JS,JG,,
20240220,AZ021,AZBRD021 - 20240220,Eco Venao,7:40,Leptotila,verreauxi,,,no,0,0,1,0,1,DM,JS,JG,,
20240220,AZ021,AZBRD021 - 20240220,Eco Venao,7:40,Brotogeris,jugularis,,,no,0,0,1,1,0,DM,JS,JG,,
20240220,AZ021,AZBRD021 - 20240220,Eco Venao,7:40,Melanerpes,rubricapillus,,,no,0,0,0,0,1,DM,JS,JG,,
20240220,AZ021,AZBRD021 - 20240220,Eco Venao,7:40,Atalotriccus,pilaris,,,no,0,0,0,0,1,DM,JS,JG,,
20240220,AZ021,AZBRD021 - 20240220,Eco Venao,7:51,Saucerottia,edward,,,yes,,,,,,DM,JS,JG,,
20240220,AZ021,AZBRD021 - 20240220,Eco Venao,7:51,Phaethornis,striigularis,,,yes,,,,,,DM,JS,JG,,
20240220,AZ021,AZBRD021 - 20240220,Eco Venao,7:51,Piranga,rubra,,,yes,,,,,,DM,JS,JG,,
20240220,AZ021,AZBRD021 - 20240220,Eco Venao,7:51,Amazilia,tzacatl,,,yes,,,,,,DM,JS,JG,,
20240220,AZ021,AZBRD021 - 20240220,Eco Venao,7:51,Saucerottia,edward,,,yes,,,,,,DM,JS,JG,,
20240220,AZ021,AZBRD021 - 20240220,Eco Venao,7:51,Leptotila,verreauxi,,,yes,,,,,,DM,JS,JG,,
20240220,AZ021,AZBRD021 - 20240220,Eco Venao,7:51,Myiarchus,crinitus,,,yes,,,,,,DM,JS,JG,,
20240220,AZ021,AZBRD021 - 20240220,Eco Venao,7:51,Saucerottia,edward,,,yes,,,,,,DM,JS,JG,,
20240220,AZ017,AZBRD017 - 20240220,Eco Venao,8:30,Eupsittula,pertinax,,,no,1,0,0,1,1,DM,JS,JG,,
20240220,AZ017,AZBRD017 - 20240220,Eco Venao,8:30,Cathartes,aura,,,no,1,1,1,0,1,DM,JS,JG,,
20240220,AZ017,AZBRD017 - 20240220,Eco Venao,8:30,Cathartes,aura,,,no,1,1,1,0,1,DM,JS,JG,,
20240220,AZ017,AZBRD017 - 20240220,Eco Venao,8:30,Cathartes,aura,,,no,1,1,1,0,1,DM,JS,JG,,
20240220,AZ017,AZBRD017 - 20240220,Eco Venao,8:30,Atalotriccus,pilaris,,,no,1,0,0,0,0,DM,JS,JG,,
20240220,AZ017,AZBRD017 - 20240220,Eco Venao,8:30,Melanerpes,rubricapillus,,,no,1,1,1,0,1,DM,JS,JG,,
20240220,AZ017,AZBRD017 - 20240220,Eco Venao,8:30,Eupsittula,pertinax,,,no,1,0,0,0,0,DM,JS,JG,,
20240220,AZ017,AZBRD017 - 20240220,Eco Venao,8:30,Tityra,semifasciata,,,no,0,1,0,1,0,DM,JS,JG,,
20240220,AZ017,AZBRD017 - 20240220,Eco Venao,8:30,Piranga,rubra,,,no,0,1,0,0,0,DM,JS,JG,,
20240220,AZ017,AZBRD017 - 20240220,Eco Venao,8:30,Eupsittula,pertinax,,,no,0,0,1,0,0,DM,JS,JG,,
20240220,AZ017,AZBRD017 - 20240220,Eco Venao,8:30,Glaucidium,brasilianum,,,no,0,0,1,0,0,DM,JS,JG,,
20240220,AZ017,AZBRD017 - 20240220,Eco Venao,8:30,Glaucidium,brasilianum,,,no,0,0,1,0,0,DM,JS,JG,,
20240220,AZ017,AZBRD017 - 20240220,Eco Venao,8:30,Camptostoma,obsoletum,,,no,0,0,1,0,0,DM,JS,JG,,
20240220,AZ017,AZBRD017 - 20240220,Eco Venao,8:30,Myiarchus,panamensis,,,no,0,0,1,0,0,DM,JS,JG,,
20240220,AZ017,AZBRD017 - 20240220,Eco Venao,8:30,Thryophilus,rufalbus,,,no,0,0,0,0,1,DM,JS,JG,,
20240220,AZ017,AZBRD017 - 20240220,Eco Venao,8:30,Atalotriccus,pilaris,,,no,0,0,0,0,1,DM,JS,JG,,
20240220,AZ017,AZBRD017 - 20240220,Eco Venao,8:30,Myiarchus,crinitus,,,no,0,0,0,0,1,DM,JS,JG,,
20240220,AZ017,AZBRD017 - 20240220,Eco Venao,8:41,Leptotila,verreauxi,,,yes,,,,,,DM,JS,JG,,
20240220,AZ017,AZBRD017 - 20240220,Eco Venao,8:41,Cathartes,aura,,,yes,,,,,,DM,JS,JG,,
20240220,AZ017,AZBRD017 - 20240220,Eco Venao,8:41,Saucerottia,edward,,,yes,,,,,,DM,JS,JG,,
20240220,AZ018,AZBRD018 - 20240220,Eco Venao,8:56,Myiodynastes,maculatus,,,no,1,0,0,0,0,DM,JS,JG,,
20240220,AZ018,AZBRD018 - 20240220,Eco Venao,8:56,Myiodynastes,maculatus,,,no,1,0,0,0,0,DM,JS,JG,,
20240220,AZ018,AZBRD018 - 20240220,Eco Venao,8:56,Glaucidium,brasilianum,,,no,1,0,1,0,0,DM,JS,JG,,
20240220,AZ018,AZBRD018 - 20240220,Eco Venao,8:56,Myiodynastes,maculatus,,,no,1,0,1,0,0,DM,JS,JG,,
20240220,AZ018,AZBRD018 - 20240220,Eco Venao,8:56,Megarynchus,pitangua,,,no,1,0,1,0,0,DM,JS,JG,,
20240220,AZ018,AZBRD018 - 20240220,Eco Venao,8:56,Melanerpes,rubricapillus,,,no,0,1,0,0,0,DM,JS,JG,,
20240220,AZ018,AZBRD018 - 20240220,Eco Venao,8:56,Melanerpes,rubricapillus,,,no,0,1,0,0,0,DM,JS,JG,,
20240220,AZ018,AZBRD018 - 20240220,Eco Venao,8:56,Coragyps,atratus,,,no,0,1,0,0,0,DM,JS,JG,,
20240220,AZ018,AZBRD018 - 20240220,Eco Venao,8:56,Euphonia,luteicapilla,,,no,0,0,1,1,1,DM,JS,JG,,
20240220,AZ018,AZBRD018 - 20240220,Eco Venao,8:56,Cathartes,aura,,,no,0,0,1,0,1,DM,JS,JG,,
20240220,AZ018,AZBRD018 - 20240220,Eco Venao,8:56,Myiodynastes,maculatus,,,no,0,0,0,1,1,DM,JS,JG,,
20240220,AZ018,AZBRD018 - 20240220,Eco Venao,8:56,Myiarchus,panamensis,,,no,0,0,0,0,1,DM,JS,JG,,
20240220,AZ018,AZBRD018 - 20240220,Eco Venao,9:07,Melanerpes,rubricapillus,,,yes,,,,,,DM,JS,JG,,
20240220,AZ019,AZBRD019 - 20240220,Eco Venao,9:21,Leptotila,verreauxi,,,no,1,1,1,0,0,DM,JS,JG,,
20240220,AZ019,AZBRD019 - 20240220,Eco Venao,9:21,Melanerpes,rubricapillus,,,no,1,0,0,0,0,DM,JS,JG,,
20240220,AZ019,AZBRD019 - 20240220,Eco Venao,9:21,Euphonia,luteicapilla,,,no,1,1,1,0,0,DM,JS,JG,,
20240220,AZ019,AZBRD019 - 20240220,Eco Venao,9:21,Cathartes,aura,,,no,0,0,1,0,1,DM,JS,JG,,
20240220,AZ019,AZBRD019 - 20240220,Eco Venao,9:21,Progne,chalybea,,,no,0,0,0,1,1,DM,JS,JG,,
20240220,AZ019,AZBRD019 - 20240220,Eco Venao,9:21,Chiroxiphia,lanceolata,,,no,0,0,0,0,1,DM,JS,JG,,
20240220,AZ019,AZBRD019 - 20240220,Eco Venao,9:21,Coragyps,atratus,,,no,0,0,0,0,1,DM,JS,JG,,
20240220,AZ019,AZBRD019 - 20240220,Eco Venao,9:21,Coragyps,atratus,,,no,0,0,0,0,1,DM,JS,JG,,
20240220,AZ019,AZBRD019 - 20240220,Eco Venao,9:33,Chrysuronia,coeruleogularis,,,yes,,,,,,DM,JS,JG,,
20240220,AZ019,AZBRD019 - 20240220,Eco Venao,9:33,Chiroxiphia,lanceolata,,,yes,,,,,,DM,JS,JG,,
20240220,AZ019,AZBRD019 - 20240220,Eco Venao,9:33,Euphonia,luteicapilla,,,yes,,,,,,DM,JS,JG,,
20240221,AZ029,AZBRD029 - 20240221,Eco Venao,6:26,Leptotila,verreauxi,,,no,1,0,1,0,1,DM,JS,JG,HS,
20240221,AZ029,AZBRD029 - 20240221,Eco Venao,6:26,Leptotila,verreauxi,,,no,1,0,0,0,0,DM,JS,JG,HS,
20240221,AZ029,AZBRD029 - 20240221,Eco Venao,6:26,Camptostoma,obsoletum,,,no,1,1,1,1,1,DM,JS,JG,HS,
20240221,AZ029,AZBRD029 - 20240221,Eco Venao,6:26,Thamnophilus,doliatus,,,no,1,1,0,1,1,DM,JS,JG,HS,
20240221,AZ029,AZBRD029 - 20240221,Eco Venao,6:26,Xiphorhynchus,susurrans,,,no,1,1,0,0,0,DM,JS,JG,HS,
20240221,AZ029,AZBRD029 - 20240221,Eco Venao,6:26,Thamnophilus,doliatus,,,no,1,1,1,1,1,DM,JS,JG,HS,
20240221,AZ029,AZBRD029 - 20240221,Eco Venao,6:26,Atalotriccus,pilaris,,,no,0,1,1,0,0,DM,JS,JG,HS,
20240221,AZ029,AZBRD029 - 20240221,Eco Venao,6:26,Xiphorhynchus,susurrans,,,no,0,0,0,1,0,DM,JS,JG,HS,
20240221,AZ029,AZBRD029 - 20240221,Eco Venao,6:26,Coragyps,atratus,,,no,0,0,0,1,0,DM,JS,JG,HS,
20240221,AZ029,AZBRD029 - 20240221,Eco Venao,6:26,Coragyps,atratus,,,no,0,0,0,1,0,DM,JS,JG,HS,
20240221,AZ029,AZBRD029 - 20240221,Eco Venao,6:26,Thryophilus,rufalbus,,,no,0,0,0,0,1,DM,JS,JG,HS,
20240221,AZ029,AZBRD029 - 20240221,Eco Venao,6:38,Thamnophilus,doliatus,,,yes,,,,,,DM,JS,JG,HS,
20240221,AZ029,AZBRD029 - 20240221,Eco Venao,6:38,Atalotriccus,pilaris,,,yes,,,,,,DM,JS,JG,HS,
20240221,AZ029,AZBRD029 - 20240221,Eco Venao,6:38,Amazilia,tzacatl,,,yes,,,,,,DM,JS,JG,HS,
20240221,AZ029,AZBRD029 - 20240221,Eco Venao,6:38,Saucerottia,edward,,,yes,,,,,,DM,JS,JG,HS,
20240221,AZ029,AZBRD029 - 20240221,Eco Venao,6:38,Amazilia,tzacatl,,,yes,,,,,,DM,JS,JG,HS,
20240221,AZ029,AZBRD029 - 20240221,Eco Venao,6:38,Cathartes,aura,,,yes,,,,,,DM,JS,JG,HS,
20240221,AZ029,AZBRD029 - 20240221,Eco Venao,6:38,Cathartes,aura,,,yes,,,,,,DM,JS,JG,HS,
20240221,AZ029,AZBRD029 - 20240221,Eco Venao,6:38,Chiroxiphia,lanceolata,,,yes,,,,,,DM,JS,JG,HS,
20240221,AZ029,AZBRD029 - 20240221,Eco Venao,6:38,Vireo,flavifrons,,,yes,,,,,,DM,JS,JG,HS,
20240221,AZ028,AZBRD028 - 20240221,Eco Venao,6:57,Vireo,flavoviridis,,,no,1,1,1,1,1,DM,JS,JG,HS,
20240221,AZ028,AZBRD028 - 20240221,Eco Venao,6:57,Chiroxiphia,lanceolata,,,no,1,1,1,0,0,DM,JS,JG,HS,
20240221,AZ028,AZBRD028 - 20240221,Eco Venao,6:57,Leptotila,verreauxi,,,no,1,1,1,1,1,DM,JS,JG,HS,
20240221,AZ028,AZBRD028 - 20240221,Eco Venao,6:57,Chiroxiphia,lanceolata,,,no,1,0,1,0,0,DM,JS,JG,HS,
20240221,AZ028,AZBRD028 - 20240221,Eco Venao,6:57,Leptotila,verreauxi,,,no,0,1,0,0,0,DM,JS,JG,HS,
20240221,AZ028,AZBRD028 - 20240221,Eco Venao,6:57,Thryophilus,rufalbus,,,no,0,1,0,0,0,DM,JS,JG,HS,
20240221,AZ028,AZBRD028 - 20240221,Eco Venao,6:57,Myiodynastes,maculatus,,,no,0,1,1,1,0,DM,JS,JG,HS,
20240221,AZ028,AZBRD028 - 20240221,Eco Venao,6:57,Chiroxiphia,lanceolata,,,no,0,1,1,0,0,DM,JS,JG,HS,
20240221,AZ028,AZBRD028 - 20240221,Eco Venao,6:57,Brotogeris,jugularis,,,no,0,1,0,0,0,DM,JS,JG,HS,
20240221,AZ028,AZBRD028 - 20240221,Eco Venao,6:57,Tapera,naevia,,,no,0,0,1,1,0,DM,JS,JG,HS,
20240221,AZ028,AZBRD028 - 20240221,Eco Venao,6:57,Vireo,flavoviridis,,,no,0,0,0,1,0,DM,JS,JG,HS,
20240221,AZ028,AZBRD028 - 20240221,Eco Venao,6:57,Camptostoma,obsoletum,,,no,0,0,0,0,1,DM,JS,JG,HS,
20240221,AZ028,AZBRD028 - 20240221,Eco Venao,6:57,Amazilia,tzacatl,,,no,0,0,0,0,1,DM,JS,JG,HS,
20240221,AZ028,AZBRD028 - 20240221,Eco Venao,7:08,Amazilia,tzacatl,,,yes,,,,,,DM,JS,JG,HS,
20240221,AZ028,AZBRD028 - 20240221,Eco Venao,7:08,Thryophilus,rufalbus,,,yes,,,,,,DM,JS,JG,HS,
20240221,AZ028,AZBRD028 - 20240221,Eco Venao,7:08,Chlorestes,eliciae,,,yes,,,,,,DM,JS,JG,HS,
20240221,AZ028,AZBRD028 - 20240221,Eco Venao,7:08,Chiroxiphia,lanceolata,,,yes,,,,,,DM,JS,JG,HS,
20240221,AZ028,AZBRD028 - 20240221,Eco Venao,7:08,Amazilia,tzacatl,,,yes,,,,,,DM,JS,JG,HS,
20240221,AZ028,AZBRD028 - 20240221,Eco Venao,7:08,Thryophilus,rufalbus,,,yes,,,,,,DM,JS,JG,HS,
20240221,AZ028,AZBRD028 - 20240221,Eco Venao,7:08,Phaethornis,striigularis,,,yes,,,,,,DM,JS,JG,HS,
20240221,AZ028,AZBRD028 - 20240221,Eco Venao,7:08,Chiroxiphia,lanceolata,,,yes,,,,,,DM,JS,JG,HS,
20240221,AZ028,AZBRD028 - 20240221,Eco Venao,7:08,Myiarchus,crinitus,,,yes,,,,,,DM,JS,JG,HS,
20240221,AZ028,AZBRD028 - 20240221,Eco Venao,7:08,Tolmomyias,sulphurescens,,,yes,,,,,,DM,JS,JG,HS,
20240221,AZ028,AZBRD028 - 20240221,Eco Venao,7:08,Tolmomyias,sulphurescens,,,yes,,,,,,DM,JS,JG,HS,
20240221,AZ033,AZBRD033 - 20240221,Eco Venao,7:33,Chiroxiphia,lanceolata,,,no,1,1,1,1,1,DM,JS,JG,HS,
20240221,AZ033,AZBRD033 - 20240221,Eco Venao,7:33,Chiroxiphia,lanceolata,,,no,1,1,1,1,1,DM,JS,JG,HS,
20240221,AZ033,AZBRD033 - 20240221,Eco Venao,7:33,Chiroxiphia,lanceolata,,,no,1,1,1,1,1,DM,JS,JG,HS,
20240221,AZ033,AZBRD033 - 20240221,Eco Venao,7:33,Leptotila,verreauxi,,,no,1,1,1,1,1,DM,JS,JG,HS,
20240221,AZ033,AZBRD033 - 20240221,Eco Venao,7:33,Trogon,caligatus,,,no,1,1,1,1,1,DM,JS,JG,HS,
20240221,AZ033,AZBRD033 - 20240221,Eco Venao,7:33,Atalotriccus,pilaris,,,no,0,1,0,1,0,DM,JS,JG,HS,
20240221,AZ033,AZBRD033 - 20240221,Eco Venao,7:33,Ramphastos,sulfuratus,,,no,0,0,1,0,0,DM,JS,JG,HS,
20240221,AZ033,AZBRD033 - 20240221,Eco Venao,7:33,Atalotriccus,pilaris,,,no,0,0,0,1,0,DM,JS,JG,HS,
20240221,AZ033,AZBRD033 - 20240221,Eco Venao,7:33,Thamnophilus,bridgesi,,,no,0,0,0,0,1,DM,JS,JG,HS,
20240221,AZ033,AZBRD033 - 20240221,Eco Venao,7:33,Pachysylvia,decurtata,,,no,0,0,0,0,1,DM,JS,JG,HS,
20240221,AZ033,AZBRD033 - 20240221,Eco Venao,7:45,Atalotriccus,pilaris,,,yes,,,,,,DM,JS,JG,HS,
20240221,AZ033,AZBRD033 - 20240221,Eco Venao,7:45,Thryophilus,rufalbus,,,yes,,,,,,DM,JS,JG,HS,
20240221,AZ033,AZBRD033 - 20240221,Eco Venao,7:45,Phaethornis,striigularis,,,yes,,,,,,DM,JS,JG,HS,
20240221,AZ033,AZBRD033 - 20240221,Eco Venao,7:45,Xiphorhynchus,susurrans,,,yes,,,,,,DM,JS,JG,HS,
20240221,AZ033,AZBRD033 - 20240221,Eco Venao,7:45,Amazilia,tzacatl,,,yes,,,,,,DM,JS,JG,HS,
20240221,AZ033,AZBRD033 - 20240221,Eco Venao,7:45,Tyrannulus,elatus,,,yes,,,,,,DM,JS,JG,HS,
20240221,AZ033,AZBRD033 - 20240221,Eco Venao,7:45,Psarocolius,decumanus,,,yes,,,,,,DM,JS,JG,HS,
20240221,AZ034,AZBRD034 - 20240221,Eco Venao,8:07,Leptotila,verreauxi,,,no,1,1,0,0,1,DM,JS,JG,HS,
20240221,AZ034,AZBRD034 - 20240221,Eco Venao,8:07,Thryophilus,rufalbus,,,no,0,1,1,0,0,DM,JS,JG,HS,
20240221,AZ034,AZBRD034 - 20240221,Eco Venao,8:07,Tapera,naevia,,,no,0,1,1,1,0,DM,JS,JG,HS,
20240221,AZ034,AZBRD034 - 20240221,Eco Venao,8:07,Piaya,cayana,,,no,0,1,0,0,0,DM,JS,JG,HS,
20240221,AZ034,AZBRD034 - 20240221,Eco Venao,8:07,Euphonia,luteicapilla,,,no,0,0,1,0,0,DM,JS,JG,HS,
20240221,AZ034,AZBRD034 - 20240221,Eco Venao,8:07,Vireo,flavoviridis,,,no,0,0,1,1,1,DM,JS,JG,HS,
20240221,AZ034,AZBRD034 - 20240221,Eco Venao,8:07,Tapera,naevia,,,no,0,0,0,1,1,DM,JS,JG,HS,
20240221,AZ034,AZBRD034 - 20240221,Eco Venao,8:07,Atalotriccus,pilaris,,,no,0,0,0,1,0,DM,JS,JG,HS,
20240221,AZ034,AZBRD034 - 20240221,Eco Venao,8:18,Myiodynastes,maculatus,,,yes,,,,,,DM,JS,JG,HS,
20240221,AZ034,AZBRD034 - 20240221,Eco Venao,8:18,Myiodynastes,maculatus,,,yes,,,,,,DM,JS,JG,HS,
20240221,AZ034,AZBRD034 - 20240221,Eco Venao,8:18,Leiothlypis,peregrina,,,yes,,,,,,DM,JS,JG,HS,
20240221,AZ034,AZBRD034 - 20240221,Eco Venao,8:18,Polioptila,bilineata,,,yes,,,,,,DM,JS,JG,HS,
20240221,AZ034,AZBRD034 - 20240221,Eco Venao,8:18,Phaeochroa,cuvierii,,,yes,,,,,,DM,JS,JG,HS,
20240221,AZ034,AZBRD034 - 20240221,Eco Venao,8:18,Pachysylvia,decurtata,,,yes,,,,,,DM,JS,JG,HS,
20240221,AZ024,AZBRD024 - 20240221,Eco Venao,8:47,Chiroxiphia,lanceolata,,,no,1,1,1,0,1,DM,JS,JG,HS,
20240221,AZ024,AZBRD024 - 20240221,Eco Venao,8:47,Chiroxiphia,lanceolata,,,no,1,1,1,0,1,DM,JS,JG,HS,
20240221,AZ024,AZBRD024 - 20240221,Eco Venao,8:47,Camptostoma,obsoletum,,,no,1,1,0,1,0,DM,JS,JG,HS,
20240221,AZ024,AZBRD024 - 20240221,Eco Venao,8:47,Thamnophilus,doliatus,,,no,1,0,0,0,0,DM,JS,JG,HS,
20240221,AZ024,AZBRD024 - 20240221,Eco Venao,8:47,Leptotila,verreauxi,,,no,1,1,1,1,1,DM,JS,JG,HS,
20240221,AZ024,AZBRD024 - 20240221,Eco Venao,8:47,Leptotila,verreauxi,,,no,1,1,1,1,1,DM,JS,JG,HS,
20240221,AZ024,AZBRD024 - 20240221,Eco Venao,8:47,Camptostoma,obsoletum,,,no,0,1,0,0,0,DM,JS,JG,HS,
20240221,AZ024,AZBRD024 - 20240221,Eco Venao,8:47,Atalotriccus,pilaris,,,no,0,1,1,0,1,DM,JS,JG,HS,
20240221,AZ024,AZBRD024 - 20240221,Eco Venao,8:47,Euphonia,luteicapilla,,,no,0,1,0,0,0,DM,JS,JG,HS,
20240221,AZ024,AZBRD024 - 20240221,Eco Venao,8:47,Chiroxiphia,lanceolata,,,no,0,1,0,0,0,DM,JS,JG,HS,
20240221,AZ024,AZBRD024 - 20240221,Eco Venao,8:47,Eupsittula,pertinax,,,no,0,1,0,0,0,DM,JS,JG,HS,
20240221,AZ024,AZBRD024 - 20240221,Eco Venao,8:47,Atalotriccus,pilaris,,,no,0,1,0,0,0,DM,JS,JG,HS,
20240221,AZ024,AZBRD024 - 20240221,Eco Venao,8:47,Parkesia,noveboracensis,,,no,0,0,1,0,0,DM,JS,JG,HS,
20240221,AZ024,AZBRD024 - 20240221,Eco Venao,8:47,Xiphorhynchus,susurrans,,,no,0,0,1,0,0,DM,JS,JG,HS,
20240221,AZ024,AZBRD024 - 20240221,Eco Venao,8:47,Brotogeris,jugularis,,,no,0,0,0,1,0,DM,JS,JG,HS,
20240221,AZ024,AZBRD024 - 20240221,Eco Venao,8:47,Amazilia,tzacatl,,,no,0,0,0,1,0,DM,JS,JG,HS,
20240221,AZ024,AZBRD024 - 20240221,Eco Venao,8:47,Vireo,flavoviridis,,,no,0,0,0,0,1,DM,JS,JG,HS,
20240221,AZ024,AZBRD024 - 20240221,Eco Venao,8:47,Atalotriccus,pilaris,,,no,0,0,0,0,1,DM,JS,JG,HS,
20240221,AZ024,AZBRD024 - 20240221,Eco Venao,8:47,Chlorostilbon,assimilis,,,no,0,0,0,0,1,DM,JS,JG,HS,
20240221,AZ024,AZBRD024 - 20240221,Eco Venao,8:58,Amazilia,tzacatl,,,yes,,,,,,DM,JS,JG,HS,
20240221,AZ024,AZBRD024 - 20240221,Eco Venao,8:58,Elaenia,flavogaster,,,yes,,,,,,DM,JS,JG,HS,
20240221,AZ024,AZBRD024 - 20240221,Eco Venao,8:58,Atalotriccus,pilaris,,,yes,,,,,,DM,JS,JG,HS,
20240221,AZ024,AZBRD024 - 20240221,Eco Venao,8:58,Polioptila,bilineata,,,yes,,,,,,DM,JS,JG,HS,
20240221,AZ024,AZBRD024 - 20240221,Eco Venao,8:58,Polioptila,bilineata,,,yes,,,,,,DM,JS,JG,HS,
20240221,AZ024,AZBRD024 - 20240221,Eco Venao,8:58,Amazilia,tzacatl,,,yes,,,,,,DM,JS,JG,HS,
20240221,AZ024,AZBRD024 - 20240221,Eco Venao,8:58,Chlorestes,eliciae,,,yes,,,,,,DM,JS,JG,HS,
20240221,AZ024,AZBRD024 - 20240221,Eco Venao,8:58,Thryophilus,rufalbus,,,yes,,,,,,DM,JS,JG,HS,
20240221,AZ024,AZBRD024 - 20240221,Eco Venao,8:58,Camptostoma,obsoletum,,,yes,,,,,,DM,JS,JG,HS,
20240221,AZ020,AZBRD020 - 20240221,Eco Venao,9:23,Brotogeris,jugularis,,,no,1,0,0,0,0,DM,JS,JG,HS,
20240221,AZ020,AZBRD020 - 20240221,Eco Venao,9:23,Vireo,flavoviridis,,,no,1,1,1,1,1,DM,JS,JG,HS,
20240221,AZ020,AZBRD020 - 20240221,Eco Venao,9:23,Vireo,flavoviridis,,,no,0,1,1,0,0,DM,JS,JG,HS,
20240221,AZ020,AZBRD020 - 20240221,Eco Venao,9:23,Cathartes,aura,,,no,0,0,1,0,0,DM,JS,JG,HS,
20240221,AZ020,AZBRD020 - 20240221,Eco Venao,9:23,Amazilia,tzacatl,,,no,0,0,1,0,0,DM,JS,JG,HS,
20240221,AZ020,AZBRD020 - 20240221,Eco Venao,9:23,Camptostoma,obsoletum,,,no,0,0,0,0,1,DM,JS,JG,HS,
20240221,AZ020,AZBRD020 - 20240221,Eco Venao,9:34,Polioptila,bilineata,,,yes,,,,,,DM,JS,JG,HS,
20240221,AZ020,AZBRD020 - 20240221,Eco Venao,9:34,Polioptila,bilineata,,,yes,,,,,,DM,JS,JG,HS,
20240221,AZ020,AZBRD020 - 20240221,Eco Venao,9:34,Polioptila,bilineata,,,yes,,,,,,DM,JS,JG,HS,
20240221,AZ020,AZBRD020 - 20240221,Eco Venao,9:34,Saucerottia,edward,,,yes,,,,,,DM,JS,JG,HS,
20240221,AZ020,AZBRD020 - 20240221,Eco Venao,9:34,Piranga,rubra,,,yes,,,,,,DM,JS,JG,HS,
20240221,AZ020,AZBRD020 - 20240221,Eco Venao,9:34,Thryophilus,rufalbus,,,yes,,,,,,DM,JS,JG,HS,
20240221,AZ020,AZBRD020 - 20240221,Eco Venao,9:34,Thryophilus,rufalbus,,,yes,,,,,,DM,JS,JG,HS,
20240221,AZ020,AZBRD020 - 20240221,Eco Venao,9:34,Brotogeris,jugularis,,,yes,,,,,,DM,JS,JG,HS,
20240221,AZ020,AZBRD020 - 20240221,Eco Venao,9:34,Chlorostilbon,assimilis,,,yes,,,,,,DM,JS,JG,HS,
20240221,AZ020,AZBRD020 - 20240221,Eco Venao,9:34,Leiothlypis,peregrina,,,yes,,,,,,DM,JS,JG,HS,
20240221,AZ020,AZBRD020 - 20240221,Eco Venao,9:34,Saucerottia,edward,,,yes,,,,,,DM,JS,JG,HS,
20240221,AZ020,AZBRD020 - 20240221,Eco Venao,9:34,Chlorostilbon,assimilis,,,yes,,,,,,DM,JS,JG,HS,
20240221,AZ020,AZBRD020 - 20240221,Eco Venao,9:34,Leiothlypis,peregrina,,,yes,,,,,,DM,JS,JG,HS,
20240221,AZ020,AZBRD020 - 20240221,Eco Venao,9:34,Polioptila,bilineata,,,yes,,,,,,DM,JS,JG,HS,
20240221,AZ020,AZBRD020 - 20240221,Eco Venao,9:34,Amazilia,tzacatl,,,yes,,,,,,DM,JS,JG,HS,
20240221,AZ020,AZBRD020 - 20240221,Eco Venao,9:34,Vireo,flavoviridis,,,yes,,,,,,DM,JS,JG,HS,
20240222,AZ020,AZBRD020 - 20240222,Eco Venao,6:21,Myiodynastes,maculatus,,,no,1,1,0,1,1,DM,JS,JG,,
20240222,AZ020,AZBRD020 - 20240222,Eco Venao,6:21,Euphonia,luteicapilla,,,no,1,1,1,1,1,DM,JS,JG,,
20240222,AZ020,AZBRD020 - 20240222,Eco Venao,6:21,Euphonia,luteicapilla,,,no,1,1,1,1,1,DM,JS,JG,,
20240222,AZ020,AZBRD020 - 20240222,Eco Venao,6:21,Myiodynastes,maculatus,,,no,1,0,0,0,1,DM,JS,JG,,
20240222,AZ020,AZBRD020 - 20240222,Eco Venao,6:21,Vireo,flavoviridis,,,no,0,1,0,0,0,DM,JS,JG,,
20240222,AZ020,AZBRD020 - 20240222,Eco Venao,6:21,Brotogeris,jugularis,,,no,0,1,0,0,0,DM,JS,JG,,
20240222,AZ020,AZBRD020 - 20240222,Eco Venao,6:21,Melanerpes,rubricapillus,,,no,0,1,0,1,0,DM,JS,JG,,
20240222,AZ020,AZBRD020 - 20240222,Eco Venao,6:21,Camptostoma,obsoletum,,,no,0,1,1,1,0,DM,JS,JG,,
20240222,AZ020,AZBRD020 - 20240222,Eco Venao,6:21,Atalotriccus,pilaris,,,no,0,0,1,1,1,DM,JS,JG,,
20240222,AZ020,AZBRD020 - 20240222,Eco Venao,6:21,Melanerpes,rubricapillus,,,no,0,0,1,1,0,DM,JS,JG,,
20240222,AZ020,AZBRD020 - 20240222,Eco Venao,6:21,Thryophilus,rufalbus,,,no,0,0,0,1,0,DM,JS,JG,,
20240222,AZ020,AZBRD020 - 20240222,Eco Venao,6:21,Caracara,plancus,,,no,0,0,0,1,0,DM,JS,JG,,
20240222,AZ020,AZBRD020 - 20240222,Eco Venao,6:21,Myiodynastes,maculatus,,,no,0,0,0,0,1,DM,JS,JG,,
20240222,AZ020,AZBRD020 - 20240222,Eco Venao,6:21,Thraupis,episcopus,,,no,0,0,0,0,1,DM,JS,JG,,
20240222,AZ020,AZBRD020 - 20240222,Eco Venao,6:32,Leiothlypis,peregrina,,,yes,,,,,,DM,JS,JG,,
20240222,AZ020,AZBRD020 - 20240222,Eco Venao,6:32,Leiothlypis,peregrina,,,,,,,,,DM,JS,JG,,
20240222,AZ020,AZBRD020 - 20240222,Eco Venao,6:32,Leiothlypis,peregrina,,,,,,,,,DM,JS,JG,,
20240222,AZ020,AZBRD020 - 20240222,Eco Venao,6:32,Amazilia,tzacatl,,,,,,,,,DM,JS,JG,,
20240222,AZ020,AZBRD020 - 20240222,Eco Venao,6:32,Thryophilus,rufalbus,,,,,,,,,DM,JS,JG,,
20240222,AZ020,AZBRD020 - 20240222,Eco Venao,6:32,Xiphorhynchus,susurrans,,,,,,,,,DM,JS,JG,,
20240222,AZ020,AZBRD020 - 20240222,Eco Venao,6:32,Daptrius,chimachima,,,,,,,,,DM,JS,JG,,
20240222,AZ020,AZBRD020 - 20240222,Eco Venao,6:32,Polioptila,bilineata,,,,,,,,,DM,JS,JG,,
20240222,AZ020,AZBRD020 - 20240222,Eco Venao,6:32,Polioptila,bilineata,,,,,,,,,DM,JS,JG,,
20240222,AZ020,AZBRD020 - 20240222,Eco Venao,6:32,Melanerpes,rubricapillus,,,,,,,,,DM,JS,JG,,
20240222,AZ024,AZBRD024 - 20240222,Eco Venao,7:01,Cathartes,aura,,,no,1,0,0,0,0,DM,JS,JG,,
20240222,AZ024,AZBRD024 - 20240222,Eco Venao,7:01,Herpetotheres,cachinnans,,,no,1,0,0,0,0,DM,JS,JG,,
20240222,AZ024,AZBRD024 - 20240222,Eco Venao,7:01,Atalotriccus,pilaris,,,no,0,1,0,0,0,DM,JS,JG,,
20240222,AZ024,AZBRD024 - 20240222,Eco Venao,7:01,Tapera,naevia,,,no,0,1,1,1,0,DM,JS,JG,,
20240222,AZ024,AZBRD024 - 20240222,Eco Venao,7:01,Euphonia,luteicapilla,,,no,0,1,1,0,0,DM,JS,JG,,
20240222,AZ024,AZBRD024 - 20240222,Eco Venao,7:01,Leptotila,verreauxi,,,no,0,1,0,1,1,DM,JS,JG,,
20240222,AZ024,AZBRD024 - 20240222,Eco Venao,7:01,Pionus,menstruus,,,no,0,1,0,0,0,DM,JS,JG,,
20240222,AZ024,AZBRD024 - 20240222,Eco Venao,7:01,Eudocimus,albus,,,no,0,0,1,0,0,DM,JS,JG,,
20240222,AZ024,AZBRD024 - 20240222,Eco Venao,7:01,Eudocimus,albus,,,no,0,0,1,0,0,DM,JS,JG,,
20240222,AZ024,AZBRD024 - 20240222,Eco Venao,7:01,Eudocimus,albus,,,no,0,0,1,0,0,DM,JS,JG,,
20240222,AZ024,AZBRD024 - 20240222,Eco Venao,7:01,Eudocimus,albus,,,no,0,0,1,0,0,DM,JS,JG,,
20240222,AZ024,AZBRD024 - 20240222,Eco Venao,7:01,Eudocimus,albus,,,no,0,0,1,0,0,DM,JS,JG,,
20240222,AZ024,AZBRD024 - 20240222,Eco Venao,7:01,Eudocimus,albus,,,no,0,0,1,0,0,DM,JS,JG,,
20240222,AZ024,AZBRD024 - 20240222,Eco Venao,7:01,Eudocimus,albus,,,no,0,0,1,0,0,DM,JS,JG,,
20240222,AZ024,AZBRD024 - 20240222,Eco Venao,7:01,Eudocimus,albus,,,no,0,0,1,0,0,DM,JS,JG,,
20240222,AZ024,AZBRD024 - 20240222,Eco Venao,7:01,Eudocimus,albus,,,no,0,0,1,0,0,DM,JS,JG,,
20240222,AZ024,AZBRD024 - 20240222,Eco Venao,7:01,Eudocimus,albus,,,no,0,0,1,0,0,DM,JS,JG,,
20240222,AZ024,AZBRD024 - 20240222,Eco Venao,7:01,Eudocimus,albus,,,no,0,0,1,0,0,DM,JS,JG,,
20240222,AZ024,AZBRD024 - 20240222,Eco Venao,7:01,Eudocimus,albus,,,no,0,0,1,0,0,DM,JS,JG,,
20240222,AZ024,AZBRD024 - 20240222,Eco Venao,7:01,Brotogeris,jugularis,,,no,0,0,0,1,0,DM,JS,JG,,
20240222,AZ024,AZBRD024 - 20240222,Eco Venao,7:01,Daptrius,chimachima,,,no,0,0,0,0,1,DM,JS,JG,,
20240222,AZ024,AZBRD024 - 20240222,Eco Venao,7:01,Daptrius,chimachima,,,no,0,0,0,0,1,DM,JS,JG,,
20240222,AZ024,AZBRD024 - 20240222,Eco Venao,7:12,Polioptila,bilineata,,,yes,,,,,,DM,JS,JG,,
20240222,AZ024,AZBRD024 - 20240222,Eco Venao,7:12,Phaeochroa,cuvierii,,,yes,,,,,,DM,JS,JG,,
20240222,AZ024,AZBRD024 - 20240222,Eco Venao,7:12,Amazilia,tzacatl,,,yes,,,,,,DM,JS,JG,,
20240222,AZ024,AZBRD024 - 20240222,Eco Venao,7:12,Vireo,flavoviridis,,,yes,,,,,,DM,JS,JG,,
20240222,AZ024,AZBRD024 - 20240222,Eco Venao,7:12,Vireo,flavoviridis,,,yes,,,,,,DM,JS,JG,,
20240222,AZ024,AZBRD024 - 20240222,Eco Venao,7:12,Saucerottia,edward,,,yes,,,,,,DM,JS,JG,,
20240222,AZ024,AZBRD024 - 20240222,Eco Venao,7:12,Amazilia,tzacatl,,,yes,,,,,,DM,JS,JG,,
20240222,AZ024,AZBRD024 - 20240222,Eco Venao,7:12,Polioptila,bilineata,,,yes,,,,,,DM,JS,JG,,
20240222,AZ024,AZBRD024 - 20240222,Eco Venao,7:12,Polioptila,bilineata,,,yes,,,,,,DM,JS,JG,,
20240222,AZ024,AZBRD024 - 20240222,Eco Venao,7:12,Atalotriccus,pilaris,,,yes,,,,,,DM,JS,JG,,
20240222,AZ024,AZBRD024 - 20240222,Eco Venao,7:12,Vireo,flavifrons,,,yes,,,,,,DM,JS,JG,,
20240222,AZ024,AZBRD024 - 20240222,Eco Venao,7:12,Chlorostilbon,assimilis,,,yes,,,,,,DM,JS,JG,,
20240222,AZ024,AZBRD024 - 20240222,Eco Venao,7:12,Leiothlypis,peregrina,,,yes,,,,,,DM,JS,JG,,
20240222,AZ024,AZBRD024 - 20240222,Eco Venao,7:12,Chiroxiphia,lanceolata,,,yes,,,,,,DM,JS,JG,,
20240222,AZ024,AZBRD024 - 20240222,Eco Venao,7:12,Thryophilus,rufalbus,,,yes,,,,,,DM,JS,JG,,
20240222,AZ034,AZBRD034 - 20240222,Eco Venao,7:47,Leptotila,verreauxi,,,no,1,0,0,0,0,DM,JS,JG,,
20240222,AZ034,AZBRD034 - 20240222,Eco Venao,7:47,Atalotriccus,pilaris,,,no,1,0,1,0,0,DM,JS,JG,,
20240222,AZ034,AZBRD034 - 20240222,Eco Venao,7:47,Vireo,flavoviridis,,,no,1,0,1,0,0,DM,JS,JG,,
20240222,AZ034,AZBRD034 - 20240222,Eco Venao,7:47,Camptostoma,obsoletum,,,no,1,0,0,0,1,DM,JS,JG,,
20240222,AZ034,AZBRD034 - 20240222,Eco Venao,7:47,Camptostoma,obsoletum,,,no,0,1,0,0,0,DM,JS,JG,,
20240222,AZ034,AZBRD034 - 20240222,Eco Venao,7:47,Piaya,cayana,,,no,0,1,0,0,0,DM,JS,JG,,
20240222,AZ034,AZBRD034 - 20240222,Eco Venao,7:47,Megarynchus,pitangua,,,no,0,0,1,1,0,DM,JS,JG,,
20240222,AZ034,AZBRD034 - 20240222,Eco Venao,7:47,Euphonia,luteicapilla,,,no,0,0,0,1,0,DM,JS,JG,,
20240222,AZ034,AZBRD034 - 20240222,Eco Venao,7:47,Thryophilus,rufalbus,,,no,0,0,0,1,1,DM,JS,JG,,
20240222,AZ034,AZBRD034 - 20240222,Eco Venao,7:58,Atalotriccus,pilaris,,,yes,,,,,,DM,JS,JG,,
20240222,AZ034,AZBRD034 - 20240222,Eco Venao,7:58,Myiodynastes,maculatus,,,yes,,,,,,DM,JS,JG,,
20240222,AZ034,AZBRD034 - 20240222,Eco Venao,7:58,Atalotriccus,pilaris,,,yes,,,,,,DM,JS,JG,,
20240222,AZ034,AZBRD034 - 20240222,Eco Venao,7:58,Polioptila,bilineata,,,yes,,,,,,DM,JS,JG,,
20240222,AZ034,AZBRD034 - 20240222,Eco Venao,7:58,Thryophilus,rufalbus,,,yes,,,,,,DM,JS,JG,,
20240222,AZ033,AZBRD033 - 20240222,Eco Venao,8:22,Chiroxiphia,lanceolata,,,no,1,1,1,1,1,DM,JS,JG,,
20240222,AZ033,AZBRD033 - 20240222,Eco Venao,8:22,Chiroxiphia,lanceolata,,,no,1,1,1,1,1,DM,JS,JG,,
20240222,AZ033,AZBRD033 - 20240222,Eco Venao,8:22,Euphonia,luteicapilla,,,no,1,0,0,0,0,DM,JS,JG,,
20240222,AZ033,AZBRD033 - 20240222,Eco Venao,8:22,Myiarchus,crinitus,,,no,1,1,0,1,0,DM,JS,JG,,
20240222,AZ033,AZBRD033 - 20240222,Eco Venao,8:22,Xiphorhynchus,susurrans,,,no,0,1,0,0,0,DM,JS,JG,,
20240222,AZ033,AZBRD033 - 20240222,Eco Venao,8:22,Atalotriccus,pilaris,,,no,0,0,1,0,0,DM,JS,JG,,
20240222,AZ033,AZBRD033 - 20240222,Eco Venao,8:22,Atalotriccus,pilaris,,,no,0,0,1,0,0,DM,JS,JG,,
20240222,AZ033,AZBRD033 - 20240222,Eco Venao,8:22,Thamnophilus,bridgesi,,,no,0,0,1,0,0,DM,JS,JG,,
20240222,AZ033,AZBRD033 - 20240222,Eco Venao,8:22,Cathartes,aura,,,no,0,0,0,1,0,DM,JS,JG,,
20240222,AZ033,AZBRD033 - 20240222,Eco Venao,8:22,Chiroxiphia,lanceolata,,,no,0,0,0,1,0,DM,JS,JG,,
20240222,AZ033,AZBRD033 - 20240222,Eco Venao,8:22,Melanerpes,rubricapillus,,,no,0,0,0,1,0,DM,JS,JG,,
20240222,AZ033,AZBRD033 - 20240222,Eco Venao,8:24,Camptostoma,obsoletum,,,yes,,,,,,DM,JS,JG,,
20240222,AZ033,AZBRD033 - 20240222,Eco Venao,8:24,Myiodynastes,maculatus,,,yes,,,,,,DM,JS,JG,,
20240222,AZ033,AZBRD033 - 20240222,Eco Venao,8:24,Polioptila,bilineata,,,yes,,,,,,DM,JS,JG,,
20240222,AZ033,AZBRD033 - 20240222,Eco Venao,8:24,Atalotriccus,pilaris,,,yes,,,,,,DM,JS,JG,,
20240222,AZ033,AZBRD033 - 20240222,Eco Venao,8:24,Pitangus,sulphuratus,,,yes,,,,,,DM,JS,JG,,
20240222,AZ028,AZBRD028 - 20240222,Eco Venao,8:49,Vireo,flavoviridis,,,no,1,1,1,1,1,DM,JS,JG,,
20240222,AZ028,AZBRD028 - 20240222,Eco Venao,8:49,Chiroxiphia,lanceolata,,,no,1,0,1,1,1,DM,JS,JG,,
20240222,AZ028,AZBRD028 - 20240222,Eco Venao,8:49,Camptostoma,obsoletum,,,no,1,0,0,0,1,DM,JS,JG,,
20240222,AZ028,AZBRD028 - 20240222,Eco Venao,8:49,Atalotriccus,pilaris,,,no,1,1,0,0,0,DM,JS,JG,,
20240222,AZ028,AZBRD028 - 20240222,Eco Venao,8:49,Myiarchus,panamensis,,,no,0,1,0,0,0,DM,JS,JG,,
20240222,AZ028,AZBRD028 - 20240222,Eco Venao,8:49,Chiroxiphia,lanceolata,,,no,0,1,1,1,1,DM,JS,JG,,
20240222,AZ028,AZBRD028 - 20240222,Eco Venao,8:49,Vireo,flavoviridis,,,no,0,1,1,1,1,DM,JS,JG,,
20240222,AZ028,AZBRD028 - 20240222,Eco Venao,8:49,Atalotriccus,pilaris,,,no,0,0,1,0,0,DM,JS,JG,,
20240222,AZ028,AZBRD028 - 20240222,Eco Venao,8:49,Atalotriccus,pilaris,,,no,0,0,1,0,0,DM,JS,JG,,
20240222,AZ028,AZBRD028 - 20240222,Eco Venao,8:49,Leptotila,verreauxi,,,no,0,0,1,0,1,DM,JS,JG,,
20240222,AZ028,AZBRD028 - 20240222,Eco Venao,8:49,Thryophilus,rufalbus,,,no,0,0,1,0,0,DM,JS,JG,,
20240222,AZ028,AZBRD028 - 20240222,Eco Venao,8:49,Phaethornis,striigularis,,,no,0,0,0,1,0,DM,JS,JG,,
20240222,AZ028,AZBRD028 - 20240222,Eco Venao,8:49,Leptotila,verreauxi,,,no,0,0,0,1,0,DM,JS,JG,,
20240222,AZ028,AZBRD028 - 20240222,Eco Venao,8:49,Xiphorhynchus,susurrans,,,no,0,0,0,0,1,DM,JS,JG,,
20240222,AZ028,AZBRD028 - 20240222,Eco Venao,9:00,Vireo,flavoviridis,,,yes,,,,,,DM,JS,JG,,
20240222,AZ028,AZBRD028 - 20240222,Eco Venao,9:00,Vireo,flavoviridis,,,yes,,,,,,DM,JS,JG,,
20240222,AZ028,AZBRD028 - 20240222,Eco Venao,9:00,Polioptila,bilineata,,,yes,,,,,,DM,JS,JG,,
20240222,AZ028,AZBRD028 - 20240222,Eco Venao,9:00,Pitangus,sulphuratus,,,yes,,,,,,DM,JS,JG,,
20240222,AZ028,AZBRD028 - 20240222,Eco Venao,9:00,Amazilia,tzacatl,,,yes,,,,,,DM,JS,JG,,
20240222,AZ028,AZBRD028 - 20240222,Eco Venao,9:00,Euphonia,luteicapilla,,,yes,,,,,,DM,JS,JG,,
20240222,AZ028,AZBRD028 - 20240222,Eco Venao,9:00,Atalotriccus,pilaris,,,yes,,,,,,DM,JS,JG,,
20240222,AZ029,AZBRD029 - 20240222,Eco Venao,9:24,Chiroxiphia,lanceolata,,,no,0,1,1,0,0,DM,JS,JG,,
20240222,AZ029,AZBRD029 - 20240222,Eco Venao,9:24,Chiroxiphia,lanceolata,,,no,0,1,1,0,0,DM,JS,JG,,
20240222,AZ029,AZBRD029 - 20240222,Eco Venao,9:35,Atalotriccus,pilaris,,,yes,,,,,,DM,JS,JG,,
20240222,AZ029,AZBRD029 - 20240222,Eco Venao,9:35,Amazilia,tzacatl,,,yes,,,,,,DM,JS,JG,,
20240222,AZ029,AZBRD029 - 20240222,Eco Venao,9:35,Amazilia,tzacatl,,,yes,,,,,,DM,JS,JG,,
20240222,AZ029,AZBRD029 - 20240222,Eco Venao,9:35,Atalotriccus,pilaris,,,yes,,,,,,DM,JS,JG,,
20240222,AZ029,AZBRD029 - 20240222,Eco Venao,9:35,Vireo,flavifrons,,,yes,,,,,,DM,JS,JG,,
20240222,AZ029,AZBRD029 - 20240222,Eco Venao,9:35,Polioptila,bilineata,,,yes,,,,,,DM,JS,JG,,
20240223,AZ027,AZBRD027 - 20240223,Finca Cardenas ,6:20,Euphonia,luteicapilla,,,no,1,1,1,1,1,DM,JS,JG,,
20240223,AZ027,AZBRD027 - 20240223,Finca Cardenas ,6:20,Megarynchus,pitangua,,,no,1,1,1,1,1,DM,JS,JG,,
20240223,AZ027,AZBRD027 - 20240223,Finca Cardenas ,6:20,Megarynchus,pitangua,,,no,1,1,1,1,1,DM,JS,JG,,
20240223,AZ027,AZBRD027 - 20240223,Finca Cardenas ,6:20,Euphonia,luteicapilla,,,no,0,0,0,1,1,DM,JS,JG,,
20240223,AZ027,AZBRD027 - 20240223,Finca Cardenas ,6:20,Amazilia,tzacatl,,,no,0,0,0,1,1,DM,JS,JG,,
20240223,AZ027,AZBRD027 - 20240223,Finca Cardenas ,6:20,Amazona,ochrocephala,,,no,0,0,0,1,1,DM,JS,JG,,
20240223,AZ027,AZBRD027 - 20240223,Finca Cardenas ,6:20,Myiodynastes,maculatus,,,no,0,0,0,0,1,DM,JS,JG,,
20240223,AZ027,AZBRD027 - 20240223,Finca Cardenas ,6:20,Melanerpes,rubricapillus,,,no,0,0,0,0,1,DM,JS,JG,,
20240223,AZ027,AZBRD027 - 20240223,Finca Cardenas ,6:31,Amazilia,tzacatl,,,yes,,,,,,DM,JS,JG,,
20240223,AZ027,AZBRD027 - 20240223,Finca Cardenas ,6:31,Chlorostilbon,assimilis,,,yes,,,,,,DM,JS,JG,,
20240223,AZ027,AZBRD027 - 20240223,Finca Cardenas ,6:31,Brotogeris,jugularis,,,yes,,,,,,DM,JS,JG,,
20240223,AZ027,AZBRD027 - 20240223,Finca Cardenas ,6:31,Brotogeris,jugularis,,,yes,,,,,,DM,JS,JG,,
20240223,AZ032,AZBRD032 - 20240223,Finca Cardenas ,6:43,Leptotila,verreauxi,,,no,1,1,0,1,0,DM,JS,JG,,
20240223,AZ032,AZBRD032 - 20240223,Finca Cardenas ,6:43,Leptotila,verreauxi,,,no,1,1,0,1,0,DM,JS,JG,,
20240223,AZ032,AZBRD032 - 20240223,Finca Cardenas ,6:43,Camptostoma,obsoletum,,,no,1,1,0,1,1,DM,JS,JG,,
20240223,AZ032,AZBRD032 - 20240223,Finca Cardenas ,6:43,Atalotriccus,pilaris,,,no,1,0,0,0,0,DM,JS,JG,,
20240223,AZ032,AZBRD032 - 20240223,Finca Cardenas ,6:43,Piranga,rubra,,,no,1,0,0,0,0,DM,JS,JG,,
20240223,AZ032,AZBRD032 - 20240223,Finca Cardenas ,6:43,Thryophilus,rufalbus,,,no,1,0,1,0,0,DM,JS,JG,,
20240223,AZ032,AZBRD032 - 20240223,Finca Cardenas ,6:43,Tyrannulus,elatus,,,no,1,1,1,1,1,DM,JS,JG,,
20240223,AZ032,AZBRD032 - 20240223,Finca Cardenas ,6:43,Tyrannulus,elatus,,,no,1,1,1,1,1,DM,JS,JG,,
20240223,AZ032,AZBRD032 - 20240223,Finca Cardenas ,6:43,Chlorostilbon,assimilis,,,no,0,1,0,1,0,DM,JS,JG,,
20240223,AZ032,AZBRD032 - 20240223,Finca Cardenas ,6:43,Tyrannus,melancholicus,,,no,0,1,0,0,0,DM,JS,JG,,
20240223,AZ032,AZBRD032 - 20240223,Finca Cardenas ,6:43,Chiroxiphia,lanceolata,,,no,0,1,1,1,0,DM,JS,JG,,
20240223,AZ032,AZBRD032 - 20240223,Finca Cardenas ,6:43,Myiodynastes,maculatus,,,no,0,0,1,0,0,DM,JS,JG,,
20240223,AZ032,AZBRD032 - 20240223,Finca Cardenas ,6:43,Chiroxiphia,lanceolata,,,no,0,0,1,1,0,DM,JS,JG,,
20240223,AZ032,AZBRD032 - 20240223,Finca Cardenas ,6:43,Chrysuronia,coeruleogularis,,,no,0,0,1,0,0,DM,JS,JG,,
20240223,AZ032,AZBRD032 - 20240223,Finca Cardenas ,6:43,Atalotriccus,pilaris,,,no,0,0,1,0,0,DM,JS,JG,,
20240223,AZ032,AZBRD032 - 20240223,Finca Cardenas ,6:43,Euphonia,luteicapilla,,,no,0,0,1,0,1,DM,JS,JG,,
20240223,AZ032,AZBRD032 - 20240223,Finca Cardenas ,6:43,Camptostoma,obsoletum,,,no,0,0,1,1,1,DM,JS,JG,,
20240223,AZ032,AZBRD032 - 20240223,Finca Cardenas ,6:43,Vireo,flavoviridis,,,no,0,0,1,1,1,DM,JS,JG,,
20240223,AZ032,AZBRD032 - 20240223,Finca Cardenas ,6:43,Psarocolius,decumanus,,,no,0,0,0,1,0,DM,JS,JG,,
20240223,AZ032,AZBRD032 - 20240223,Finca Cardenas ,6:43,Polioptila,bilineata,,,no,0,0,0,0,1,DM,JS,JG,,
20240223,AZ032,AZBRD032 - 20240223,Finca Cardenas ,6:43,Amazona,ochrocephala,,,no,0,0,0,0,1,DM,JS,JG,,
20240223,AZ032,AZBRD032 - 20240223,Finca Cardenas ,6:55,Setophaga,petechia,,,yes,,,,,,DM,JS,JG,,
20240223,AZ032,AZBRD032 - 20240223,Finca Cardenas ,6:55,Polioptila,bilineata,,,yes,,,,,,DM,JS,JG,,
20240223,AZ032,AZBRD032 - 20240223,Finca Cardenas ,6:55,Saucerottia,edward,,,yes,,,,,,DM,JS,JG,,
20240223,AZ032,AZBRD032 - 20240223,Finca Cardenas ,6:55,Fregata,magnificens,,,yes,,,,,,DM,JS,JG,,
20240223,AZ032,AZBRD032 - 20240223,Finca Cardenas ,6:55,Polioptila,bilineata,,,yes,,,,,,DM,JS,JG,,
20240223,AZ032,AZBRD032 - 20240223,Finca Cardenas ,6:55,Polioptila,bilineata,,,yes,,,,,,DM,JS,JG,,
20240223,AZ032,AZBRD032 - 20240223,Finca Cardenas ,6:55,Piranga,rubra,,,yes,,,,,,DM,JS,JG,,
20240223,AZ032,AZBRD032 - 20240223,Finca Cardenas ,6:55,Tolmomyias,sulphurescens,,,yes,,,,,,DM,JS,JG,,
20240223,AZ032,AZBRD032 - 20240223,Finca Cardenas ,6:55,Saucerottia,edward,,,yes,,,,,,DM,JS,JG,,
20240223,AZ032,AZBRD032 - 20240223,Finca Cardenas ,6:55,Chiroxiphia,lanceolata,,,yes,,,,,,DM,JS,JG,,
20240223,AZ032,AZBRD032 - 20240223,Finca Cardenas ,6:55,Saucerottia,edward,,,yes,,,,,,DM,JS,JG,,
20240223,AZ032,AZBRD032 - 20240223,Finca Cardenas ,6:55,Saucerottia,edward,,,yes,,,,,,DM,JS,JG,,
20240223,AZ032,AZBRD032 - 20240223,Finca Cardenas ,6:55,Brotogeris,jugularis,,,yes,,,,,,DM,JS,JG,,
20240223,AZ032,AZBRD032 - 20240223,Finca Cardenas ,6:55,Atalotriccus,pilaris,,,yes,,,,,,DM,JS,JG,,
20240223,AZ032,AZBRD032 - 20240223,Finca Cardenas ,6:55,Phaeochroa,cuvierii,,,yes,,,,,,DM,JS,JG,,
20240223,AZ031,AZBRD031 - 20240223,Finca Cardenas ,7:26,Myiodynastes,maculatus,,,no,1,1,0,0,0,DM,JS,JG,,
20240223,AZ031,AZBRD031 - 20240223,Finca Cardenas ,7:26,Myiodynastes,maculatus,,,no,1,1,0,0,0,DM,JS,JG,,
20240223,AZ031,AZBRD031 - 20240223,Finca Cardenas ,7:26,Chiroxiphia,lanceolata,,,no,1,0,0,0,0,DM,JS,JG,,
20240223,AZ031,AZBRD031 - 20240223,Finca Cardenas ,7:26,Troglodytes,aedon,,,no,1,0,0,0,0,DM,JS,JG,,
20240223,AZ031,AZBRD031 - 20240223,Finca Cardenas ,7:26,Icterus,chrysater,,,no,1,1,0,1,1,DM,JS,JG,,
20240223,AZ031,AZBRD031 - 20240223,Finca Cardenas ,7:26,Camptostoma,obsoletum,,,no,0,1,0,0,0,DM,JS,JG,,
20240223,AZ031,AZBRD031 - 20240223,Finca Cardenas ,7:26,Melanerpes,rubricapillus,,,no,0,1,1,0,1,DM,JS,JG,,
20240223,AZ031,AZBRD031 - 20240223,Finca Cardenas ,7:26,Atalotriccus,pilaris,,,no,0,1,0,0,1,DM,JS,JG,,
20240223,AZ031,AZBRD031 - 20240223,Finca Cardenas ,7:26,Thryophilus,rufalbus,,,no,0,1,0,0,0,DM,JS,JG,,
20240223,AZ031,AZBRD031 - 20240223,Finca Cardenas ,7:26,Amazilia,tzacatl,,,no,0,1,1,0,0,DM,JS,JG,,
20240223,AZ031,AZBRD031 - 20240223,Finca Cardenas ,7:26,Chiroxiphia,lanceolata,,,no,0,1,0,0,0,DM,JS,JG,,
20240223,AZ031,AZBRD031 - 20240223,Finca Cardenas ,7:26,Saucerottia,edward,,,no,0,1,1,0,0,DM,JS,JG,,
20240223,AZ031,AZBRD031 - 20240223,Finca Cardenas ,7:26,Tapera,naevia,,,no,0,1,1,0,0,DM,JS,JG,,
20240223,AZ031,AZBRD031 - 20240223,Finca Cardenas ,7:26,Brotogeris,jugularis,,,no,0,1,0,0,0,DM,JS,JG,,
20240223,AZ031,AZBRD031 - 20240223,Finca Cardenas ,7:26,Vireo,flavoviridis,,,no,0,0,1,0,1,DM,JS,JG,,
20240223,AZ031,AZBRD031 - 20240223,Finca Cardenas ,7:26,Tyrannulus,elatus,,,no,0,0,0,1,0,DM,JS,JG,,
20240223,AZ031,AZBRD031 - 20240223,Finca Cardenas ,7:26,Euphonia,luteicapilla,,,no,0,0,0,1,1,DM,JS,JG,,
20240223,AZ031,AZBRD031 - 20240223,Finca Cardenas ,7:26,Pachysylvia,decurtata,,,no,0,0,0,1,0,DM,JS,JG,,
20240223,AZ031,AZBRD031 - 20240223,Finca Cardenas ,7:26,Tyrannus,melancholicus,,,no,0,0,0,1,1,DM,JS,JG,,
20240223,AZ031,AZBRD031 - 20240223,Finca Cardenas ,7:26,Leptotila,verreauxi,,,no,0,0,0,0,1,DM,JS,JG,,
20240223,AZ031,AZBRD031 - 20240223,Finca Cardenas ,7:40,Melanerpes,rubricapillus,,,yes,,,,,,DM,JS,JG,,
20240223,AZ031,AZBRD031 - 20240223,Finca Cardenas ,7:40,Cathartes,aura,,,yes,,,,,,DM,JS,JG,,
20240223,AZ031,AZBRD031 - 20240223,Finca Cardenas ,7:40,Piranga,rubra,,,yes,,,,,,DM,JS,JG,,
20240223,AZ031,AZBRD031 - 20240223,Finca Cardenas ,7:40,Leiothlypis,peregrina,,,yes,,,,,,DM,JS,JG,,
20240223,AZ031,AZBRD031 - 20240223,Finca Cardenas ,7:40,Leiothlypis,peregrina,,,yes,,,,,,DM,JS,JG,,
20240223,AZ031,AZBRD031 - 20240223,Finca Cardenas ,7:40,Leiothlypis,peregrina,,,yes,,,,,,DM,JS,JG,,
20240223,AZ031,AZBRD031 - 20240223,Finca Cardenas ,7:40,Pachysylvia,decurtata,,,yes,,,,,,DM,JS,JG,,
20240223,AZ031,AZBRD031 - 20240223,Finca Cardenas ,7:40,Euphonia,luteicapilla,,,yes,,,,,,DM,JS,JG,,
20240223,AZ031,AZBRD031 - 20240223,Finca Cardenas ,7:40,Piranga,rubra,,,yes,,,,,,DM,JS,JG,,
20240223,AZ031,AZBRD031 - 20240223,Finca Cardenas ,7:40,Polioptila,bilineata,,,yes,,,,,,DM,JS,JG,,
20240223,AZ031,AZBRD031 - 20240223,Finca Cardenas ,7:40,Setophaga,petechia,,,yes,,,,,,DM,JS,JG,,
20240223,AZ031,AZBRD031 - 20240223,Finca Cardenas ,7:40,Phaeochroa,cuvierii,,,yes,,,,,,DM,JS,JG,,
20240223,AZ031,AZBRD031 - 20240223,Finca Cardenas ,7:40,Atalotriccus,pilaris,,,yes,,,,,,DM,JS,JG,,
20240223,AZ031,AZBRD031 - 20240223,Finca Cardenas ,7:40,Thryophilus,rufalbus,,,yes,,,,,,DM,JS,JG,,
20240223,AZ031,AZBRD031 - 20240223,Finca Cardenas ,7:40,Phaeochroa,cuvierii,,,yes,,,,,,DM,JS,JG,,
20240223,AZ031,AZBRD031 - 20240223,Finca Cardenas ,7:40,Myiodynastes,maculatus,,,yes,,,,,,DM,JS,JG,,
20240223,AZ031,AZBRD031 - 20240223,Finca Cardenas ,7:40,Saucerottia,edward,,,yes,,,,,,DM,JS,JG,,
20240223,AZ031,AZBRD031 - 20240223,Finca Cardenas ,7:40,Myiarchus,panamensis,,,yes,,,,,,DM,JS,JG,,
20240223,AZ031,AZBRD031 - 20240223,Finca Cardenas ,7:40,Euphonia,luteicapilla,,,yes,,,,,,DM,JS,JG,,
20240223,AZ031,AZBRD031 - 20240223,Finca Cardenas ,7:40,Myiozetetes,similis,,,yes,,,,,,DM,JS,JG,,
20240223,AZ031,AZBRD031 - 20240223,Finca Cardenas ,7:40,Phaeochroa,cuvierii,,,yes,,,,,,DM,JS,JG,,
20240223,AZ030,AZBRD030 - 20240223,Finca Cardenas ,8:03,Thraupis,episcopus,,,no,1,0,0,0,0,DM,JS,JG,,
20240223,AZ030,AZBRD030 - 20240223,Finca Cardenas ,8:03,Leptotila,verreauxi,,,no,1,1,1,0,0,DM,JS,JG,,
20240223,AZ030,AZBRD030 - 20240223,Finca Cardenas ,8:03,Vireo,flavoviridis,,,no,1,0,0,0,0,DM,JS,JG,,
20240223,AZ030,AZBRD030 - 20240223,Finca Cardenas ,8:03,Brotogeris,jugularis,,,no,1,0,0,1,1,DM,JS,JG,,
20240223,AZ030,AZBRD030 - 20240223,Finca Cardenas ,8:03,Melanerpes,rubricapillus,,,no,1,0,1,0,0,DM,JS,JG,,
20240223,AZ030,AZBRD030 - 20240223,Finca Cardenas ,8:03,Euphonia,luteicapilla,,,no,1,0,0,0,0,DM,JS,JG,,
20240223,AZ030,AZBRD030 - 20240223,Finca Cardenas ,8:03,Brotogeris,jugularis,,,no,1,1,1,1,1,DM,JS,JG,,
20240223,AZ030,AZBRD030 - 20240223,Finca Cardenas ,8:03,Brotogeris,jugularis,,,no,1,1,1,1,1,DM,JS,JG,,
20240223,AZ030,AZBRD030 - 20240223,Finca Cardenas ,8:03,Brotogeris,jugularis,,,no,1,1,1,1,1,DM,JS,JG,,
20240223,AZ030,AZBRD030 - 20240223,Finca Cardenas ,8:03,Brotogeris,jugularis,,,no,1,1,1,1,1,DM,JS,JG,,
20240223,AZ030,AZBRD030 - 20240223,Finca Cardenas ,8:03,Brotogeris,jugularis,,,no,1,1,1,1,1,DM,JS,JG,,
20240223,AZ030,AZBRD030 - 20240223,Finca Cardenas ,8:03,Brotogeris,jugularis,,,no,1,1,1,1,1,DM,JS,JG,,
20240223,AZ030,AZBRD030 - 20240223,Finca Cardenas ,8:03,Brotogeris,jugularis,,,no,1,1,1,1,1,DM,JS,JG,,
20240223,AZ030,AZBRD030 - 20240223,Finca Cardenas ,8:03,Tyrannus,melancholicus,,,no,0,1,0,1,0,DM,JS,JG,,
20240223,AZ030,AZBRD030 - 20240223,Finca Cardenas ,8:03,Troglodytes,aedon,,,no,0,1,0,0,0,DM,JS,JG,,
20240223,AZ030,AZBRD030 - 20240223,Finca Cardenas ,8:03,Volatinia,jacarina,,,no,0,0,1,0,0,DM,JS,JG,,
20240223,AZ030,AZBRD030 - 20240223,Finca Cardenas ,8:03,Euphonia,luteicapilla,,,no,0,0,1,1,0,DM,JS,JG,,
20240223,AZ030,AZBRD030 - 20240223,Finca Cardenas ,8:03,Myiodynastes,maculatus,,,no,0,0,0,1,0,DM,JS,JG,,
20240223,AZ030,AZBRD030 - 20240223,Finca Cardenas ,8:03,Amazilia,tzacatl,,,no,0,0,0,1,0,DM,JS,JG,,
20240223,AZ030,AZBRD030 - 20240223,Finca Cardenas ,8:14,Atalotriccus,pilaris,,,yes,,,,,,DM,JS,JG,,
20240223,AZ030,AZBRD030 - 20240223,Finca Cardenas ,8:14,Tyrannus,melancholicus,,,yes,,,,,,DM,JS,JG,,
20240223,AZ030,AZBRD030 - 20240223,Finca Cardenas ,8:14,Euphonia,luteicapilla,,,yes,,,,,,DM,JS,JG,,
20240223,AZ030,AZBRD030 - 20240223,Finca Cardenas ,8:14,Megarynchus,pitangua,,,yes,,,,,,DM,JS,JG,,
20240223,AZ030,AZBRD030 - 20240223,Finca Cardenas ,8:14,Saucerottia,edward,,,yes,,,,,,DM,JS,JG,,
20240223,AZ030,AZBRD030 - 20240223,Finca Cardenas ,8:14,Cathartes,aura,,,yes,,,,,,DM,JS,JG,,
20240223,AZ030,AZBRD030 - 20240223,Finca Cardenas ,8:14,Anthracothorax,veraguensis,,,yes,,,,,,DM,JS,JG,,
20240223,AZ030,AZBRD030 - 20240223,Finca Cardenas ,8:14,Troglodytes,aedon,,,yes,,,,,,DM,JS,JG,,
20240223,AZ025,AZBRD025 - 20240223,Finca Cardenas ,8:38,Vireo,flavoviridis,,,no,1,0,0,0,0,DM,JS,JG,,
20240223,AZ025,AZBRD025 - 20240223,Finca Cardenas ,8:38,Melanerpes,rubricapillus,,,no,1,0,0,0,0,DM,JS,JG,,
20240223,AZ025,AZBRD025 - 20240223,Finca Cardenas ,8:38,Camptostoma,obsoletum,,,no,1,0,0,0,0,DM,JS,JG,,
20240223,AZ025,AZBRD025 - 20240223,Finca Cardenas ,8:38,Leptotila,verreauxi,,,no,1,1,1,1,1,DM,JS,JG,,
20240223,AZ025,AZBRD025 - 20240223,Finca Cardenas ,8:38,Melanerpes,rubricapillus,,,no,1,0,0,0,0,DM,JS,JG,,
20240223,AZ025,AZBRD025 - 20240223,Finca Cardenas ,8:38,Leptotila,verreauxi,,,no,0,1,0,0,1,DM,JS,JG,,
20240223,AZ025,AZBRD025 - 20240223,Finca Cardenas ,8:38,Troglodytes,aedon,,,no,0,1,0,0,0,DM,JS,JG,,
20240223,AZ025,AZBRD025 - 20240223,Finca Cardenas ,8:38,Brotogeris,jugularis,,,no,0,0,1,0,0,DM,JS,JG,,
20240223,AZ025,AZBRD025 - 20240223,Finca Cardenas ,8:38,Coragyps,atratus,,,no,0,0,1,0,0,DM,JS,JG,,
20240223,AZ025,AZBRD025 - 20240223,Finca Cardenas ,8:38,Xiphorhynchus,susurrans,,,no,0,0,0,1,0,DM,JS,JG,,
20240223,AZ025,AZBRD025 - 20240223,Finca Cardenas ,8:38,Brotogeris,jugularis,,,no,0,0,0,1,0,DM,JS,JG,,
20240223,AZ025,AZBRD025 - 20240223,Finca Cardenas ,8:38,Crotophaga,sulcirostris,,,no,0,0,0,1,0,DM,JS,JG,,
20240223,AZ025,AZBRD025 - 20240223,Finca Cardenas ,8:50,Atalotriccus,pilaris,,,yes,,,,,,DM,JS,JG,,
20240223,AZ025,AZBRD025 - 20240223,Finca Cardenas ,8:50,Troglodytes,aedon,,,yes,,,,,,DM,JS,JG,,
20240223,AZ025,AZBRD025 - 20240223,Finca Cardenas ,8:50,Troglodytes,aedon,,,yes,,,,,,DM,JS,JG,,
20240223,AZ026,AZBRD026 - 20240223,Finca Cardenas ,9:06,Atalotriccus,pilaris,,,no,1,1,0,0,0,DM,JS,JG,,
20240223,AZ026,AZBRD026 - 20240223,Finca Cardenas ,9:06,Piaya,cayana,,,no,1,0,0,0,0,DM,JS,JG,,
20240223,AZ026,AZBRD026 - 20240223,Finca Cardenas ,9:06,Polioptila,bilineata,,,no,1,0,0,0,0,DM,JS,JG,,
20240223,AZ026,AZBRD026 - 20240223,Finca Cardenas ,9:06,Leptotila,verreauxi,,,no,1,1,1,0,0,DM,JS,JG,,
20240223,AZ026,AZBRD026 - 20240223,Finca Cardenas ,9:06,Leptotila,verreauxi,,,no,1,1,1,0,0,DM,JS,JG,,
20240223,AZ026,AZBRD026 - 20240223,Finca Cardenas ,9:06,Thryophilus,rufalbus,,,no,0,1,1,1,1,DM,JS,JG,,
20240223,AZ026,AZBRD026 - 20240223,Finca Cardenas ,9:06,Thryophilus,rufalbus,,,no,0,1,1,1,1,DM,JS,JG,,
20240223,AZ026,AZBRD026 - 20240223,Finca Cardenas ,9:06,Amazilia,tzacatl,,,no,0,0,1,0,0,DM,JS,JG,,
20240223,AZ026,AZBRD026 - 20240223,Finca Cardenas ,9:06,Melanerpes,rubricapillus,,,no,0,0,0,1,0,DM,JS,JG,,
20240223,AZ026,AZBRD026 - 20240223,Finca Cardenas ,9:06,Polioptila,bilineata,,,no,0,0,0,1,0,DM,JS,JG,,
20240223,AZ026,AZBRD026 - 20240223,Finca Cardenas ,9:06,Melanerpes,rubricapillus,,,no,0,0,0,1,0,DM,JS,JG,,
20240223,AZ026,AZBRD026 - 20240223,Finca Cardenas ,9:06,Phaeochroa,cuvierii,,,no,0,0,0,1,1,DM,JS,JG,,
20240223,AZ026,AZBRD026 - 20240223,Finca Cardenas ,9:06,Brotogeris,jugularis,,,no,0,0,0,0,1,DM,JS,JG,,
20240223,AZ026,AZBRD026 - 20240223,Finca Cardenas ,9:06,Myiozetetes,similis,,,no,0,0,0,0,1,DM,JS,JG,,
20240223,AZ026,AZBRD026 - 20240223,Finca Cardenas ,9:18,Phaeochroa,cuvierii,,,yes,,,,,,DM,JS,JG,,
20240223,AZ026,AZBRD026 - 20240223,Finca Cardenas ,9:18,Phaeochroa,cuvierii,,,yes,,,,,,DM,JS,JG,,
20240223,AZ026,AZBRD026 - 20240223,Finca Cardenas ,9:18,Phaeochroa,cuvierii,,,yes,,,,,,DM,JS,JG,,
20240223,AZ026,AZBRD026 - 20240223,Finca Cardenas ,9:18,Thryophilus,rufalbus,,,yes,,,,,,DM,JS,JG,,
20240223,AZ026,AZBRD026 - 20240223,Finca Cardenas ,9:18,Thryophilus,rufalbus,,,yes,,,,,,DM,JS,JG,,
20240223,AZ026,AZBRD026 - 20240223,Finca Cardenas ,9:18,Thryophilus,rufalbus,,,yes,,,,,,DM,JS,JG,,
20240223,AZ026,AZBRD026 - 20240223,Finca Cardenas ,9:18,Thryophilus,rufalbus,,,yes,,,,,,DM,JS,JG,,
20240223,AZ026,AZBRD026 - 20240223,Finca Cardenas ,9:18,Thryophilus,rufalbus,,,yes,,,,,,DM,JS,JG,,
20240223,AZ026,AZBRD026 - 20240223,Finca Cardenas ,9:18,Thryophilus,rufalbus,,,yes,,,,,,DM,JS,JG,,
20240223,AZ026,AZBRD026 - 20240223,Finca Cardenas ,9:18,Polioptila,bilineata,,,yes,,,,,,DM,JS,JG,,
20240223,AZ026,AZBRD026 - 20240223,Finca Cardenas ,9:18,Pachysylvia,decurtata,,,yes,,,,,,DM,JS,JG,,
20240223,AZ026,AZBRD026 - 20240223,Finca Cardenas ,9:18,Pachysylvia,decurtata,,,yes,,,,,,DM,JS,JG,,
20240223,AZ026,AZBRD026 - 20240223,Finca Cardenas ,9:18,Pachysylvia,decurtata,,,yes,,,,,,DM,JS,JG,,
20240223,AZ026,AZBRD026 - 20240223,Finca Cardenas ,9:18,Amazilia,tzacatl,,,yes,,,,,,DM,JS,JG,,
20240223,AZ026,AZBRD026 - 20240223,Finca Cardenas ,9:18,Amazilia,tzacatl,,,yes,,,,,,DM,JS,JG,,
20240223,AZ026,AZBRD026 - 20240223,Finca Cardenas ,9:18,Amazilia,tzacatl,,,yes,,,,,,DM,JS,JG,,
20240223,AZ026,AZBRD026 - 20240223,Finca Cardenas ,9:18,Amazilia,tzacatl,,,yes,,,,,,DM,JS,JG,,
20240223,AZ026,AZBRD026 - 20240223,Finca Cardenas ,9:18,Amazilia,tzacatl,,,yes,,,,,,DM,JS,JG,,
20240223,AZ026,AZBRD026 - 20240223,Finca Cardenas ,9:18,Leptotila,verreauxi,,,yes,,,,,,DM,JS,JG,,
20240223,AZ026,AZBRD026 - 20240223,Finca Cardenas ,9:18,Troglodytes,aedon,,,yes,,,,,,DM,JS,JG,,
20240223,AZ026,AZBRD026 - 20240223,Finca Cardenas ,9:18,Myiarchus,panamensis,,,yes,,,,,,DM,JS,JG,,
20240223,AZ026,AZBRD026 - 20240223,Finca Cardenas ,9:18,Myiozetetes,similis,,,yes,,,,,,DM,JS,JG,,
20240223,AZ026,AZBRD026 - 20240223,Finca Cardenas ,9:18,Polioptila,bilineata,,,yes,,,,,,DM,JS,JG,,
20240223,AZ026,AZBRD026 - 20240223,Finca Cardenas ,9:18,Polioptila,bilineata,,,yes,,,,,,DM,JS,JG,,
20240223,AZ026,AZBRD026 - 20240223,Finca Cardenas ,9:18,Polioptila,bilineata,,,yes,,,,,,DM,JS,JG,,
20240223,AZ026,AZBRD026 - 20240223,Finca Cardenas ,9:18,Euphonia,luteicapilla,,,yes,,,,,,DM,JS,JG,,
20240223,AZ026,AZBRD026 - 20240223,Finca Cardenas ,9:18,Chrysuronia,coeruleogularis,,,yes,,,,,,DM,JS,JG,,
20240223,AZ026,AZBRD026 - 20240223,Finca Cardenas ,9:18,Chrysuronia,coeruleogularis,,,yes,,,,,,DM,JS,JG,,
20240223,AZ026,AZBRD026 - 20240223,Finca Cardenas ,9:18,Setophaga,petechia,,,yes,,,,,,DM,JS,JG,,
20240223,AZ026,AZBRD026 - 20240223,Finca Cardenas ,9:18,Phaethornis,striigularis,,,yes,,,,,,DM,JS,JG,,
20240223,AZ026,AZBRD026 - 20240223,Finca Cardenas ,9:18,Phaethornis,striigularis,,,yes,,,,,,DM,JS,JG,,
20240223,AZ026,AZBRD026 - 20240223,Finca Cardenas ,9:18,Atalotriccus,pilaris,,,yes,,,,,,DM,JS,JG,,
20240223,AZ026,AZBRD026 - 20240223,Finca Cardenas ,9:18,Sittasomus,griseicapillus,,,yes,,,,,,DM,JS,JG,,
20240223,AZ026,AZBRD026 - 20240223,Finca Cardenas ,9:18,Thamnophilus,doliatus,,,yes,,,,,,DM,JS,JG,,
20240224,AZ026,AZBRD026 - 20240224,Finca Cardenas ,6:21,Leptotila,verreauxi,,,no,1,1,1,0,0,DM,JS,JG,,
20240224,AZ026,AZBRD026 - 20240224,Finca Cardenas ,6:21,Brotogeris,jugularis,,,no,1,0,0,0,0,DM,JS,JG,,
20240224,AZ026,AZBRD026 - 20240224,Finca Cardenas ,6:21,Phaeochroa,cuvierii,,,no,1,0,0,0,0,DM,JS,JG,,
20240224,AZ026,AZBRD026 - 20240224,Finca Cardenas ,6:21,Chiroxiphia,lanceolata,,,no,1,1,1,0,0,DM,JS,JG,,
20240224,AZ026,AZBRD026 - 20240224,Finca Cardenas ,6:21,Troglodytes,aedon,,,no,1,0,0,1,1,DM,JS,JG,,
20240224,AZ026,AZBRD026 - 20240224,Finca Cardenas ,6:21,Amazilia,tzacatl,,,no,1,0,0,0,0,DM,JS,JG,,
20240224,AZ026,AZBRD026 - 20240224,Finca Cardenas ,6:21,Chiroxiphia,lanceolata,,,no,1,1,1,0,0,DM,JS,JG,,
20240224,AZ026,AZBRD026 - 20240224,Finca Cardenas ,6:21,Euphonia,luteicapilla,,,no,1,0,0,1,1,DM,JS,JG,,
20240224,AZ026,AZBRD026 - 20240224,Finca Cardenas ,6:21,Turdus,grayi,,,no,1,1,1,0,0,DM,JS,JG,,
20240224,AZ026,AZBRD026 - 20240224,Finca Cardenas ,6:21,Thryophilus,rufalbus,,,no,0,1,0,1,0,DM,JS,JG,,
20240224,AZ026,AZBRD026 - 20240224,Finca Cardenas ,6:21,Buteo,platypterus,,,no,0,0,1,0,0,DM,JS,JG,,
20240224,AZ026,AZBRD026 - 20240224,Finca Cardenas ,6:21,Buteo,platypterus,,,no,0,0,1,0,0,DM,JS,JG,,
20240224,AZ026,AZBRD026 - 20240224,Finca Cardenas ,6:21,Melanerpes,rubricapillus,,,no,0,0,1,0,0,DM,JS,JG,,
20240224,AZ026,AZBRD026 - 20240224,Finca Cardenas ,6:21,Atalotriccus,pilaris,,,no,0,0,0,1,0,DM,JS,JG,,
20240224,AZ026,AZBRD026 - 20240224,Finca Cardenas ,6:21,Myiarchus,crinitus,,,no,0,0,0,1,0,DM,JS,JG,,
20240224,AZ026,AZBRD026 - 20240224,Finca Cardenas ,6:21,Xiphorhynchus,susurrans,,,no,0,0,0,1,0,DM,JS,JG,,
20240224,AZ026,AZBRD026 - 20240224,Finca Cardenas ,6:21,Thamnophilus,doliatus,,,no,0,0,0,1,0,DM,JS,JG,,
20240224,AZ026,AZBRD026 - 20240224,Finca Cardenas ,6:21,Polioptila,bilineata,,,no,0,0,0,1,1,DM,JS,JG,,
20240224,AZ026,AZBRD026 - 20240224,Finca Cardenas ,6:21,Saucerottia,edward,,,no,0,0,0,1,0,DM,JS,JG,,
20240224,AZ026,AZBRD026 - 20240224,Finca Cardenas ,6:21,Eupsittula,pertinax,,,no,0,0,0,1,0,DM,JS,JG,,
20240224,AZ026,AZBRD026 - 20240224,Finca Cardenas ,6:21,Pionus,menstruus,,,no,0,0,0,1,0,DM,JS,JG,,
20240224,AZ026,AZBRD026 - 20240224,Finca Cardenas ,6:21,Thamnophilus,doliatus,,,no,0,0,0,0,1,DM,JS,JG,,
20240224,AZ026,AZBRD026 - 20240224,Finca Cardenas ,6:21,Thamnophilus,doliatus,,,no,0,0,0,0,1,DM,JS,JG,,
20240224,AZ026,AZBRD026 - 20240224,Finca Cardenas ,6:21,Hylophilus,flavipes,,,no,0,0,0,0,1,DM,JS,JG,,
20240224,AZ026,AZBRD026 - 20240224,Finca Cardenas ,6:21,Piranga,rubra,,,no,0,0,0,0,1,DM,JS,JG,,
20240224,AZ026,AZBRD026 - 20240224,Finca Cardenas ,6:21,Myiodynastes,maculatus,,,no,0,0,0,0,1,DM,JS,JG,,
20240224,AZ026,AZBRD026 - 20240224,Finca Cardenas ,6:32,Phaeochroa,cuvierii,,,yes,,,,,,DM,JS,JG,,
20240224,AZ026,AZBRD026 - 20240224,Finca Cardenas ,6:32,Phaeochroa,cuvierii,,,yes,,,,,,DM,JS,JG,,
20240224,AZ026,AZBRD026 - 20240224,Finca Cardenas ,6:32,Psarocolius,decumanus,,,yes,,,,,,DM,JS,JG,,
20240224,AZ026,AZBRD026 - 20240224,Finca Cardenas ,6:32,Thryophilus,rufalbus,,,yes,,,,,,DM,JS,JG,,
20240224,AZ026,AZBRD026 - 20240224,Finca Cardenas ,6:32,Thryophilus,rufalbus,,,yes,,,,,,DM,JS,JG,,
20240224,AZ026,AZBRD026 - 20240224,Finca Cardenas ,6:32,Amazilia,tzacatl,,,yes,,,,,,DM,JS,JG,,
20240224,AZ026,AZBRD026 - 20240224,Finca Cardenas ,6:32,Amazilia,tzacatl,,,yes,,,,,,DM,JS,JG,,
20240224,AZ026,AZBRD026 - 20240224,Finca Cardenas ,6:32,Daptrius,chimachima,,,yes,,,,,,DM,JS,JG,,
20240224,AZ026,AZBRD026 - 20240224,Finca Cardenas ,6:32,Chiroxiphia,lanceolata,,,yes,,,,,,DM,JS,JG,,
20240224,AZ026,AZBRD026 - 20240224,Finca Cardenas ,6:32,Chiroxiphia,lanceolata,,,yes,,,,,,DM,JS,JG,,
20240224,AZ026,AZBRD026 - 20240224,Finca Cardenas ,6:32,Tolmomyias,sulphurescens,,,yes,,,,,,DM,JS,JG,,
20240224,AZ026,AZBRD026 - 20240224,Finca Cardenas ,6:32,Tolmomyias,sulphurescens,,,yes,,,,,,DM,JS,JG,,
20240224,AZ026,AZBRD026 - 20240224,Finca Cardenas ,6:32,Piranga,rubra,,,yes,,,,,,DM,JS,JG,,
20240224,AZ026,AZBRD026 - 20240224,Finca Cardenas ,6:32,Piranga,rubra,,,yes,,,,,,DM,JS,JG,,
20240224,AZ026,AZBRD026 - 20240224,Finca Cardenas ,6:32,Xiphorhynchus,susurrans,,,yes,,,,,,DM,JS,JG,,
20240224,AZ026,AZBRD026 - 20240224,Finca Cardenas ,6:32,Hylophilus,flavipes,,,yes,,,,,,DM,JS,JG,,
20240224,AZ026,AZBRD026 - 20240224,Finca Cardenas ,6:32,Phaethornis,striigularis,,,yes,,,,,,DM,JS,JG,,
20240224,AZ025,AZBRD025 - 20240224,Finca Cardenas ,6:51,Leptotila,verreauxi,,,no,1,1,1,1,1,DM,JS,JG,,
20240224,AZ025,AZBRD025 - 20240224,Finca Cardenas ,6:51,Leptotila,verreauxi,,,no,1,1,1,1,1,DM,JS,JG,,
20240224,AZ025,AZBRD025 - 20240224,Finca Cardenas ,6:51,Vireo,flavoviridis,,,no,1,1,0,1,0,DM,JS,JG,,
20240224,AZ025,AZBRD025 - 20240224,Finca Cardenas ,6:51,Thamnophilus,doliatus,,,no,1,1,1,1,1,DM,JS,JG,,
20240224,AZ025,AZBRD025 - 20240224,Finca Cardenas ,6:51,Thryophilus,rufalbus,,,no,1,0,1,0,0,DM,JS,JG,,
20240224,AZ025,AZBRD025 - 20240224,Finca Cardenas ,6:51,Euphonia,luteicapilla,,,no,1,0,1,0,0,DM,JS,JG,,
20240224,AZ025,AZBRD025 - 20240224,Finca Cardenas ,6:51,Melanerpes,rubricapillus,,,no,0,1,1,0,0,DM,JS,JG,,
20240224,AZ025,AZBRD025 - 20240224,Finca Cardenas ,6:51,Myiodynastes,maculatus,,,no,0,1,0,1,1,DM,JS,JG,,
20240224,AZ025,AZBRD025 - 20240224,Finca Cardenas ,6:51,Myiodynastes,maculatus,,,no,0,1,0,1,1,DM,JS,JG,,
20240224,AZ025,AZBRD025 - 20240224,Finca Cardenas ,6:51,Thraupis,episcopus,,,no,0,1,0,1,0,DM,JS,JG,,
20240224,AZ025,AZBRD025 - 20240224,Finca Cardenas ,6:51,Troglodytes,aedon,,,no,0,1,1,1,0,DM,JS,JG,,
20240224,AZ025,AZBRD025 - 20240224,Finca Cardenas ,6:51,Troglodytes,aedon,,,no,0,1,1,1,0,DM,JS,JG,,
20240224,AZ025,AZBRD025 - 20240224,Finca Cardenas ,6:51,Atalotriccus,pilaris,,,no,0,1,0,0,0,DM,JS,JG,,
20240224,AZ025,AZBRD025 - 20240224,Finca Cardenas ,6:51,Amazilia,tzacatl,,,no,0,1,0,0,0,DM,JS,JG,,
20240224,AZ025,AZBRD025 - 20240224,Finca Cardenas ,6:51,Herpetotheres,cachinnans,,,no,0,1,1,1,1,DM,JS,JG,,
20240224,AZ025,AZBRD025 - 20240224,Finca Cardenas ,6:51,Camptostoma,obsoletum,,,no,0,1,0,1,0,DM,JS,JG,,
20240224,AZ025,AZBRD025 - 20240224,Finca Cardenas ,6:51,Herpetotheres,cachinnans,,,no,0,0,1,1,1,DM,JS,JG,,
20240224,AZ025,AZBRD025 - 20240224,Finca Cardenas ,6:51,Tapera,naevia,,,no,0,0,1,0,1,DM,JS,JG,,
20240224,AZ025,AZBRD025 - 20240224,Finca Cardenas ,6:51,Xiphorhynchus,susurrans,,,no,0,0,1,1,0,DM,JS,JG,,
20240224,AZ025,AZBRD025 - 20240224,Finca Cardenas ,6:51,Brotogeris,jugularis,,,no,0,0,1,0,0,DM,JS,JG,,
20240224,AZ025,AZBRD025 - 20240224,Finca Cardenas ,6:51,Thraupis,episcopus,,,no,0,0,1,1,0,DM,JS,JG,,
20240224,AZ025,AZBRD025 - 20240224,Finca Cardenas ,6:51,Chlorostilbon,assimilis,,,no,0,0,0,1,0,DM,JS,JG,,
20240224,AZ025,AZBRD025 - 20240224,Finca Cardenas ,6:51,Atalotriccus,pilaris,,,no,0,0,0,1,0,DM,JS,JG,,
20240224,AZ025,AZBRD025 - 20240224,Finca Cardenas ,6:51,Brotogeris,jugularis,,,no,0,0,0,0,1,DM,JS,JG,,
20240224,AZ025,AZBRD025 - 20240224,Finca Cardenas ,7:02,Amazilia,tzacatl,,,yes,,,,,,DM,JS,JG,,
20240224,AZ025,AZBRD025 - 20240224,Finca Cardenas ,7:02,Amazilia,tzacatl,,,yes,,,,,,DM,JS,JG,,
20240224,AZ025,AZBRD025 - 20240224,Finca Cardenas ,7:02,Amazilia,tzacatl,,,yes,,,,,,DM,JS,JG,,
20240224,AZ025,AZBRD025 - 20240224,Finca Cardenas ,7:02,Amazilia,tzacatl,,,yes,,,,,,DM,JS,JG,,
20240224,AZ025,AZBRD025 - 20240224,Finca Cardenas ,7:02,Amazilia,tzacatl,,,yes,,,,,,DM,JS,JG,,
20240224,AZ025,AZBRD025 - 20240224,Finca Cardenas ,7:02,Amazilia,tzacatl,,,yes,,,,,,DM,JS,JG,,
20240224,AZ025,AZBRD025 - 20240224,Finca Cardenas ,7:02,Icterus,galbula,,,yes,,,,,,DM,JS,JG,,
20240224,AZ025,AZBRD025 - 20240224,Finca Cardenas ,7:02,Setophaga,petechia,,,yes,,,,,,DM,JS,JG,,
20240224,AZ025,AZBRD025 - 20240224,Finca Cardenas ,7:02,Thraupis,episcopus,,,yes,,,,,,DM,JS,JG,,
20240224,AZ025,AZBRD025 - 20240224,Finca Cardenas ,7:02,Thraupis,episcopus,,,yes,,,,,,DM,JS,JG,,
20240224,AZ025,AZBRD025 - 20240224,Finca Cardenas ,7:02,Thryophilus,rufalbus,,,yes,,,,,,DM,JS,JG,,
20240224,AZ025,AZBRD025 - 20240224,Finca Cardenas ,7:02,Thryophilus,rufalbus,,,yes,,,,,,DM,JS,JG,,
20240224,AZ025,AZBRD025 - 20240224,Finca Cardenas ,7:02,Leiothlypis,peregrina,,,yes,,,,,,DM,JS,JG,,
20240224,AZ025,AZBRD025 - 20240224,Finca Cardenas ,7:02,Leiothlypis,peregrina,,,yes,,,,,,DM,JS,JG,,
20240224,AZ025,AZBRD025 - 20240224,Finca Cardenas ,7:02,Leiothlypis,peregrina,,,yes,,,,,,DM,JS,JG,,
20240224,AZ025,AZBRD025 - 20240224,Finca Cardenas ,7:02,Saucerottia,edward,,,yes,,,,,,DM,JS,JG,,
20240224,AZ025,AZBRD025 - 20240224,Finca Cardenas ,7:02,Saucerottia,edward,,,yes,,,,,,DM,JS,JG,,
20240224,AZ025,AZBRD025 - 20240224,Finca Cardenas ,7:02,Chlorostilbon,assimilis,,,yes,,,,,,DM,JS,JG,,
20240224,AZ025,AZBRD025 - 20240224,Finca Cardenas ,7:02,Chlorostilbon,assimilis,,,yes,,,,,,DM,JS,JG,,
20240224,AZ025,AZBRD025 - 20240224,Finca Cardenas ,7:02,Troglodytes,aedon,,,yes,,,,,,DM,JS,JG,,
20240224,AZ025,AZBRD025 - 20240224,Finca Cardenas ,7:02,Atalotriccus,pilaris,,,yes,,,,,,DM,JS,JG,,
20240224,AZ025,AZBRD025 - 20240224,Finca Cardenas ,7:02,Myiozetetes,similis,,,yes,,,,,,DM,JS,JG,,
20240224,AZ025,AZBRD025 - 20240224,Finca Cardenas ,7:02,Myiozetetes,similis,,,yes,,,,,,DM,JS,JG,,
20240224,AZ025,AZBRD025 - 20240224,Finca Cardenas ,7:02,Euphonia,luteicapilla,,,yes,,,,,,DM,JS,JG,,
20240224,AZ030,AZBRD030 - 20240224,Finca Cardenas ,7:26,Leptotila,verreauxi,,,no,1,1,1,1,1,DM,JS,JG,,
20240224,AZ030,AZBRD030 - 20240224,Finca Cardenas ,7:26,Leptotila,verreauxi,,,no,1,1,1,1,1,DM,JS,JG,,
20240224,AZ030,AZBRD030 - 20240224,Finca Cardenas ,7:26,Vireo,flavoviridis,,,no,1,0,0,0,0,DM,JS,JG,,
20240224,AZ030,AZBRD030 - 20240224,Finca Cardenas ,7:26,Elaenia,flavogaster,,,no,1,0,0,0,0,DM,JS,JG,,
20240224,AZ030,AZBRD030 - 20240224,Finca Cardenas ,7:26,Thamnophilus,doliatus,,,no,1,0,0,0,1,DM,JS,JG,,
20240224,AZ030,AZBRD030 - 20240224,Finca Cardenas ,7:26,Euphonia,luteicapilla,,,no,1,1,0,1,1,DM,JS,JG,,
20240224,AZ030,AZBRD030 - 20240224,Finca Cardenas ,7:26,Camptostoma,obsoletum,,,no,1,0,0,0,0,DM,JS,JG,,
20240224,AZ030,AZBRD030 - 20240224,Finca Cardenas ,7:26,Hylophilus,flavipes,,,no,1,0,0,0,1,DM,JS,JG,,
20240224,AZ030,AZBRD030 - 20240224,Finca Cardenas ,7:26,Brotogeris,jugularis,,,no,1,0,0,0,0,DM,JS,JG,,
20240224,AZ030,AZBRD030 - 20240224,Finca Cardenas ,7:26,Thamnophilus,doliatus,,,no,1,0,1,0,0,DM,JS,JG,,
20240224,AZ030,AZBRD030 - 20240224,Finca Cardenas ,7:26,Melanerpes,rubricapillus,,,no,1,0,1,1,0,DM,JS,JG,,
20240224,AZ030,AZBRD030 - 20240224,Finca Cardenas ,7:26,Glaucidium,brasilianum,,,no,0,1,0,1,1,DM,JS,JG,,
20240224,AZ030,AZBRD030 - 20240224,Finca Cardenas ,7:26,Melanerpes,rubricapillus,,,no,0,1,0,0,1,DM,JS,JG,,
20240224,AZ030,AZBRD030 - 20240224,Finca Cardenas ,7:26,Melanerpes,rubricapillus,,,no,0,1,0,0,1,DM,JS,JG,,
20240224,AZ030,AZBRD030 - 20240224,Finca Cardenas ,7:26,Thryophilus,rufalbus,,,no,0,0,1,1,1,DM,JS,JG,,
20240224,AZ030,AZBRD030 - 20240224,Finca Cardenas ,7:26,Atalotriccus,pilaris,,,no,0,0,1,0,0,DM,JS,JG,,
20240224,AZ030,AZBRD030 - 20240224,Finca Cardenas ,7:26,Brotogeris,jugularis,,,no,0,0,1,0,0,DM,JS,JG,,
20240224,AZ030,AZBRD030 - 20240224,Finca Cardenas ,7:26,Chiroxiphia,lanceolata,,,no,0,0,1,0,0,DM,JS,JG,,
20240224,AZ030,AZBRD030 - 20240224,Finca Cardenas ,7:26,Tyrannus,melancholicus,,,no,0,0,0,1,1,DM,JS,JG,,
20240224,AZ030,AZBRD030 - 20240224,Finca Cardenas ,7:26,Myiodynastes,maculatus,,,no,0,0,0,1,0,DM,JS,JG,,
20240224,AZ030,AZBRD030 - 20240224,Finca Cardenas ,7:26,Leptotila,verreauxi,,,no,0,0,0,1,1,DM,JS,JG,,
20240224,AZ030,AZBRD030 - 20240224,Finca Cardenas ,7:26,Euphonia,luteicapilla,,,no,0,0,0,0,1,DM,JS,JG,,
20240224,AZ030,AZBRD030 - 20240224,Finca Cardenas ,7:26,Melanerpes,rubricapillus,,,no,0,0,0,0,1,DM,JS,JG,,
20240224,AZ030,AZBRD030 - 20240224,Finca Cardenas ,7:26,Thraupis,episcopus,,,no,0,0,0,0,1,DM,JS,JG,,
20240224,AZ030,AZBRD030 - 20240224,Finca Cardenas ,7:38,Euphonia,luteicapilla,,,yes,,,,,,DM,JS,JG,,
20240224,AZ030,AZBRD030 - 20240224,Finca Cardenas ,7:38,Euphonia,luteicapilla,,,yes,,,,,,DM,JS,JG,,
20240224,AZ030,AZBRD030 - 20240224,Finca Cardenas ,7:38,Euphonia,luteicapilla,,,yes,,,,,,DM,JS,JG,,
20240224,AZ030,AZBRD030 - 20240224,Finca Cardenas ,7:38,Euphonia,luteicapilla,,,yes,,,,,,DM,JS,JG,,
20240224,AZ030,AZBRD030 - 20240224,Finca Cardenas ,7:38,Euphonia,luteicapilla,,,yes,,,,,,DM,JS,JG,,
20240224,AZ030,AZBRD030 - 20240224,Finca Cardenas ,7:38,Elaenia,flavogaster,,,yes,,,,,,DM,JS,JG,,
20240224,AZ030,AZBRD030 - 20240224,Finca Cardenas ,7:38,Elaenia,flavogaster,,,yes,,,,,,DM,JS,JG,,
20240224,AZ030,AZBRD030 - 20240224,Finca Cardenas ,7:38,Setophaga,petechia,,,yes,,,,,,DM,JS,JG,,
20240224,AZ030,AZBRD030 - 20240224,Finca Cardenas ,7:38,Myiozetetes,similis,,,yes,,,,,,DM,JS,JG,,
20240224,AZ030,AZBRD030 - 20240224,Finca Cardenas ,7:38,Myiozetetes,similis,,,yes,,,,,,DM,JS,JG,,
20240224,AZ030,AZBRD030 - 20240224,Finca Cardenas ,7:38,Anthracothorax,veraguensis,,,yes,,,,,,DM,JS,JG,,
20240224,AZ030,AZBRD030 - 20240224,Finca Cardenas ,7:38,Anthracothorax,veraguensis,,,yes,,,,,,DM,JS,JG,,
20240224,AZ030,AZBRD030 - 20240224,Finca Cardenas ,7:38,Anthracothorax,veraguensis,,,yes,,,,,,DM,JS,JG,,
20240224,AZ030,AZBRD030 - 20240224,Finca Cardenas ,7:38,Vireo,flavoviridis,,,yes,,,,,,DM,JS,JG,,
20240224,AZ030,AZBRD030 - 20240224,Finca Cardenas ,7:38,Vireo,flavoviridis,,,yes,,,,,,DM,JS,JG,,
20240224,AZ030,AZBRD030 - 20240224,Finca Cardenas ,7:38,Vireo,flavoviridis,,,yes,,,,,,DM,JS,JG,,
20240224,AZ030,AZBRD030 - 20240224,Finca Cardenas ,7:38,Thraupis,episcopus,,,yes,,,,,,DM,JS,JG,,
20240224,AZ030,AZBRD030 - 20240224,Finca Cardenas ,7:38,Volatinia,jacarina,,,yes,,,,,,DM,JS,JG,,
20240224,AZ030,AZBRD030 - 20240224,Finca Cardenas ,7:38,Brotogeris,jugularis,,,yes,,,,,,DM,JS,JG,,
20240224,AZ030,AZBRD030 - 20240224,Finca Cardenas ,7:38,Brotogeris,jugularis,,,yes,,,,,,DM,JS,JG,,
20240224,AZ030,AZBRD030 - 20240224,Finca Cardenas ,7:38,Leiothlypis,peregrina,,,yes,,,,,,DM,JS,JG,,
20240224,AZ030,AZBRD030 - 20240224,Finca Cardenas ,7:38,Tyrannus,melancholicus,,,yes,,,,,,DM,JS,JG,,
20240224,AZ030,AZBRD030 - 20240224,Finca Cardenas ,7:38,Thryophilus,rufalbus,,,yes,,,,,,DM,JS,JG,,
20240224,AZ030,AZBRD030 - 20240224,Finca Cardenas ,7:38,Saucerottia,edward,,,yes,,,,,,DM,JS,JG,,
20240224,AZ031,AZBRD031 - 20240224,Finca Cardenas ,8:01,Euphonia,luteicapilla,,,no,1,0,0,0,0,DM,JS,JG,,
20240224,AZ031,AZBRD031 - 20240224,Finca Cardenas ,8:01,Chiroxiphia,lanceolata,,,no,1,1,1,1,1,DM,JS,JG,,
20240224,AZ031,AZBRD031 - 20240224,Finca Cardenas ,8:01,Chiroxiphia,lanceolata,,,no,1,1,1,1,1,DM,JS,JG,,
20240224,AZ031,AZBRD031 - 20240224,Finca Cardenas ,8:01,Leptotila,verreauxi,,,no,1,1,1,1,0,DM,JS,JG,,
20240224,AZ031,AZBRD031 - 20240224,Finca Cardenas ,8:01,Leptotila,verreauxi,,,no,1,1,1,1,0,DM,JS,JG,,
20240224,AZ031,AZBRD031 - 20240224,Finca Cardenas ,8:01,Euphonia,luteicapilla,,,no,1,0,0,0,0,DM,JS,JG,,
20240224,AZ031,AZBRD031 - 20240224,Finca Cardenas ,8:01,Piranga,rubra,,,no,1,0,0,0,0,DM,JS,JG,,
20240224,AZ031,AZBRD031 - 20240224,Finca Cardenas ,8:01,Melanerpes,rubricapillus,,,no,1,0,0,1,1,DM,JS,JG,,
20240224,AZ031,AZBRD031 - 20240224,Finca Cardenas ,8:01,Vireo,flavoviridis,,,no,1,1,1,0,0,DM,JS,JG,,
20240224,AZ031,AZBRD031 - 20240224,Finca Cardenas ,8:01,Melanerpes,rubricapillus,,,no,1,0,0,0,1,DM,JS,JG,,
20240224,AZ031,AZBRD031 - 20240224,Finca Cardenas ,8:01,Polioptila,bilineata,,,no,1,0,0,0,0,DM,JS,JG,,
20240224,AZ031,AZBRD031 - 20240224,Finca Cardenas ,8:01,Glaucidium,brasilianum,,,no,1,0,1,1,0,DM,JS,JG,,
20240224,AZ031,AZBRD031 - 20240224,Finca Cardenas ,8:01,Atalotriccus,pilaris,,,no,0,1,0,0,0,DM,JS,JG,,
20240224,AZ031,AZBRD031 - 20240224,Finca Cardenas ,8:01,Atalotriccus,pilaris,,,no,0,1,1,0,0,DM,JS,JG,,
20240224,AZ031,AZBRD031 - 20240224,Finca Cardenas ,8:01,Myiodynastes,maculatus,,,no,0,1,1,0,0,DM,JS,JG,,
20240224,AZ031,AZBRD031 - 20240224,Finca Cardenas ,8:01,Daptrius,chimachima,,,no,0,1,0,0,0,DM,JS,JG,,
20240224,AZ031,AZBRD031 - 20240224,Finca Cardenas ,8:01,Leiothlypis,peregrina,,,no,0,1,0,0,0,DM,JS,JG,,
20240224,AZ031,AZBRD031 - 20240224,Finca Cardenas ,8:01,Melanerpes,rubricapillus,,,no,0,0,0,1,0,DM,JS,JG,,
20240224,AZ031,AZBRD031 - 20240224,Finca Cardenas ,8:01,Leptotila,verreauxi,,,no,0,0,0,1,0,DM,JS,JG,,
20240224,AZ031,AZBRD031 - 20240224,Finca Cardenas ,8:01,Tapera,naevia,,,no,0,0,0,1,1,DM,JS,JG,,
20240224,AZ031,AZBRD031 - 20240224,Finca Cardenas ,8:01,Parkesia,noveboracensis,,,no,0,0,0,1,0,DM,JS,JG,,
20240224,AZ031,AZBRD031 - 20240224,Finca Cardenas ,8:01,Brotogeris,jugularis,,,no,0,0,0,1,0,DM,JS,JG,,
20240224,AZ031,AZBRD031 - 20240224,Finca Cardenas ,8:01,Thryophilus,rufalbus,,,no,0,0,0,0,1,DM,JS,JG,,
20240224,AZ031,AZBRD031 - 20240224,Finca Cardenas ,8:01,Dryocopus,lineatus,,,no,0,0,0,0,1,DM,JS,JG,,
20240224,AZ031,AZBRD031 - 20240224,Finca Cardenas ,8:01,Piranga,rubra,,,no,0,0,0,0,1,DM,JS,JG,,
20240224,AZ031,AZBRD031 - 20240224,Finca Cardenas ,8:01,Tityra,semifasciata,,,no,0,0,0,0,1,DM,JS,JG,,
20240224,AZ031,AZBRD031 - 20240224,Finca Cardenas ,8:15,Phaeochroa,cuvierii,,,yes,,,,,,DM,JS,JG,,
20240224,AZ031,AZBRD031 - 20240224,Finca Cardenas ,8:15,Polioptila,bilineata,,,yes,,,,,,DM,JS,JG,,
20240224,AZ031,AZBRD031 - 20240224,Finca Cardenas ,8:15,Polioptila,bilineata,,,yes,,,,,,DM,JS,JG,,
20240224,AZ031,AZBRD031 - 20240224,Finca Cardenas ,8:15,Amazilia,tzacatl,,,yes,,,,,,DM,JS,JG,,
20240224,AZ031,AZBRD031 - 20240224,Finca Cardenas ,8:15,Amazilia,tzacatl,,,yes,,,,,,DM,JS,JG,,
20240224,AZ031,AZBRD031 - 20240224,Finca Cardenas ,8:15,Atalotriccus,pilaris,,,yes,,,,,,DM,JS,JG,,
20240224,AZ031,AZBRD031 - 20240224,Finca Cardenas ,8:15,Atalotriccus,pilaris,,,yes,,,,,,DM,JS,JG,,
20240224,AZ031,AZBRD031 - 20240224,Finca Cardenas ,8:15,Cathartes,aura,,,yes,,,,,,DM,JS,JG,,
20240224,AZ031,AZBRD031 - 20240224,Finca Cardenas ,8:15,Euphonia,luteicapilla,,,yes,,,,,,DM,JS,JG,,
20240224,AZ031,AZBRD031 - 20240224,Finca Cardenas ,8:15,Euphonia,luteicapilla,,,yes,,,,,,DM,JS,JG,,
20240224,AZ031,AZBRD031 - 20240224,Finca Cardenas ,8:15,Euphonia,luteicapilla,,,yes,,,,,,DM,JS,JG,,
20240224,AZ031,AZBRD031 - 20240224,Finca Cardenas ,8:15,Euphonia,luteicapilla,,,yes,,,,,,DM,JS,JG,,
20240224,AZ031,AZBRD031 - 20240224,Finca Cardenas ,8:15,Euphonia,luteicapilla,,,yes,,,,,,DM,JS,JG,,
20240224,AZ031,AZBRD031 - 20240224,Finca Cardenas ,8:15,Leiothlypis,peregrina,,,yes,,,,,,DM,JS,JG,,
20240224,AZ031,AZBRD031 - 20240224,Finca Cardenas ,8:15,Leiothlypis,peregrina,,,yes,,,,,,DM,JS,JG,,
20240224,AZ031,AZBRD031 - 20240224,Finca Cardenas ,8:15,Leiothlypis,peregrina,,,yes,,,,,,DM,JS,JG,,
20240224,AZ031,AZBRD031 - 20240224,Finca Cardenas ,8:15,Leiothlypis,peregrina,,,yes,,,,,,DM,JS,JG,,
20240224,AZ031,AZBRD031 - 20240224,Finca Cardenas ,8:15,Saucerottia,edward,,,yes,,,,,,DM,JS,JG,,
20240224,AZ031,AZBRD031 - 20240224,Finca Cardenas ,8:15,Fregata,magnificens,,,yes,,,,,,DM,JS,JG,,
20240224,AZ031,AZBRD031 - 20240224,Finca Cardenas ,8:15,Chlorostilbon,assimilis,,,yes,,,,,,DM,JS,JG,,
20240224,AZ031,AZBRD031 - 20240224,Finca Cardenas ,8:15,Chlorostilbon,assimilis,,,yes,,,,,,DM,JS,JG,,
20240224,AZ031,AZBRD031 - 20240224,Finca Cardenas ,8:15,Glaucidium,brasilianum,,,yes,,,,,,DM,JS,JG,,
20240224,AZ031,AZBRD031 - 20240224,Finca Cardenas ,8:15,Melanerpes,rubricapillus,,,yes,,,,,,DM,JS,JG,,
20240224,AZ031,AZBRD031 - 20240224,Finca Cardenas ,8:15,Sittasomus,griseicapillus,,,yes,,,,,,DM,JS,JG,,
20240224,AZ031,AZBRD031 - 20240224,Finca Cardenas ,8:15,Myiarchus,panamensis,,,yes,,,,,,DM,JS,JG,,
20240224,AZ032,AZBRD032 - 20240224,Finca Cardenas ,8:51,Eupsittula,pertinax,,,no,1,1,0,0,0,DM,JS,JG,,
20240224,AZ032,AZBRD032 - 20240224,Finca Cardenas ,8:51,Leptotila,verreauxi,,,no,1,1,0,0,0,DM,JS,JG,,
20240224,AZ032,AZBRD032 - 20240224,Finca Cardenas ,8:51,Leptotila,verreauxi,,,no,1,1,0,0,0,DM,JS,JG,,
20240224,AZ032,AZBRD032 - 20240224,Finca Cardenas ,8:51,Phaeochroa,cuvierii,,,no,1,0,0,1,1,DM,JS,JG,,
20240224,AZ032,AZBRD032 - 20240224,Finca Cardenas ,8:51,Euphonia,luteicapilla,,,no,1,1,1,1,1,DM,JS,JG,,
20240224,AZ032,AZBRD032 - 20240224,Finca Cardenas ,8:51,Euphonia,luteicapilla,,,no,1,1,1,1,1,DM,JS,JG,,
20240224,AZ032,AZBRD032 - 20240224,Finca Cardenas ,8:51,Camptostoma,obsoletum,,,no,0,1,1,0,0,DM,JS,JG,,
20240224,AZ032,AZBRD032 - 20240224,Finca Cardenas ,8:51,Vireo,flavoviridis,,,no,0,1,0,0,0,DM,JS,JG,,
20240224,AZ032,AZBRD032 - 20240224,Finca Cardenas ,8:51,Leiothlypis,peregrina,,,no,0,0,1,1,1,DM,JS,JG,,
20240224,AZ032,AZBRD032 - 20240224,Finca Cardenas ,8:51,Leiothlypis,peregrina,,,no,0,0,1,1,1,DM,JS,JG,,
20240224,AZ032,AZBRD032 - 20240224,Finca Cardenas ,8:51,Leiothlypis,peregrina,,,no,0,0,1,1,1,DM,JS,JG,,
20240224,AZ032,AZBRD032 - 20240224,Finca Cardenas ,8:51,Myiodynastes,maculatus,,,no,0,0,0,1,1,DM,JS,JG,,
20240224,AZ032,AZBRD032 - 20240224,Finca Cardenas ,8:51,Setophaga,petechia,,,no,0,0,0,1,1,DM,JS,JG,,
20240224,AZ032,AZBRD032 - 20240224,Finca Cardenas ,8:51,Amazilia,tzacatl,,,no,0,0,0,1,0,DM,JS,JG,,
20240224,AZ032,AZBRD032 - 20240224,Finca Cardenas ,8:51,Brotogeris,jugularis,,,no,0,0,0,0,1,DM,JS,JG,,
20240224,AZ032,AZBRD032 - 20240224,Finca Cardenas ,8:51,Atalotriccus,pilaris,,,no,0,0,0,0,1,DM,JS,JG,,
20240224,AZ032,AZBRD032 - 20240224,Finca Cardenas ,8:51,Thamnophilus,doliatus,,,no,0,0,0,0,1,DM,JS,JG,,
20240224,AZ032,AZBRD032 - 20240224,Finca Cardenas ,8:51,Cathartes,aura,,,no,0,0,0,0,1,DM,JS,JG,,
20240224,AZ032,AZBRD032 - 20240224,Finca Cardenas ,8:51,Tyrannulus,elatus,,,no,0,0,0,0,1,DM,JS,JG,,
20240224,AZ032,AZBRD032 - 20240224,Finca Cardenas ,9:03,Phaeochroa,cuvierii,,,yes,,,,,,DM,JS,JG,,
20240224,AZ032,AZBRD032 - 20240224,Finca Cardenas ,9:03,Phaeochroa,cuvierii,,,yes,,,,,,DM,JS,JG,,
20240224,AZ032,AZBRD032 - 20240224,Finca Cardenas ,9:03,Phaeochroa,cuvierii,,,yes,,,,,,DM,JS,JG,,
20240224,AZ032,AZBRD032 - 20240224,Finca Cardenas ,9:03,Myiodynastes,maculatus,,,yes,,,,,,DM,JS,JG,,
20240224,AZ032,AZBRD032 - 20240224,Finca Cardenas ,9:03,Xiphorhynchus,susurrans,,,yes,,,,,,DM,JS,JG,,
20240224,AZ032,AZBRD032 - 20240224,Finca Cardenas ,9:03,Atalotriccus,pilaris,,,yes,,,,,,DM,JS,JG,,
20240224,AZ032,AZBRD032 - 20240224,Finca Cardenas ,9:03,Atalotriccus,pilaris,,,yes,,,,,,DM,JS,JG,,
20240224,AZ032,AZBRD032 - 20240224,Finca Cardenas ,9:03,Brotogeris,jugularis,,,yes,,,,,,DM,JS,JG,,
20240224,AZ032,AZBRD032 - 20240224,Finca Cardenas ,9:03,Myiozetetes,similis,,,yes,,,,,,DM,JS,JG,,
20240224,AZ032,AZBRD032 - 20240224,Finca Cardenas ,9:03,Myiarchus,panamensis,,,yes,,,,,,DM,JS,JG,,
20240224,AZ032,AZBRD032 - 20240224,Finca Cardenas ,9:03,Tolmomyias,sulphurescens,,,yes,,,,,,DM,JS,JG,,
20240224,AZ032,AZBRD032 - 20240224,Finca Cardenas ,9:03,Saucerottia,edward,,,yes,,,,,,DM,JS,JG,,
20240224,AZ032,AZBRD032 - 20240224,Finca Cardenas ,9:03,Saucerottia,edward,,,yes,,,,,,DM,JS,JG,,
20240224,AZ032,AZBRD032 - 20240224,Finca Cardenas ,9:03,Saucerottia,edward,,,yes,,,,,,DM,JS,JG,,
20240224,AZ032,AZBRD032 - 20240224,Finca Cardenas ,9:03,Leiothlypis,peregrina,,,yes,,,,,,DM,JS,JG,,
20240224,AZ032,AZBRD032 - 20240224,Finca Cardenas ,9:03,Leiothlypis,peregrina,,,yes,,,,,,DM,JS,JG,,
20240224,AZ032,AZBRD032 - 20240224,Finca Cardenas ,9:03,Leiothlypis,peregrina,,,yes,,,,,,DM,JS,JG,,
20240224,AZ032,AZBRD032 - 20240224,Finca Cardenas ,9:03,Leiothlypis,peregrina,,,yes,,,,,,DM,JS,JG,,
20240224,AZ032,AZBRD032 - 20240224,Finca Cardenas ,9:03,Leiothlypis,peregrina,,,yes,,,,,,DM,JS,JG,,
20240224,AZ032,AZBRD032 - 20240224,Finca Cardenas ,9:03,Leiothlypis,peregrina,,,yes,,,,,,DM,JS,JG,,
20240224,AZ032,AZBRD032 - 20240224,Finca Cardenas ,9:03,Thamnophilus,doliatus,,,yes,,,,,,DM,JS,JG,,
20240224,AZ032,AZBRD032 - 20240224,Finca Cardenas ,9:03,Troglodytes,aedon,,,yes,,,,,,DM,JS,JG,,
20240224,AZ032,AZBRD032 - 20240224,Finca Cardenas ,9:03,Troglodytes,aedon,,,yes,,,,,,DM,JS,JG,,
20240224,AZ032,AZBRD032 - 20240224,Finca Cardenas ,9:03,Thryophilus,rufalbus,,,yes,,,,,,DM,JS,JG,,
20240224,AZ032,AZBRD032 - 20240224,Finca Cardenas ,9:03,Amazilia,tzacatl,,,yes,,,,,,DM,JS,JG,,
20240224,AZ032,AZBRD032 - 20240224,Finca Cardenas ,9:03,Chlorostilbon,assimilis,,,yes,,,,,,DM,JS,JG,,
20240224,AZ032,AZBRD032 - 20240224,Finca Cardenas ,9:03,Chlorostilbon,assimilis,,,yes,,,,,,DM,JS,JG,,
20240224,AZ032,AZBRD032 - 20240224,Finca Cardenas ,9:03,Chlorostilbon,assimilis,,,yes,,,,,,DM,JS,JG,,
20240224,AZ032,AZBRD032 - 20240224,Finca Cardenas ,9:03,Pachysylvia,decurtata,,,yes,,,,,,DM,JS,JG,,
20240224,AZ032,AZBRD032 - 20240224,Finca Cardenas ,9:03,Camptostoma,obsoletum,,,yes,,,,,,DM,JS,JG,,
20240224,AZ032,AZBRD032 - 20240224,Finca Cardenas ,9:03,Polioptila,bilineata,,,yes,,,,,,DM,JS,JG,,
20240224,AZ032,AZBRD032 - 20240224,Finca Cardenas ,9:03,Piranga,rubra,,,yes,,,,,,DM,JS,JG,,
20240224,AZ032,AZBRD032 - 20240224,Finca Cardenas ,9:03,Piranga,rubra,,,yes,,,,,,DM,JS,JG,,
20240224,AZ027,AZBRD027 - 20240224,Finca Cardenas ,9:25,Brotogeris,jugularis,,,no,0,1,0,0,0,DM,JS,JG,,
20240224,AZ027,AZBRD027 - 20240224,Finca Cardenas ,9:25,Cathartes,aura,,,no,0,0,1,0,0,DM,JS,JG,,
20240224,AZ027,AZBRD027 - 20240224,Finca Cardenas ,9:25,Progne,chalybea,,,no,0,0,0,0,1,DM,JS,JG,,
20240224,AZ027,AZBRD027 - 20240224,Finca Cardenas ,9:25,Coragyps,atratus,,,no,0,0,0,0,1,DM,JS,JG,,
20240224,AZ027,AZBRD027 - 20240224,Finca Cardenas ,9:25,Chrysuronia,coeruleogularis,,,no,0,0,0,0,1,DM,JS,JG,,
20240224,AZ027,AZBRD027 - 20240224,Finca Cardenas ,9:37,Cathartes,aura,,,yes,,,,,,DM,JS,JG,,
20240224,AZ027,AZBRD027 - 20240224,Finca Cardenas ,9:37,Cathartes,aura,,,yes,,,,,,DM,JS,JG,,
20240224,AZ027,AZBRD027 - 20240224,Finca Cardenas ,9:37,Cathartes,aura,,,yes,,,,,,DM,JS,JG,,
20240224,AZ027,AZBRD027 - 20240224,Finca Cardenas ,9:37,Chrysuronia,coeruleogularis,,,yes,,,,,,DM,JS,JG,,
20240224,AZ027,AZBRD027 - 20240224,Finca Cardenas ,9:37,Atalotriccus,pilaris,,,yes,,,,,,DM,JS,JG,,
20240224,AZ027,AZBRD027 - 20240224,Finca Cardenas ,9:37,Atalotriccus,pilaris,,,yes,,,,,,DM,JS,JG,,
20240224,AZ027,AZBRD027 - 20240224,Finca Cardenas ,9:37,Chlorostilbon,assimilis,,,yes,,,,,,DM,JS,JG,,
20240224,AZ027,AZBRD027 - 20240224,Finca Cardenas ,9:37,Pitangus,sulphuratus,,,yes,,,,,,DM,JS,JG,,
20240227,AZ005,AZBRD005 - 20240227,Achotines ,7:00,Patagioenas,cayennensis,,,no,1,0,0,0,0,DM,JS,JG,,
20240227,AZ005,AZBRD005 - 20240227,Achotines ,7:00,Patagioenas,cayennensis,,,no,1,0,1,1,1,DM,JS,JG,,
20240227,AZ005,AZBRD005 - 20240227,Achotines ,7:00,Amazona,ochrocephala,,,no,1,1,0,0,0,DM,JS,JG,,
20240227,AZ005,AZBRD005 - 20240227,Achotines ,7:00,Vireo,flavoviridis,,,no,1,0,1,1,0,DM,JS,JG,,
20240227,AZ005,AZBRD005 - 20240227,Achotines ,7:00,Leptotila,verreauxi,,,no,1,1,1,1,1,DM,JS,JG,,
20240227,AZ005,AZBRD005 - 20240227,Achotines ,7:00,Atalotriccus,pilaris,,,no,1,0,1,1,0,DM,JS,JG,,
20240227,AZ005,AZBRD005 - 20240227,Achotines ,7:00,Cathartes,aura,,,no,1,1,1,1,1,DM,JS,JG,,
20240227,AZ005,AZBRD005 - 20240227,Achotines ,7:00,Pitangus,sulphuratus,,,no,0,1,1,1,0,DM,JS,JG,,
20240227,AZ005,AZBRD005 - 20240227,Achotines ,7:00,Pitangus,sulphuratus,,,no,0,1,1,1,0,DM,JS,JG,,
20240227,AZ005,AZBRD005 - 20240227,Achotines ,7:00,Atalotriccus,pilaris,,,no,0,1,0,0,1,DM,JS,JG,,
20240227,AZ005,AZBRD005 - 20240227,Achotines ,7:00,Psarocolius,decumanus,,,no,0,1,0,0,0,DM,JS,JG,,
20240227,AZ005,AZBRD005 - 20240227,Achotines ,7:00,Ortalis,cinereiceps,,,no,0,1,0,0,0,DM,JS,JG,,
20240227,AZ005,AZBRD005 - 20240227,Achotines ,7:00,Polioptila,bilineata,,,no,0,0,1,0,0,DM,JS,JG,,
20240227,AZ005,AZBRD005 - 20240227,Achotines ,7:00,Polioptila,bilineata,,,no,0,0,1,1,1,DM,JS,JG,,
20240227,AZ005,AZBRD005 - 20240227,Achotines ,7:00,Piaya,cayana,,,no,0,0,0,1,0,DM,JS,JG,,
20240227,AZ005,AZBRD005 - 20240227,Achotines ,7:00,Pachysylvia,decurtata,,,no,0,0,0,1,0,DM,JS,JG,,
20240227,AZ005,AZBRD005 - 20240227,Achotines ,7:11,Thryophilus,rufalbus,,,yes,,,,,,DM,JS,JG,,
20240227,AZ005,AZBRD005 - 20240227,Achotines ,7:11,Thryophilus,rufalbus,,,yes,,,,,,DM,JS,JG,,
20240227,AZ005,AZBRD005 - 20240227,Achotines ,7:11,Atalotriccus,pilaris,,,yes,,,,,,DM,JS,JG,,
20240227,AZ005,AZBRD005 - 20240227,Achotines ,7:11,Atalotriccus,pilaris,,,yes,,,,,,DM,JS,JG,,
20240227,AZ005,AZBRD005 - 20240227,Achotines ,7:11,Polioptila,bilineata,,,yes,,,,,,DM,JS,JG,,
20240227,AZ005,AZBRD005 - 20240227,Achotines ,7:11,Pachysylvia,decurtata,,,yes,,,,,,DM,JS,JG,,
20240227,AZ005,AZBRD005 - 20240227,Achotines ,7:11,Pachysylvia,decurtata,,,yes,,,,,,DM,JS,JG,,
20240227,AZ005,AZBRD005 - 20240227,Achotines ,7:11,Vireo,flavifrons,,,yes,,,,,,DM,JS,JG,,
20240227,AZ005,AZBRD005 - 20240227,Achotines ,7:11,Polioptila,bilineata,,,yes,,,,,,DM,JS,JG,,
20240227,AZ005,AZBRD005 - 20240227,Achotines ,7:11,Polioptila,bilineata,,,yes,,,,,,DM,JS,JG,,
20240227,AZ005,AZBRD005 - 20240227,Achotines ,7:11,Chlorostilbon,assimilis,,,yes,,,,,,DM,JS,JG,,
20240227,AZ005,AZBRD005 - 20240227,Achotines ,7:11,Pachysylvia,decurtata,,,yes,,,,,,DM,JS,JG,,
20240227,AZ005,AZBRD005 - 20240227,Achotines ,7:11,Saucerottia,edward,,,yes,,,,,,DM,JS,JG,,
20240227,AZ005,AZBRD005 - 20240227,Achotines ,7:11,Vireo,flavifrons,,,yes,,,,,,DM,JS,JG,,
20240227,AZ005,AZBRD005 - 20240227,Achotines ,7:11,Saucerottia,edward,,,yes,,,,,,DM,JS,JG,,
20240227,AZ005,AZBRD005 - 20240227,Achotines ,7:11,Thamnophilus,doliatus,,,yes,,,,,,DM,JS,JG,,
20240227,AZ005,AZBRD005 - 20240227,Achotines ,7:11,Thamnophilus,doliatus,,,yes,,,,,,DM,JS,JG,,
20240227,AZ004,AZBRD004 - 20240227,Achotines ,7:31,Myiodynastes,maculatus,,,no,1,1,0,0,0,DM,JS,JG,,
20240227,AZ004,AZBRD004 - 20240227,Achotines ,7:31,Atalotriccus,pilaris,,,no,1,0,0,0,0,DM,JS,JG,,
20240227,AZ004,AZBRD004 - 20240227,Achotines ,7:31,Patagioenas,cayennensis,,,no,1,0,0,0,0,DM,JS,JG,,
20240227,AZ004,AZBRD004 - 20240227,Achotines ,7:31,Pitangus,sulphuratus,,,no,1,1,1,1,1,DM,JS,JG,,
20240227,AZ004,AZBRD004 - 20240227,Achotines ,7:31,Pachysylvia,decurtata,,,no,1,0,0,0,0,DM,JS,JG,,
20240227,AZ004,AZBRD004 - 20240227,Achotines ,7:31,Thamnophilus,doliatus,,,no,1,1,1,1,0,DM,JS,JG,,
20240227,AZ004,AZBRD004 - 20240227,Achotines ,7:31,Thamnophilus,doliatus,,,no,1,1,1,1,0,DM,JS,JG,,
20240227,AZ004,AZBRD004 - 20240227,Achotines ,7:31,Vireo,flavoviridis,,,no,1,1,1,1,1,DM,JS,JG,,
20240227,AZ004,AZBRD004 - 20240227,Achotines ,7:31,Myiodynastes,maculatus,,,no,1,1,0,0,0,DM,JS,JG,,
20240227,AZ004,AZBRD004 - 20240227,Achotines ,7:31,Atalotriccus,pilaris,,,no,0,1,0,0,0,DM,JS,JG,,
20240227,AZ004,AZBRD004 - 20240227,Achotines ,7:31,Tyrannus,melancholicus,,,no,0,1,1,0,0,DM,JS,JG,,
20240227,AZ004,AZBRD004 - 20240227,Achotines ,7:31,Polioptila,bilineata,,,no,0,1,1,0,1,DM,JS,JG,,
20240227,AZ004,AZBRD004 - 20240227,Achotines ,7:31,Euphonia,luteicapilla,,,no,0,1,1,1,1,DM,JS,JG,,
20240227,AZ004,AZBRD004 - 20240227,Achotines ,7:31,Camptostoma,obsoletum,,,no,0,0,1,0,0,DM,JS,JG,,
20240227,AZ004,AZBRD004 - 20240227,Achotines ,7:31,Polioptila,bilineata,,,no,0,0,1,0,1,DM,JS,JG,,
20240227,AZ004,AZBRD004 - 20240227,Achotines ,7:31,Piaya,cayana,,,no,0,0,1,0,0,DM,JS,JG,,
20240227,AZ004,AZBRD004 - 20240227,Achotines ,7:31,Myiodynastes,maculatus,,,no,0,0,0,1,1,DM,JS,JG,,
20240227,AZ004,AZBRD004 - 20240227,Achotines ,7:31,Atalotriccus,pilaris,,,no,0,0,0,1,1,DM,JS,JG,,
20240227,AZ004,AZBRD004 - 20240227,Achotines ,7:31,Saucerottia,edward,,,no,0,0,0,1,0,DM,JS,JG,,
20240227,AZ004,AZBRD004 - 20240227,Achotines ,7:31,Leptotila,verreauxi,,,no,0,0,0,0,1,DM,JS,JG,,
20240227,AZ004,AZBRD004 - 20240227,Achotines ,7:31,Tyrannulus,elatus,,,no,0,0,0,0,1,DM,JS,JG,,
20240227,AZ004,AZBRD004 - 20240227,Achotines ,7:42,Xiphorhynchus,susurrans,,,yes,,,,,,DM,JS,JG,,
20240227,AZ004,AZBRD004 - 20240227,Achotines ,7:42,Xiphorhynchus,susurrans,,,yes,,,,,,DM,JS,JG,,
20240227,AZ004,AZBRD004 - 20240227,Achotines ,7:42,Tolmomyias,sulphurescens,,,yes,,,,,,DM,JS,JG,,
20240227,AZ004,AZBRD004 - 20240227,Achotines ,7:42,Polioptila,bilineata,,,yes,,,,,,DM,JS,JG,,
20240227,AZ004,AZBRD004 - 20240227,Achotines ,7:42,Polioptila,bilineata,,,yes,,,,,,DM,JS,JG,,
20240227,AZ004,AZBRD004 - 20240227,Achotines ,7:42,Polioptila,bilineata,,,yes,,,,,,DM,JS,JG,,
20240227,AZ004,AZBRD004 - 20240227,Achotines ,7:42,Polioptila,bilineata,,,yes,,,,,,DM,JS,JG,,
20240227,AZ004,AZBRD004 - 20240227,Achotines ,7:42,Myiarchus,crinitus,,,yes,,,,,,DM,JS,JG,,
20240227,AZ004,AZBRD004 - 20240227,Achotines ,7:42,Amazilia,tzacatl,,,yes,,,,,,DM,JS,JG,,
20240227,AZ004,AZBRD004 - 20240227,Achotines ,7:42,Amazilia,tzacatl,,,yes,,,,,,DM,JS,JG,,
20240227,AZ004,AZBRD004 - 20240227,Achotines ,7:42,Piranga,rubra,,,yes,,,,,,DM,JS,JG,,
20240227,AZ004,AZBRD004 - 20240227,Achotines ,7:42,Thryophilus,rufalbus,,,yes,,,,,,DM,JS,JG,,
20240227,AZ004,AZBRD004 - 20240227,Achotines ,7:42,Thryophilus,rufalbus,,,yes,,,,,,DM,JS,JG,,
20240227,AZ004,AZBRD004 - 20240227,Achotines ,7:42,Cathartes,aura,,,yes,,,,,,DM,JS,JG,,
20240227,AZ004,AZBRD004 - 20240227,Achotines ,7:42,Vireo,flavoviridis,,,yes,,,,,,DM,JS,JG,,
20240227,AZ004,AZBRD004 - 20240227,Achotines ,7:42,Myiodynastes,maculatus,,,yes,,,,,,DM,JS,JG,,
20240227,AZ004,AZBRD004 - 20240227,Achotines ,7:42,Pachysylvia,decurtata,,,yes,,,,,,DM,JS,JG,,
20240227,AZ004,AZBRD004 - 20240227,Achotines ,7:42,Vireo,flavifrons,,,yes,,,,,,DM,JS,JG,,
20240227,AZ004,AZBRD004 - 20240227,Achotines ,7:42,Saucerottia,edward,,,yes,,,,,,DM,JS,JG,,
20240227,AZ001,AZBRD001 - 20240227,Achotines ,8:07,Vireo,flavoviridis,,,no,1,1,1,1,1,DM,JS,JG,,
20240227,AZ001,AZBRD001 - 20240227,Achotines ,8:07,Leptotila,verreauxi,,,no,1,1,1,0,0,DM,JS,JG,,
20240227,AZ001,AZBRD001 - 20240227,Achotines ,8:07,Camptostoma,obsoletum,,,no,1,1,1,0,0,DM,JS,JG,,
20240227,AZ001,AZBRD001 - 20240227,Achotines ,8:07,Polioptila,bilineata,,,no,1,1,0,1,0,DM,JS,JG,,
20240227,AZ001,AZBRD001 - 20240227,Achotines ,8:07,Vireo,flavoviridis,,,no,1,1,0,0,1,DM,JS,JG,,
20240227,AZ001,AZBRD001 - 20240227,Achotines ,8:07,Euphonia,luteicapilla,,,no,1,0,0,0,0,DM,JS,JG,,
20240227,AZ001,AZBRD001 - 20240227,Achotines ,8:07,Atalotriccus,pilaris,,,no,0,1,0,0,0,DM,JS,JG,,
20240227,AZ001,AZBRD001 - 20240227,Achotines ,8:07,Fregata,magnificens,,,no,0,1,0,0,0,DM,JS,JG,,
20240227,AZ001,AZBRD001 - 20240227,Achotines ,8:07,Buteogallus,anthracinus,,,no,0,0,1,0,1,DM,JS,JG,,
20240227,AZ001,AZBRD001 - 20240227,Achotines ,8:07,Atalotriccus,pilaris,,,no,0,0,0,1,0,DM,JS,JG,,
20240227,AZ001,AZBRD001 - 20240227,Achotines ,8:07,Buteogallus,anthracinus,,,no,0,0,0,0,1,DM,JS,JG,,
20240227,AZ001,AZBRD001 - 20240227,Achotines ,8:18,Polioptila,bilineata,,,yes,,,,,,DM,JS,JG,,
20240227,AZ001,AZBRD001 - 20240227,Achotines ,8:18,Polioptila,bilineata,,,yes,,,,,,DM,JS,JG,,
20240227,AZ001,AZBRD001 - 20240227,Achotines ,8:18,Polioptila,bilineata,,,yes,,,,,,DM,JS,JG,,
20240227,AZ001,AZBRD001 - 20240227,Achotines ,8:18,Polioptila,bilineata,,,yes,,,,,,DM,JS,JG,,
20240227,AZ001,AZBRD001 - 20240227,Achotines ,8:18,Polioptila,bilineata,,,yes,,,,,,DM,JS,JG,,
20240227,AZ001,AZBRD001 - 20240227,Achotines ,8:18,Tolmomyias,sulphurescens,,,yes,,,,,,DM,JS,JG,,
20240227,AZ001,AZBRD001 - 20240227,Achotines ,8:18,Tolmomyias,sulphurescens,,,yes,,,,,,DM,JS,JG,,
20240227,AZ001,AZBRD001 - 20240227,Achotines ,8:18,Atalotriccus,pilaris,,,yes,,,,,,DM,JS,JG,,
20240227,AZ001,AZBRD001 - 20240227,Achotines ,8:18,Atalotriccus,pilaris,,,yes,,,,,,DM,JS,JG,,
20240227,AZ001,AZBRD001 - 20240227,Achotines ,8:18,Myiarchus,crinitus,,,yes,,,,,,DM,JS,JG,,
20240227,AZ001,AZBRD001 - 20240227,Achotines ,8:18,Chrysuronia,coeruleogularis,,,yes,,,,,,DM,JS,JG,,
20240227,AZ001,AZBRD001 - 20240227,Achotines ,8:18,Thryophilus,rufalbus,,,yes,,,,,,DM,JS,JG,,
20240227,AZ001,AZBRD001 - 20240227,Achotines ,8:18,Vireo,flavoviridis,,,yes,,,,,,DM,JS,JG,,
20240227,AZ002,AZBRD002 - 20240227,Achotines ,8:39,Brotogeris,jugularis,,,no,0,1,0,0,0,DM,JS,JG,,
20240227,AZ002,AZBRD002 - 20240227,Achotines ,8:39,Euphonia,luteicapilla,,,no,0,0,1,0,1,DM,JS,JG,,
20240227,AZ002,AZBRD002 - 20240227,Achotines ,8:39,Euphonia,luteicapilla,,,no,0,0,1,0,1,DM,JS,JG,,
20240227,AZ002,AZBRD002 - 20240227,Achotines ,8:39,Myiodynastes,maculatus,,,no,0,0,0,0,1,DM,JS,JG,,
20240227,AZ002,AZBRD002 - 20240227,Achotines ,8:49,Myiodynastes,maculatus,,,yes,,,,,,DM,JS,JG,,
20240227,AZ002,AZBRD002 - 20240227,Achotines ,8:49,Piaya,cayana,,,yes,,,,,,DM,JS,JG,,
20240227,AZ002,AZBRD002 - 20240227,Achotines ,8:49,Myiarchus,crinitus,,,yes,,,,,,DM,JS,JG,,
20240227,AZ002,AZBRD002 - 20240227,Achotines ,8:49,Saucerottia,edward,,,yes,,,,,,DM,JS,JG,,
20240227,AZ002,AZBRD002 - 20240227,Achotines ,8:49,Vireo,flavoviridis,,,yes,,,,,,DM,JS,JG,,
20240227,AZ003,AZBRD003 - 20240227,Achotines ,9:17,,,,,no,0,0,0,0,0,DM,JS,JG,,
20240227,AZ003,AZBRD003 - 20240227,Achotines ,9:27,,,,,yes,,,,,,DM,JS,JG,,
20240228,AZ003,AZBRD003 - 20240228,Achotines ,6:20,Leptotila,verreauxi,,,no,1,0,1,1,0,DM,JS,JG,,
20240228,AZ003,AZBRD003 - 20240228,Achotines ,6:20,Chiroxiphia,lanceolata,,,no,1,1,1,0,0,DM,JS,JG,,
20240228,AZ003,AZBRD003 - 20240228,Achotines ,6:20,Patagioenas,cayennensis,,,no,1,1,0,1,1,DM,JS,JG,,
20240228,AZ003,AZBRD003 - 20240228,Achotines ,6:20,Polioptila,bilineata,,,no,0,1,1,1,0,DM,JS,JG,,
20240228,AZ003,AZBRD003 - 20240228,Achotines ,6:20,Polioptila,bilineata,,,no,0,1,1,1,0,DM,JS,JG,,
20240228,AZ003,AZBRD003 - 20240228,Achotines ,6:20,Atalotriccus,pilaris,,,no,0,0,1,1,1,DM,JS,JG,,
20240228,AZ003,AZBRD003 - 20240228,Achotines ,6:20,Atalotriccus,pilaris,,,no,0,0,1,0,1,DM,JS,JG,,
20240228,AZ003,AZBRD003 - 20240228,Achotines ,6:20,Patagioenas,cayennensis,,,no,0,0,1,1,1,DM,JS,JG,,
20240228,AZ003,AZBRD003 - 20240228,Achotines ,6:20,Thamnophilus,doliatus,,,no,0,0,0,1,0,DM,JS,JG,,
20240228,AZ003,AZBRD003 - 20240228,Achotines ,6:20,Patagioenas,cayennensis,,,no,0,0,0,0,1,DM,JS,JG,,
20240228,AZ003,AZBRD003 - 20240228,Achotines ,6:31,Atalotriccus,pilaris,,,yes,,,,,,DM,JS,JG,,
20240228,AZ003,AZBRD003 - 20240228,Achotines ,6:31,Atalotriccus,pilaris,,,yes,,,,,,DM,JS,JG,,
20240228,AZ003,AZBRD003 - 20240228,Achotines ,6:31,Thryophilus,rufalbus,,,yes,,,,,,DM,JS,JG,,
20240228,AZ003,AZBRD003 - 20240228,Achotines ,6:31,Thryophilus,rufalbus,,,yes,,,,,,DM,JS,JG,,
20240228,AZ002,AZBRD002 - 20240228,Achotines ,6:51,Parkesia,noveboracensis,,,no,1,0,0,0,0,DM,JS,JG,,
20240228,AZ002,AZBRD002 - 20240228,Achotines ,6:51,Tyrannus,melancholicus,,,no,1,1,0,0,0,DM,JS,JG,,
20240228,AZ002,AZBRD002 - 20240228,Achotines ,6:51,Camptostoma,obsoletum,,,no,1,1,0,1,1,DM,JS,JG,,
20240228,AZ002,AZBRD002 - 20240228,Achotines ,6:51,Vireo,flavoviridis,,,no,1,1,1,1,1,DM,JS,JG,,
20240228,AZ002,AZBRD002 - 20240228,Achotines ,6:51,Melanerpes,rubricapillus,,,no,0,1,0,1,1,DM,JS,JG,,
20240228,AZ002,AZBRD002 - 20240228,Achotines ,6:51,Cathartes,aura,,,no,0,0,1,0,0,DM,JS,JG,,
20240228,AZ002,AZBRD002 - 20240228,Achotines ,6:51,Atalotriccus,pilaris,,,no,0,0,0,1,0,DM,JS,JG,,
20240228,AZ002,AZBRD002 - 20240228,Achotines ,6:51,Polioptila,bilineata,,,no,0,0,0,1,1,DM,JS,JG,,
20240228,AZ002,AZBRD002 - 20240228,Achotines ,6:51,Thryophilus,rufalbus,,,no,0,0,0,1,0,DM,JS,JG,,
20240228,AZ002,AZBRD002 - 20240228,Achotines ,7:02,Pachysylvia,decurtata,,,yes,,,,,,DM,JS,JG,,
20240228,AZ002,AZBRD002 - 20240228,Achotines ,7:02,Vireo,flavifrons,,,yes,,,,,,DM,JS,JG,,
20240228,AZ002,AZBRD002 - 20240228,Achotines ,7:02,Amazilia,tzacatl,,,yes,,,,,,DM,JS,JG,,
20240228,AZ002,AZBRD002 - 20240228,Achotines ,7:02,Tolmomyias,sulphurescens,,,yes,,,,,,DM,JS,JG,,
20240228,AZ002,AZBRD002 - 20240228,Achotines ,7:02,Vireo,flavoviridis,,,yes,,,,,,DM,JS,JG,,
20240228,AZ002,AZBRD002 - 20240228,Achotines ,7:02,Pitangus,sulphuratus,,,yes,,,,,,DM,JS,JG,,
20240228,AZ002,AZBRD002 - 20240228,Achotines ,7:02,Saucerottia,edward,,,yes,,,,,,DM,JS,JG,,
20240228,AZ002,AZBRD002 - 20240228,Achotines ,7:02,Polioptila,bilineata,,,yes,,,,,,DM,JS,JG,,
20240228,AZ001,AZBRD001 - 20240228,Achotines ,7:34,Vireo,flavoviridis,,,no,1,1,1,1,1,DM,JS,JG,,
20240228,AZ001,AZBRD001 - 20240228,Achotines ,7:34,Polioptila,bilineata,,,no,1,1,1,0,0,DM,JS,JG,,
20240228,AZ001,AZBRD001 - 20240228,Achotines ,7:34,Pitangus,sulphuratus,,,no,1,1,0,1,0,DM,JS,JG,,
20240228,AZ001,AZBRD001 - 20240228,Achotines ,7:34,Brotogeris,jugularis,,,no,1,0,0,0,0,DM,JS,JG,,
20240228,AZ001,AZBRD001 - 20240228,Achotines ,7:34,Pitangus,sulphuratus,,,no,1,1,0,1,0,DM,JS,JG,,
20240228,AZ001,AZBRD001 - 20240228,Achotines ,7:34,Pitangus,sulphuratus,,,no,1,1,0,0,0,DM,JS,JG,,
20240228,AZ001,AZBRD001 - 20240228,Achotines ,7:34,Myiodynastes,maculatus,,,no,0,1,1,1,0,DM,JS,JG,,
20240228,AZ001,AZBRD001 - 20240228,Achotines ,7:34,Atalotriccus,pilaris,,,no,0,1,1,1,1,DM,JS,JG,,
20240228,AZ001,AZBRD001 - 20240228,Achotines ,7:34,Leptotila,verreauxi,,,no,0,0,1,0,0,DM,JS,JG,,
20240228,AZ001,AZBRD001 - 20240228,Achotines ,7:34,Atalotriccus,pilaris,,,no,0,0,1,0,0,DM,JS,JG,,
20240228,AZ001,AZBRD001 - 20240228,Achotines ,7:34,Euphonia,luteicapilla,,,no,0,0,0,1,0,DM,JS,JG,,
20240228,AZ001,AZBRD001 - 20240228,Achotines ,7:34,Buteo,platypterus,,,no,0,0,0,0,1,DM,JS,JG,,
20240228,AZ001,AZBRD001 - 20240228,Achotines ,7:34,Polioptila,bilineata,,,no,0,0,0,0,1,DM,JS,JG,,
20240228,AZ001,AZBRD001 - 20240228,Achotines ,7:48,Saucerottia,edward,,,yes,,,,,,DM,JS,JG,,
20240228,AZ001,AZBRD001 - 20240228,Achotines ,7:48,Piranga,rubra,,,yes,,,,,,DM,JS,JG,,
20240228,AZ001,AZBRD001 - 20240228,Achotines ,7:48,Leiothlypis,peregrina,,,yes,,,,,,DM,JS,JG,,
20240228,AZ001,AZBRD001 - 20240228,Achotines ,7:48,Pachysylvia,decurtata,,,yes,,,,,,DM,JS,JG,,
20240228,AZ001,AZBRD001 - 20240228,Achotines ,7:48,Saucerottia,edward,,,yes,,,,,,DM,JS,JG,,
20240228,AZ001,AZBRD001 - 20240228,Achotines ,7:48,Polioptila,bilineata,,,yes,,,,,,DM,JS,JG,,
20240228,AZ001,AZBRD001 - 20240228,Achotines ,7:48,Piranga,rubra,,,yes,,,,,,DM,JS,JG,,
20240228,AZ001,AZBRD001 - 20240228,Achotines ,7:48,Vireo,flavoviridis,,,yes,,,,,,DM,JS,JG,,
20240228,AZ004,AZBRD004 - 20240228,Achotines ,8:08,Euphonia,luteicapilla,,,no,1,1,0,1,1,DM,JS,JG,,
20240228,AZ004,AZBRD004 - 20240228,Achotines ,8:08,Euphonia,luteicapilla,,,no,1,1,0,1,1,DM,JS,JG,,
20240228,AZ004,AZBRD004 - 20240228,Achotines ,8:08,Atalotriccus,pilaris,,,no,1,0,0,0,0,DM,JS,JG,,
20240228,AZ004,AZBRD004 - 20240228,Achotines ,8:08,Leptotila,verreauxi,,,no,1,1,0,1,1,DM,JS,JG,,
20240228,AZ004,AZBRD004 - 20240228,Achotines ,8:08,Tyrannus,melancholicus,,,no,1,1,1,1,1,DM,JS,JG,,
20240228,AZ004,AZBRD004 - 20240228,Achotines ,8:08,Tyrannus,melancholicus,,,no,1,1,1,1,1,DM,JS,JG,,
20240228,AZ004,AZBRD004 - 20240228,Achotines ,8:08,Euphonia,luteicapilla,,,no,1,1,0,0,0,DM,JS,JG,,
20240228,AZ004,AZBRD004 - 20240228,Achotines ,8:08,Euphonia,luteicapilla,,,no,1,1,0,0,0,DM,JS,JG,,
20240228,AZ004,AZBRD004 - 20240228,Achotines ,8:08,Xiphorhynchus,susurrans,,,no,1,0,1,1,1,DM,JS,JG,,
20240228,AZ004,AZBRD004 - 20240228,Achotines ,8:08,Polioptila,bilineata,,,no,1,0,1,0,1,DM,JS,JG,,
20240228,AZ004,AZBRD004 - 20240228,Achotines ,8:08,Psarocolius,decumanus,,,no,0,1,0,0,0,DM,JS,JG,,
20240228,AZ004,AZBRD004 - 20240228,Achotines ,8:08,Chiroxiphia,lanceolata,,,no,0,1,0,0,0,DM,JS,JG,,
20240228,AZ004,AZBRD004 - 20240228,Achotines ,8:08,Thamnophilus,doliatus,,,no,0,0,1,1,1,DM,JS,JG,,
20240228,AZ004,AZBRD004 - 20240228,Achotines ,8:08,Tyrannus,melancholicus,,,no,0,0,1,0,0,DM,JS,JG,,
20240228,AZ004,AZBRD004 - 20240228,Achotines ,8:08,Thryophilus,rufalbus,,,no,0,0,1,0,0,DM,JS,JG,,
20240228,AZ004,AZBRD004 - 20240228,Achotines ,8:08,Polioptila,bilineata,,,no,0,0,1,0,0,DM,JS,JG,,
20240228,AZ004,AZBRD004 - 20240228,Achotines ,8:08,Thamnophilus,doliatus,,,no,0,0,0,1,1,DM,JS,JG,,
20240228,AZ004,AZBRD004 - 20240228,Achotines ,8:08,Myiozetetes,similis,,,no,0,0,0,0,1,DM,JS,JG,,
20240228,AZ004,AZBRD004 - 20240228,Achotines ,8:23,Myiozetetes,similis,,,yes,,,,,,DM,JS,JG,,
20240228,AZ004,AZBRD004 - 20240228,Achotines ,8:23,Myiozetetes,similis,,,yes,,,,,,DM,JS,JG,,
20240228,AZ004,AZBRD004 - 20240228,Achotines ,8:23,Polioptila,bilineata,,,yes,,,,,,DM,JS,JG,,
20240228,AZ004,AZBRD004 - 20240228,Achotines ,8:23,Polioptila,bilineata,,,yes,,,,,,DM,JS,JG,,
20240228,AZ004,AZBRD004 - 20240228,Achotines ,8:23,Polioptila,bilineata,,,yes,,,,,,DM,JS,JG,,
20240228,AZ004,AZBRD004 - 20240228,Achotines ,8:23,Pachysylvia,decurtata,,,yes,,,,,,DM,JS,JG,,
20240228,AZ004,AZBRD004 - 20240228,Achotines ,8:23,Pachysylvia,decurtata,,,yes,,,,,,DM,JS,JG,,
20240228,AZ004,AZBRD004 - 20240228,Achotines ,8:23,Chiroxiphia,lanceolata,,,yes,,,,,,DM,JS,JG,,
20240228,AZ004,AZBRD004 - 20240228,Achotines ,8:23,Myiarchus,crinitus,,,yes,,,,,,DM,JS,JG,,
20240228,AZ004,AZBRD004 - 20240228,Achotines ,8:23,Myiarchus,crinitus,,,yes,,,,,,DM,JS,JG,,
20240228,AZ004,AZBRD004 - 20240228,Achotines ,8:23,Myiarchus,crinitus,,,yes,,,,,,DM,JS,JG,,
20240228,AZ004,AZBRD004 - 20240228,Achotines ,8:23,Piranga,rubra,,,yes,,,,,,DM,JS,JG,,
20240228,AZ004,AZBRD004 - 20240228,Achotines ,8:23,Atalotriccus,pilaris,,,yes,,,,,,DM,JS,JG,,
20240228,AZ004,AZBRD004 - 20240228,Achotines ,8:23,Atalotriccus,pilaris,,,yes,,,,,,DM,JS,JG,,
20240228,AZ004,AZBRD004 - 20240228,Achotines ,8:23,Tolmomyias,sulphurescens,,,yes,,,,,,DM,JS,JG,,
20240228,AZ004,AZBRD004 - 20240228,Achotines ,8:23,Tolmomyias,sulphurescens,,,yes,,,,,,DM,JS,JG,,
20240228,AZ004,AZBRD004 - 20240228,Achotines ,8:23,Tolmomyias,sulphurescens,,,yes,,,,,,DM,JS,JG,,
20240228,AZ004,AZBRD004 - 20240228,Achotines ,8:23,Saucerottia,edward,,,yes,,,,,,DM,JS,JG,,
20240228,AZ004,AZBRD004 - 20240228,Achotines ,8:23,Vireo,flavifrons,,,yes,,,,,,DM,JS,JG,,
20240228,AZ004,AZBRD004 - 20240228,Achotines ,8:23,Tyrannus,melancholicus,,,yes,,,,,,DM,JS,JG,,
20240228,AZ004,AZBRD004 - 20240228,Achotines ,8:23,Xiphorhynchus,susurrans,,,yes,,,,,,DM,JS,JG,,
20240228,AZ004,AZBRD004 - 20240228,Achotines ,8:23,Thryophilus,rufalbus,,,yes,,,,,,DM,JS,JG,,
20240228,AZ005,AZBRD005 - 20240228,Achotines ,8:45,Tyrannus,melancholicus,,,no,0,0,0,0,0,DM,JS,JG,,
20240228,AZ005,AZBRD005 - 20240228,Achotines ,8:45,Tyrannus,melancholicus,,,no,0,1,0,1,1,DM,JS,JG,,
20240228,AZ005,AZBRD005 - 20240228,Achotines ,8:45,Xiphorhynchus,susurrans,,,no,0,0,1,0,0,DM,JS,JG,,
20240228,AZ005,AZBRD005 - 20240228,Achotines ,8:57,Atalotriccus,pilaris,,,yes,,,,,,DM,JS,JG,,
20240228,AZ005,AZBRD005 - 20240228,Achotines ,8:57,Amazilia,tzacatl,,,yes,,,,,,DM,JS,JG,,
20240228,AZ005,AZBRD005 - 20240228,Achotines ,8:57,Vireo,flavifrons,,,yes,,,,,,DM,JS,JG,,
20240228,AZ005,AZBRD005 - 20240228,Achotines ,8:57,Atalotriccus,pilaris,,,yes,,,,,,DM,JS,JG,,
20240228,AZ005,AZBRD005 - 20240228,Achotines ,8:57,Vireo,flavoviridis,,,yes,,,,,,DM,JS,JG,,
20240228,AZ005,AZBRD005 - 20240228,Achotines ,8:57,Pachysylvia,decurtata,,,yes,,,,,,DM,JS,JG,,
20240228,AZ005,AZBRD005 - 20240228,Achotines ,8:57,Atalotriccus,pilaris,,,yes,,,,,,DM,JS,JG,,
20240228,AZ005,AZBRD005 - 20240228,Achotines ,8:57,Pachysylvia,decurtata,,,yes,,,,,,DM,JS,JG,,
20240228,AZ005,AZBRD005 - 20240228,Achotines ,8:57,Saucerottia,edward,,,yes,,,,,,DM,JS,JG,,
20240228,AZ005,AZBRD005 - 20240228,Achotines ,8:57,Amazilia,tzacatl,,,yes,,,,,,DM,JS,JG,,
20240229,AZ008,AZBRD008 - 20240229,Achotines ,6:24,Ara,macao,,,no,1,0,0,0,0,DM,JS,JG,,
20240229,AZ008,AZBRD008 - 20240229,Achotines ,6:24,Myiodynastes,maculatus,,,no,1,1,1,1,0,DM,JS,JG,,
20240229,AZ008,AZBRD008 - 20240229,Achotines ,6:24,Leptotila,verreauxi,,,no,1,1,1,1,1,DM,JS,JG,,
20240229,AZ008,AZBRD008 - 20240229,Achotines ,6:24,Leptotila,verreauxi,,,no,1,1,1,1,1,DM,JS,JG,,
20240229,AZ008,AZBRD008 - 20240229,Achotines ,6:24,Thamnophilus,doliatus,,,no,1,1,1,1,0,DM,JS,JG,,
20240229,AZ008,AZBRD008 - 20240229,Achotines ,6:24,Pitangus,sulphuratus,,,no,1,0,1,0,0,DM,JS,JG,,
20240229,AZ008,AZBRD008 - 20240229,Achotines ,6:24,Patagioenas,cayennensis,,,no,0,1,0,0,0,DM,JS,JG,,
20240229,AZ008,AZBRD008 - 20240229,Achotines ,6:24,Atalotriccus,pilaris,,,no,0,1,1,1,0,DM,JS,JG,,
20240229,AZ008,AZBRD008 - 20240229,Achotines ,6:24,Chiroxiphia,lanceolata,,,no,0,0,0,1,0,DM,JS,JG,,
20240229,AZ008,AZBRD008 - 20240229,Achotines ,6:24,Patagioenas,cayennensis,,,no,0,0,0,1,1,DM,JS,JG,,
20240229,AZ008,AZBRD008 - 20240229,Achotines ,6:24,Tapera,naevia,,,no,0,0,0,0,1,DM,JS,JG,,
20240229,AZ008,AZBRD008 - 20240229,Achotines ,6:24,Atalotriccus,pilaris,,,no,0,0,0,0,1,DM,JS,JG,,
20240229,AZ008,AZBRD008 - 20240229,Achotines ,6:35,Chlorostilbon,assimilis,,,yes,,,,,,DM,JS,JG,,
20240229,AZ008,AZBRD008 - 20240229,Achotines ,6:35,Myiarchus,crinitus,,,yes,,,,,,DM,JS,JG,,
20240229,AZ008,AZBRD008 - 20240229,Achotines ,6:35,Myiarchus,crinitus,,,yes,,,,,,DM,JS,JG,,
20240229,AZ008,AZBRD008 - 20240229,Achotines ,6:35,Myiarchus,crinitus,,,yes,,,,,,DM,JS,JG,,
20240229,AZ008,AZBRD008 - 20240229,Achotines ,6:35,Myiarchus,crinitus,,,yes,,,,,,DM,JS,JG,,
20240229,AZ008,AZBRD008 - 20240229,Achotines ,6:35,Myiarchus,crinitus,,,yes,,,,,,DM,JS,JG,,
20240229,AZ008,AZBRD008 - 20240229,Achotines ,6:35,Glaucidium,brasilianum,,,yes,,,,,,DM,JS,JG,,
20240229,AZ008,AZBRD008 - 20240229,Achotines ,6:35,Megarynchus,pitangua,,,yes,,,,,,DM,JS,JG,,
20240229,AZ008,AZBRD008 - 20240229,Achotines ,6:35,Megarynchus,pitangua,,,yes,,,,,,DM,JS,JG,,
20240229,AZ008,AZBRD008 - 20240229,Achotines ,6:35,Atalotriccus,pilaris,,,yes,,,,,,DM,JS,JG,,
20240229,AZ008,AZBRD008 - 20240229,Achotines ,6:35,Pachysylvia,decurtata,,,yes,,,,,,DM,JS,JG,,
20240229,AZ008,AZBRD008 - 20240229,Achotines ,6:35,Phaethornis,striigularis,,,yes,,,,,,DM,JS,JG,,
20240229,AZ009,AZBRD009 - 20240229,Achotines ,7:00,Pitangus,sulphuratus,,,no,1,1,1,1,1,DM,JS,JG,,
20240229,AZ009,AZBRD009 - 20240229,Achotines ,7:00,Pitangus,sulphuratus,,,no,1,1,1,1,1,DM,JS,JG,,
20240229,AZ009,AZBRD009 - 20240229,Achotines ,7:00,Myiozetetes,similis,,,no,1,0,1,0,0,DM,JS,JG,,
20240229,AZ009,AZBRD009 - 20240229,Achotines ,7:00,Leptotila,verreauxi,,,no,1,1,0,0,0,DM,JS,JG,,
20240229,AZ009,AZBRD009 - 20240229,Achotines ,7:00,Melanerpes,rubricapillus,,,no,1,0,0,0,0,DM,JS,JG,,
20240229,AZ009,AZBRD009 - 20240229,Achotines ,7:00,Tyrannus,melancholicus,,,no,1,0,0,0,1,DM,JS,JG,,
20240229,AZ009,AZBRD009 - 20240229,Achotines ,7:00,Vireo,flavoviridis,,,no,1,1,0,1,1,DM,JS,JG,,
20240229,AZ009,AZBRD009 - 20240229,Achotines ,7:00,Tapera,naevia,,,no,0,1,0,0,0,DM,JS,JG,,
20240229,AZ009,AZBRD009 - 20240229,Achotines ,7:00,Myiodynastes,maculatus,,,no,0,1,0,0,0,DM,JS,JG,,
20240229,AZ009,AZBRD009 - 20240229,Achotines ,7:00,Myiodynastes,maculatus,,,no,0,1,1,0,0,DM,JS,JG,,
20240229,AZ009,AZBRD009 - 20240229,Achotines ,7:00,Leptotila,verreauxi,,,no,0,1,1,1,1,DM,JS,JG,,
20240229,AZ009,AZBRD009 - 20240229,Achotines ,7:00,Bubulcus,ibis,,,no,0,0,1,0,0,DM,JS,JG,,
20240229,AZ009,AZBRD009 - 20240229,Achotines ,7:00,Elaenia,flavogaster,,,no,0,0,1,0,0,DM,JS,JG,,
20240229,AZ009,AZBRD009 - 20240229,Achotines ,7:00,Daptrius,chimachima,,,no,0,0,0,1,0,DM,JS,JG,,
20240229,AZ009,AZBRD009 - 20240229,Achotines ,7:10,Chiroxiphia,lanceolata,,,yes,,,,,,DM,JS,JG,,
20240229,AZ009,AZBRD009 - 20240229,Achotines ,7:10,Glaucidium,brasilianum,,,yes,,,,,,DM,JS,JG,,
20240229,AZ009,AZBRD009 - 20240229,Achotines ,7:10,Euphonia,luteicapilla,,,yes,,,,,,DM,JS,JG,,
20240229,AZ009,AZBRD009 - 20240229,Achotines ,7:10,Myiarchus,crinitus,,,yes,,,,,,DM,JS,JG,,
20240229,AZ009,AZBRD009 - 20240229,Achotines ,7:10,Vireo,flavifrons,,,yes,,,,,,DM,JS,JG,,
20240229,AZ009,AZBRD009 - 20240229,Achotines ,7:10,Chrysuronia,coeruleogularis,,,yes,,,,,,DM,JS,JG,,
20240229,AZ009,AZBRD009 - 20240229,Achotines ,7:10,Pachysylvia,decurtata,,,yes,,,,,,DM,JS,JG,,
20240229,AZ006,AZBRD006 - 20240229,Achotines ,7:34,Leptotila,verreauxi,,,no,1,1,1,1,0,DM,JS,JG,,
20240229,AZ006,AZBRD006 - 20240229,Achotines ,7:34,Leptotila,verreauxi,,,no,1,0,0,1,0,DM,JS,JG,,
20240229,AZ006,AZBRD006 - 20240229,Achotines ,7:34,Chiroxiphia,lanceolata,,,no,1,0,1,1,1,DM,JS,JG,,
20240229,AZ006,AZBRD006 - 20240229,Achotines ,7:34,Cathartes,aura,,,no,0,1,1,0,0,DM,JS,JG,,
20240229,AZ006,AZBRD006 - 20240229,Achotines ,7:34,Amazona,ochrocephala,,,no,0,1,0,1,1,DM,JS,JG,,
20240229,AZ006,AZBRD006 - 20240229,Achotines ,7:34,Fregata,magnificens,,,no,0,0,1,0,0,DM,JS,JG,,
20240229,AZ006,AZBRD006 - 20240229,Achotines ,7:34,Tapera,naevia,,,no,0,0,1,1,1,DM,JS,JG,,
20240229,AZ006,AZBRD006 - 20240229,Achotines ,7:34,Piaya,cayana,,,no,0,0,0,1,0,DM,JS,JG,,
20240229,AZ006,AZBRD006 - 20240229,Achotines ,7:45,Vireo,flavifrons,,,yes,,,,,,DM,JS,JG,,
20240229,AZ006,AZBRD006 - 20240229,Achotines ,7:45,Camptostoma,obsoletum,,,yes,,,,,,DM,JS,JG,,
20240229,AZ006,AZBRD006 - 20240229,Achotines ,7:45,Protonotaria,citrea,,,yes,,,,,,DM,JS,JG,,
20240229,AZ006,AZBRD006 - 20240229,Achotines ,7:45,Protonotaria,citrea,,,yes,,,,,,DM,JS,JG,,
20240229,AZ006,AZBRD006 - 20240229,Achotines ,7:45,Chlorostilbon,assimilis,,,yes,,,,,,DM,JS,JG,,
20240229,AZ006,AZBRD006 - 20240229,Achotines ,7:45,Atalotriccus,pilaris,,,yes,,,,,,DM,JS,JG,,
20240229,AZ006,AZBRD006 - 20240229,Achotines ,7:45,Myiarchus,crinitus,,,yes,,,,,,DM,JS,JG,,
20240229,AZ006,AZBRD006 - 20240229,Achotines ,7:45,Myiodynastes,maculatus,,,yes,,,,,,DM,JS,JG,,
20240229,AZ007,AZBRD007 - 20240229,Achotines ,8:05,Leptotila,verreauxi,,,no,1,1,1,1,1,DM,JS,JG,,
20240229,AZ007,AZBRD007 - 20240229,Achotines ,8:05,Leptotila,verreauxi,,,no,1,1,1,1,1,DM,JS,JG,,
20240229,AZ007,AZBRD007 - 20240229,Achotines ,8:05,Chiroxiphia,lanceolata,,,no,1,1,1,1,1,DM,JS,JG,,
20240229,AZ007,AZBRD007 - 20240229,Achotines ,8:05,Tyrannus,melancholicus,,,no,0,1,0,0,0,DM,JS,JG,,
20240229,AZ007,AZBRD007 - 20240229,Achotines ,8:05,Melanerpes,rubricapillus,,,no,0,1,0,0,0,DM,JS,JG,,
20240229,AZ007,AZBRD007 - 20240229,Achotines ,8:05,Leptotila,verreauxi,,,no,0,1,1,1,1,DM,JS,JG,,
20240229,AZ007,AZBRD007 - 20240229,Achotines ,8:05,Melanerpes,rubricapillus,,,no,0,0,1,1,0,DM,JS,JG,,
20240229,AZ007,AZBRD007 - 20240229,Achotines ,8:05,Vireo,flavoviridis,,,no,0,0,1,0,0,DM,JS,JG,,
20240229,AZ007,AZBRD007 - 20240229,Achotines ,8:05,Tapera,naevia,,,no,0,0,1,0,0,DM,JS,JG,,
20240229,AZ007,AZBRD007 - 20240229,Achotines ,8:05,Cathartes,aura,,,no,0,0,0,1,0,DM,JS,JG,,
20240229,AZ007,AZBRD007 - 20240229,Achotines ,8:05,Cathartes,aura,,,no,0,0,0,1,0,DM,JS,JG,,
20240229,AZ007,AZBRD007 - 20240229,Achotines ,8:05,Myiozetetes,similis,,,no,0,0,0,1,0,DM,JS,JG,,
20240229,AZ007,AZBRD007 - 20240229,Achotines ,8:05,Euphonia,luteicapilla,,,no,0,0,0,0,1,DM,JS,JG,,
20240229,AZ007,AZBRD007 - 20240229,Achotines ,8:05,Euphonia,luteicapilla,,,no,0,0,0,0,1,DM,JS,JG,,
20240229,AZ007,AZBRD007 - 20240229,Achotines ,8:05,Camptostoma,obsoletum,,,no,0,0,0,0,1,DM,JS,JG,,
20240229,AZ007,AZBRD007 - 20240229,Achotines ,8:17,Amazilia,tzacatl,,,yes,,,,,,DM,JS,JG,,
20240229,AZ007,AZBRD007 - 20240229,Achotines ,8:17,Thryophilus,rufalbus,,,yes,,,,,,DM,JS,JG,,
20240229,AZ007,AZBRD007 - 20240229,Achotines ,8:17,Chiroxiphia,lanceolata,,,yes,,,,,,DM,JS,JG,,
20240229,AZ007,AZBRD007 - 20240229,Achotines ,8:17,Myiarchus,crinitus,,,yes,,,,,,DM,JS,JG,,
20240229,AZ007,AZBRD007 - 20240229,Achotines ,8:17,Thryophilus,rufalbus,,,yes,,,,,,DM,JS,JG,,
20240229,AZ007,AZBRD007 - 20240229,Achotines ,8:17,Myiarchus,crinitus,,,yes,,,,,,DM,JS,JG,,
20240229,AZ007,AZBRD007 - 20240229,Achotines ,8:17,Polioptila,bilineata,,,yes,,,,,,DM,JS,JG,,
20240229,AZ007,AZBRD007 - 20240229,Achotines ,8:17,Atalotriccus,pilaris,,,yes,,,,,,DM,JS,JG,,
20240229,AZ007,AZBRD007 - 20240229,Achotines ,8:17,Vireo,flavifrons,,,yes,,,,,,DM,JS,JG,,
20240229,AZ007,AZBRD007 - 20240229,Achotines ,8:17,Chiroxiphia,lanceolata,,,yes,,,,,,DM,JS,JG,,
20240229,AZ010,AZBRD010 - 20240229,Achotines ,8:54,Vireo,flavoviridis,,,no,1,1,1,1,0,DM,JS,JG,,
20240229,AZ010,AZBRD010 - 20240229,Achotines ,8:54,Melanerpes,rubricapillus,,,no,1,0,0,0,0,DM,JS,JG,,
20240229,AZ010,AZBRD010 - 20240229,Achotines ,8:54,Cathartes,aura,,,no,1,0,0,0,0,DM,JS,JG,,
20240229,AZ010,AZBRD010 - 20240229,Achotines ,8:54,Elaenia,flavogaster,,,no,1,1,1,0,1,DM,JS,JG,,
20240229,AZ010,AZBRD010 - 20240229,Achotines ,8:54,Euphonia,luteicapilla,,,no,1,0,1,1,1,DM,JS,JG,,
20240229,AZ010,AZBRD010 - 20240229,Achotines ,8:54,Myiodynastes,maculatus,,,no,1,0,0,0,0,DM,JS,JG,,
20240229,AZ010,AZBRD010 - 20240229,Achotines ,8:54,Vireo,flavoviridis,,,no,0,1,0,0,0,DM,JS,JG,,
20240229,AZ010,AZBRD010 - 20240229,Achotines ,8:54,Thraupis,episcopus,,,no,0,1,0,0,0,DM,JS,JG,,
20240229,AZ010,AZBRD010 - 20240229,Achotines ,8:54,Camptostoma,obsoletum,,,no,0,1,0,0,0,DM,JS,JG,,
20240229,AZ010,AZBRD010 - 20240229,Achotines ,8:54,Melanerpes,rubricapillus,,,no,0,1,1,0,0,DM,JS,JG,,
20240229,AZ010,AZBRD010 - 20240229,Achotines ,8:54,Thraupis,episcopus,,,no,0,1,0,0,0,DM,JS,JG,,
20240229,AZ010,AZBRD010 - 20240229,Achotines ,8:54,Piaya,cayana,,,no,0,0,1,0,0,DM,JS,JG,,
20240229,AZ010,AZBRD010 - 20240229,Achotines ,8:54,Polioptila,bilineata,,,no,0,0,1,0,0,DM,JS,JG,,
20240229,AZ010,AZBRD010 - 20240229,Achotines ,8:54,Leptotila,verreauxi,,,no,0,0,1,0,1,DM,JS,JG,,
20240229,AZ010,AZBRD010 - 20240229,Achotines ,8:54,Cathartes,aura,,,no,0,0,1,1,1,DM,JS,JG,,
20240229,AZ010,AZBRD010 - 20240229,Achotines ,8:54,Pitangus,sulphuratus,,,no,0,0,0,0,1,DM,JS,JG,,
20240229,AZ010,AZBRD010 - 20240229,Achotines ,8:54,Melanerpes,rubricapillus,,,no,0,0,0,1,0,DM,JS,JG,,
20240229,AZ010,AZBRD010 - 20240229,Achotines ,8:54,Cathartes,aura,,,no,0,0,0,1,1,DM,JS,JG,,
20240229,AZ010,AZBRD010 - 20240229,Achotines ,8:54,Tapera,naevia,,,no,0,0,0,1,1,DM,JS,JG,,
20240229,AZ010,AZBRD010 - 20240229,Achotines ,8:54,Polioptila,bilineata,,,no,0,0,0,0,1,DM,JS,JG,,
20240229,AZ010,AZBRD010 - 20240229,Achotines ,8:54,Tyrannus,melancholicus,,,no,0,0,0,0,1,DM,JS,JG,,
20240229,AZ010,AZBRD010 - 20240229,Achotines ,8:54,Tyrannus,melancholicus,,,no,0,0,0,0,1,DM,JS,JG,,
20240229,AZ010,AZBRD010 - 20240229,Achotines ,8:54,Tyrannus,melancholicus,,,no,0,0,0,0,1,DM,JS,JG,,
20240229,AZ010,AZBRD010 - 20240229,Achotines ,9:05,Thraupis,episcopus,,,yes,,,,,,DM,JS,JG,,
20240229,AZ010,AZBRD010 - 20240229,Achotines ,9:05,Thraupis,episcopus,,,yes,,,,,,DM,JS,JG,,
20240229,AZ010,AZBRD010 - 20240229,Achotines ,9:05,Elaenia,flavogaster,,,yes,,,,,,DM,JS,JG,,
20240229,AZ010,AZBRD010 - 20240229,Achotines ,9:05,Elaenia,flavogaster,,,yes,,,,,,DM,JS,JG,,
20240229,AZ010,AZBRD010 - 20240229,Achotines ,9:05,Elaenia,flavogaster,,,yes,,,,,,DM,JS,JG,,
20240229,AZ010,AZBRD010 - 20240229,Achotines ,9:05,Elaenia,flavogaster,,,yes,,,,,,DM,JS,JG,,
20240229,AZ010,AZBRD010 - 20240229,Achotines ,9:05,Polioptila,bilineata,,,yes,,,,,,DM,JS,JG,,
20240229,AZ010,AZBRD010 - 20240229,Achotines ,9:05,Polioptila,bilineata,,,yes,,,,,,DM,JS,JG,,
20240229,AZ010,AZBRD010 - 20240229,Achotines ,9:05,Polioptila,bilineata,,,yes,,,,,,DM,JS,JG,,
20240229,AZ010,AZBRD010 - 20240229,Achotines ,9:05,Euphonia,luteicapilla,,,yes,,,,,,DM,JS,JG,,
20240229,AZ010,AZBRD010 - 20240229,Achotines ,9:05,Euphonia,luteicapilla,,,yes,,,,,,DM,JS,JG,,
20240229,AZ010,AZBRD010 - 20240229,Achotines ,9:05,Euphonia,luteicapilla,,,yes,,,,,,DM,JS,JG,,
20240229,AZ010,AZBRD010 - 20240229,Achotines ,9:05,Euphonia,luteicapilla,,,yes,,,,,,DM,JS,JG,,
20240229,AZ010,AZBRD010 - 20240229,Achotines ,9:05,Vireo,flavoviridis,,,yes,,,,,,DM,JS,JG,,
20240229,AZ010,AZBRD010 - 20240229,Achotines ,9:05,Fregata,magnificens,,,yes,,,,,,DM,JS,JG,,
20240301,AZ010,AZBRD010 - 20240301,Achotines ,6:20,Myiodynastes,maculatus,,,no,1,1,1,0,0,DM,JS,JG,,
20240301,AZ010,AZBRD010 - 20240301,Achotines ,6:20,Buteogallus,urubitinga,,,no,1,1,1,1,1,DM,JS,JG,,
20240301,AZ010,AZBRD010 - 20240301,Achotines ,6:20,Thraupis,episcopus,,,no,1,1,1,0,0,DM,JS,JG,,
20240301,AZ010,AZBRD010 - 20240301,Achotines ,6:20,Pitangus,sulphuratus,,,no,1,1,1,1,1,DM,JS,JG,,
20240301,AZ010,AZBRD010 - 20240301,Achotines ,6:20,Melanerpes,rubricapillus,,,no,1,0,1,1,1,DM,JS,JG,,
20240301,AZ010,AZBRD010 - 20240301,Achotines ,6:20,Megarynchus,pitangua,,,no,1,1,1,1,1,DM,JS,JG,,
20240301,AZ010,AZBRD010 - 20240301,Achotines ,6:20,Myiozetetes,similis,,,no,1,0,1,0,0,DM,JS,JG,,
20240301,AZ010,AZBRD010 - 20240301,Achotines ,6:20,Myiozetetes,similis,,,no,1,0,1,0,0,DM,JS,JG,,
20240301,AZ010,AZBRD010 - 20240301,Achotines ,6:20,Patagioenas,cayennensis,,,no,1,0,1,0,0,DM,JS,JG,,
20240301,AZ010,AZBRD010 - 20240301,Achotines ,6:20,Xiphorhynchus,susurrans,,,no,1,0,0,1,1,DM,JS,JG,,
20240301,AZ010,AZBRD010 - 20240301,Achotines ,6:20,Elaenia,flavogaster,,,no,1,1,1,1,1,DM,JS,JG,,
20240301,AZ010,AZBRD010 - 20240301,Achotines ,6:20,Polioptila,bilineata,,,no,0,1,1,0,0,DM,JS,JG,,
20240301,AZ010,AZBRD010 - 20240301,Achotines ,6:20,Megarynchus,pitangua,,,no,0,1,1,0,1,DM,JS,JG,,
20240301,AZ010,AZBRD010 - 20240301,Achotines ,6:20,Leptotila,verreauxi,,,no,0,1,1,0,0,DM,JS,JG,,
20240301,AZ010,AZBRD010 - 20240301,Achotines ,6:20,Euphonia,luteicapilla,,,no,0,1,1,1,0,DM,JS,JG,,
20240301,AZ010,AZBRD010 - 20240301,Achotines ,6:20,Tapera,naevia,,,no,0,0,1,1,1,DM,JS,JG,,
20240301,AZ010,AZBRD010 - 20240301,Achotines ,6:20,Daptrius,chimachima,,,no,0,0,1,0,0,DM,JS,JG,,
20240301,AZ010,AZBRD010 - 20240301,Achotines ,6:20,Melanerpes,rubricapillus,,,no,0,0,1,0,0,DM,JS,JG,,
20240301,AZ010,AZBRD010 - 20240301,Achotines ,6:20,Falco,rufigularis,,,no,0,0,0,1,1,DM,JS,JG,,
20240301,AZ010,AZBRD010 - 20240301,Achotines ,6:20,Falco,rufigularis,,,no,0,0,0,1,1,DM,JS,JG,,
20240301,AZ010,AZBRD010 - 20240301,Achotines ,6:20,Dryocopus,lineatus,,,no,0,0,0,1,0,DM,JS,JG,,
20240301,AZ010,AZBRD010 - 20240301,Achotines ,6:20,Dryocopus,lineatus,,,no,0,0,0,1,0,DM,JS,JG,,
20240301,AZ010,AZBRD010 - 20240301,Achotines ,6:20,Patagioenas,cayennensis,,,no,0,0,0,1,0,DM,JS,JG,,
20240301,AZ010,AZBRD010 - 20240301,Achotines ,6:20,Coragyps,atratus,,,no,0,0,0,0,1,DM,JS,JG,,
20240301,AZ010,AZBRD010 - 20240301,Achotines ,6:20,Vireo,flavoviridis,,,no,0,0,0,0,1,DM,JS,JG,,
20240301,AZ010,AZBRD010 - 20240301,Achotines ,6:20,Chiroxiphia,lanceolata,,,no,0,0,0,0,1,DM,JS,JG,,
20240301,AZ010,AZBRD010 - 20240301,Achotines ,6:31,Atalotriccus,pilaris,,,yes,,,,,,DM,JS,JG,,
20240301,AZ010,AZBRD010 - 20240301,Achotines ,6:31,Myiozetetes,similis,,,yes,,,,,,DM,JS,JG,,
20240301,AZ010,AZBRD010 - 20240301,Achotines ,6:31,Polioptila,bilineata,,,yes,,,,,,DM,JS,JG,,
20240301,AZ010,AZBRD010 - 20240301,Achotines ,6:31,Myiarchus,crinitus,,,yes,,,,,,DM,JS,JG,,
20240301,AZ010,AZBRD010 - 20240301,Achotines ,6:31,Leiothlypis,peregrina,,,yes,,,,,,DM,JS,JG,,
20240301,AZ007,AZBRD007 - 20240301,Achotines ,7:03,Vireo,flavoviridis,,,no,1,1,1,1,1,DM,JS,JG,,
20240301,AZ007,AZBRD007 - 20240301,Achotines ,7:03,Atalotriccus,pilaris,,,no,1,0,1,1,1,DM,JS,JG,,
20240301,AZ007,AZBRD007 - 20240301,Achotines ,7:03,Thamnophilus,doliatus,,,no,1,0,1,1,1,DM,JS,JG,,
20240301,AZ007,AZBRD007 - 20240301,Achotines ,7:03,Leptotila,verreauxi,,,no,1,1,0,0,0,DM,JS,JG,,
20240301,AZ007,AZBRD007 - 20240301,Achotines ,7:03,Chiroxiphia,lanceolata,,,no,1,0,0,0,0,DM,JS,JG,,
20240301,AZ007,AZBRD007 - 20240301,Achotines ,7:03,Tapera,naevia,,,no,1,1,1,1,1,DM,JS,JG,,
20240301,AZ007,AZBRD007 - 20240301,Achotines ,7:03,Myiodynastes,maculatus,,,no,0,1,0,1,1,DM,JS,JG,,
20240301,AZ007,AZBRD007 - 20240301,Achotines ,7:03,Chiroxiphia,lanceolata,,,no,0,1,0,0,0,DM,JS,JG,,
20240301,AZ007,AZBRD007 - 20240301,Achotines ,7:03,Leptotila,verreauxi,,,no,0,1,1,0,0,DM,JS,JG,,
20240301,AZ007,AZBRD007 - 20240301,Achotines ,7:03,Myiozetetes,similis,,,no,0,0,1,0,0,DM,JS,JG,,
20240301,AZ007,AZBRD007 - 20240301,Achotines ,7:03,Polioptila,bilineata,,,no,0,0,1,1,0,DM,JS,JG,,
20240301,AZ007,AZBRD007 - 20240301,Achotines ,7:03,Pitangus,sulphuratus,,,no,0,0,0,1,0,DM,JS,JG,,
20240301,AZ007,AZBRD007 - 20240301,Achotines ,7:03,Euphonia,luteicapilla,,,no,0,0,0,1,0,DM,JS,JG,,
20240301,AZ007,AZBRD007 - 20240301,Achotines ,7:03,Tolmomyias,sulphurescens,,,no,0,0,0,0,1,DM,JS,JG,,
20240301,AZ007,AZBRD007 - 20240301,Achotines ,7:14,Tolmomyias,sulphurescens,,,yes,,,,,,DM,JS,JG,,
20240301,AZ007,AZBRD007 - 20240301,Achotines ,7:14,Myiodynastes,maculatus,,,yes,,,,,,DM,JS,JG,,
20240301,AZ007,AZBRD007 - 20240301,Achotines ,7:14,Chlorostilbon,assimilis,,,yes,,,,,,DM,JS,JG,,
20240301,AZ007,AZBRD007 - 20240301,Achotines ,7:14,Phaethornis,striigularis,,,yes,,,,,,DM,JS,JG,,
20240301,AZ007,AZBRD007 - 20240301,Achotines ,7:14,Atalotriccus,pilaris,,,yes,,,,,,DM,JS,JG,,
20240301,AZ007,AZBRD007 - 20240301,Achotines ,7:14,Thryophilus,rufalbus,,,yes,,,,,,DM,JS,JG,,
20240301,AZ007,AZBRD007 - 20240301,Achotines ,7:14,Myiarchus,crinitus,,,yes,,,,,,DM,JS,JG,,
20240301,AZ007,AZBRD007 - 20240301,Achotines ,7:14,Pachysylvia,decurtata,,,yes,,,,,,DM,JS,JG,,
20240301,AZ007,AZBRD007 - 20240301,Achotines ,7:14,Polioptila,bilineata,,,yes,,,,,,DM,JS,JG,,
20240301,AZ007,AZBRD007 - 20240301,Achotines ,7:14,Chiroxiphia,lanceolata,,,yes,,,,,,DM,JS,JG,,
20240301,AZ007,AZBRD007 - 20240301,Achotines ,7:14,Myiarchus,crinitus,,,yes,,,,,,DM,JS,JG,,
20240301,AZ007,AZBRD007 - 20240301,Achotines ,7:14,Polioptila,bilineata,,,yes,,,,,,DM,JS,JG,,
20240301,AZ007,AZBRD007 - 20240301,Achotines ,7:14,Vireo,flavifrons,,,yes,,,,,,DM,JS,JG,,
20240301,AZ007,AZBRD007 - 20240301,Achotines ,7:14,Thryophilus,rufalbus,,,yes,,,,,,DM,JS,JG,,
20240301,AZ007,AZBRD007 - 20240301,Achotines ,7:14,Tolmomyias,sulphurescens,,,yes,,,,,,DM,JS,JG,,
20240301,AZ006,AZBRD006 - 20240301,Achotines ,7:35,Chiroxiphia,lanceolata,,,no,1,1,1,1,1,DM,JS,JG,,
20240301,AZ006,AZBRD006 - 20240301,Achotines ,7:35,Tapera,naevia,,,no,1,1,1,0,0,DM,JS,JG,,
20240301,AZ006,AZBRD006 - 20240301,Achotines ,7:35,Leptotila,verreauxi,,,no,0,1,1,1,0,DM,JS,JG,,
20240301,AZ006,AZBRD006 - 20240301,Achotines ,7:35,Chiroxiphia,lanceolata,,,no,0,1,1,1,1,DM,JS,JG,,
20240301,AZ006,AZBRD006 - 20240301,Achotines ,7:35,Cathartes,aura,,,no,0,1,0,0,0,DM,JS,JG,,
20240301,AZ006,AZBRD006 - 20240301,Achotines ,7:35,Thryophilus,rufalbus,,,no,0,0,1,0,0,DM,JS,JG,,
20240301,AZ006,AZBRD006 - 20240301,Achotines ,7:35,Myiarchus,crinitus,,,no,0,0,1,1,0,DM,JS,JG,,
20240301,AZ006,AZBRD006 - 20240301,Achotines ,7:35,Atalotriccus,pilaris,,,no,0,0,1,0,0,DM,JS,JG,,
20240301,AZ006,AZBRD006 - 20240301,Achotines ,7:35,Ortalis,cinereiceps,,,no,0,0,0,1,0,DM,JS,JG,,
20240301,AZ006,AZBRD006 - 20240301,Achotines ,7:35,Ortalis,cinereiceps,,,no,0,0,0,1,0,DM,JS,JG,,
20240301,AZ006,AZBRD006 - 20240301,Achotines ,7:35,Ortalis,cinereiceps,,,no,0,0,0,1,0,DM,JS,JG,,
20240301,AZ006,AZBRD006 - 20240301,Achotines ,7:35,Brotogeris,jugularis,,,no,0,0,0,1,1,DM,JS,JG,,
20240301,AZ006,AZBRD006 - 20240301,Achotines ,7:35,Amazona,ochrocephala,,,no,0,0,0,1,0,DM,JS,JG,,
20240301,AZ006,AZBRD006 - 20240301,Achotines ,7:35,Tyrannus,melancholicus,,,no,0,0,0,0,1,DM,JS,JG,,
20240301,AZ006,AZBRD006 - 20240301,Achotines ,7:35,Euphonia,luteicapilla,,,no,0,0,0,0,1,DM,JS,JG,,
20240301,AZ006,AZBRD006 - 20240301,Achotines ,7:35,Buteogallus,urubitinga,,,no,0,0,0,0,1,DM,JS,JG,,
20240301,AZ006,AZBRD006 - 20240301,Achotines ,7:46,Atalotriccus,pilaris,,,yes,,,,,,DM,JS,JG,,
20240301,AZ006,AZBRD006 - 20240301,Achotines ,7:46,Atalotriccus,pilaris,,,yes,,,,,,DM,JS,JG,,
20240301,AZ006,AZBRD006 - 20240301,Achotines ,7:46,Atalotriccus,pilaris,,,yes,,,,,,DM,JS,JG,,
20240301,AZ006,AZBRD006 - 20240301,Achotines ,7:46,Amazilia,tzacatl,,,yes,,,,,,DM,JS,JG,,
20240301,AZ006,AZBRD006 - 20240301,Achotines ,7:46,Amazilia,tzacatl,,,yes,,,,,,DM,JS,JG,,
20240301,AZ006,AZBRD006 - 20240301,Achotines ,7:46,Polioptila,bilineata,,,yes,,,,,,DM,JS,JG,,
20240301,AZ006,AZBRD006 - 20240301,Achotines ,7:46,Polioptila,bilineata,,,yes,,,,,,DM,JS,JG,,
20240301,AZ006,AZBRD006 - 20240301,Achotines ,7:46,Polioptila,bilineata,,,yes,,,,,,DM,JS,JG,,
20240301,AZ006,AZBRD006 - 20240301,Achotines ,7:46,Myiarchus,crinitus,,,yes,,,,,,DM,JS,JG,,
20240301,AZ006,AZBRD006 - 20240301,Achotines ,7:46,Vireo,flavifrons,,,yes,,,,,,DM,JS,JG,,
20240301,AZ006,AZBRD006 - 20240301,Achotines ,7:46,Glaucidium,brasilianum,,,yes,,,,,,DM,JS,JG,,
20240301,AZ009,AZBRD009 - 20240301,Achotines ,8:16,Myiodynastes,maculatus,,,no,1,1,1,1,1,DM,JS,JG,,
20240301,AZ009,AZBRD009 - 20240301,Achotines ,8:16,Myiodynastes,maculatus,,,no,1,1,1,1,1,DM,JS,JG,,
20240301,AZ009,AZBRD009 - 20240301,Achotines ,8:16,Vireo,flavoviridis,,,no,1,1,1,1,0,DM,JS,JG,,
20240301,AZ009,AZBRD009 - 20240301,Achotines ,8:16,Brotogeris,jugularis,,,no,1,0,0,0,0,DM,JS,JG,,
20240301,AZ009,AZBRD009 - 20240301,Achotines ,8:16,Atalotriccus,pilaris,,,no,1,1,1,0,0,DM,JS,JG,,
20240301,AZ009,AZBRD009 - 20240301,Achotines ,8:16,Atalotriccus,pilaris,,,no,1,1,1,0,0,DM,JS,JG,,
20240301,AZ009,AZBRD009 - 20240301,Achotines ,8:16,Chiroxiphia,lanceolata,,,no,1,1,1,0,0,DM,JS,JG,,
20240301,AZ009,AZBRD009 - 20240301,Achotines ,8:16,Chiroxiphia,lanceolata,,,no,1,1,1,0,0,DM,JS,JG,,
20240301,AZ009,AZBRD009 - 20240301,Achotines ,8:16,Pitangus,sulphuratus,,,no,1,1,1,0,0,DM,JS,JG,,
20240301,AZ009,AZBRD009 - 20240301,Achotines ,8:16,Pitangus,sulphuratus,,,no,1,1,1,0,0,DM,JS,JG,,
20240301,AZ009,AZBRD009 - 20240301,Achotines ,8:16,Melanerpes,rubricapillus,,,no,0,1,1,1,1,DM,JS,JG,,
20240301,AZ009,AZBRD009 - 20240301,Achotines ,8:16,Tapera,naevia,,,no,0,1,0,1,0,DM,JS,JG,,
20240301,AZ009,AZBRD009 - 20240301,Achotines ,8:16,Tityra,semifasciata,,,no,0,1,0,0,0,DM,JS,JG,,
20240301,AZ009,AZBRD009 - 20240301,Achotines ,8:16,Tityra,semifasciata,,,no,0,1,0,0,0,DM,JS,JG,,
20240301,AZ009,AZBRD009 - 20240301,Achotines ,8:16,Tyrannus,melancholicus,,,no,0,1,1,0,0,DM,JS,JG,,
20240301,AZ009,AZBRD009 - 20240301,Achotines ,8:16,Camptostoma,obsoletum,,,no,0,1,0,0,0,DM,JS,JG,,
20240301,AZ009,AZBRD009 - 20240301,Achotines ,8:16,Leptotila,verreauxi,,,no,0,1,1,0,0,DM,JS,JG,,
20240301,AZ009,AZBRD009 - 20240301,Achotines ,8:16,Megarynchus,pitangua,,,no,0,0,1,1,1,DM,JS,JG,,
20240301,AZ009,AZBRD009 - 20240301,Achotines ,8:16,Thamnophilus,doliatus,,,no,0,0,0,0,1,DM,JS,JG,,
20240301,AZ009,AZBRD009 - 20240301,Achotines ,8:27,Cathartes,aura,,,yes,,,,,,DM,JS,JG,,
20240301,AZ009,AZBRD009 - 20240301,Achotines ,8:27,Vireo,flavifrons,,,yes,,,,,,DM,JS,JG,,
20240301,AZ009,AZBRD009 - 20240301,Achotines ,8:27,Atalotriccus,pilaris,,,yes,,,,,,DM,JS,JG,,
20240301,AZ009,AZBRD009 - 20240301,Achotines ,8:27,Myiarchus,crinitus,,,yes,,,,,,DM,JS,JG,,
20240301,AZ009,AZBRD009 - 20240301,Achotines ,8:27,Myiarchus,crinitus,,,yes,,,,,,DM,JS,JG,,
20240301,AZ009,AZBRD009 - 20240301,Achotines ,8:27,Tolmomyias,sulphurescens,,,yes,,,,,,DM,JS,JG,,
20240301,AZ008,AZBRD008 - 20240301,Achotines ,8:45,Leptotila,verreauxi,,,no,1,1,1,1,1,DM,JS,JG,,
20240301,AZ008,AZBRD008 - 20240301,Achotines ,8:45,Atalotriccus,pilaris,,,no,1,0,0,0,1,DM,JS,JG,,
20240301,AZ008,AZBRD008 - 20240301,Achotines ,8:45,Chiroxiphia,lanceolata,,,no,0,1,1,0,0,DM,JS,JG,,
20240301,AZ008,AZBRD008 - 20240301,Achotines ,8:45,Leptotila,verreauxi,,,no,0,0,1,1,1,DM,JS,JG,,
20240301,AZ008,AZBRD008 - 20240301,Achotines ,8:45,Elaenia,flavogaster,,,no,0,0,0,0,1,DM,JS,JG,,
20240301,AZ008,AZBRD008 - 20240301,Achotines ,8:45,Vireo,flavoviridis,,,no,0,0,0,0,1,DM,JS,JG,,
20240301,AZ008,AZBRD008 - 20240301,Achotines ,8:45,Leptotila,verreauxi,,,no,0,0,0,0,1,DM,JS,JG,,
20240301,AZ008,AZBRD008 - 20240301,Achotines ,8:45,Leptotila,verreauxi,,,no,0,0,0,0,1,DM,JS,JG,,
20240301,AZ008,AZBRD008 - 20240301,Achotines ,8:56,Atalotriccus,pilaris,,,yes,,,,,,DM,JS,JG,,
20240301,AZ008,AZBRD008 - 20240301,Achotines ,8:56,Atalotriccus,pilaris,,,yes,,,,,,DM,JS,JG,,
20240301,AZ008,AZBRD008 - 20240301,Achotines ,8:56,Thamnophilus,doliatus,,,yes,,,,,,DM,JS,JG,,
20240301,AZ008,AZBRD008 - 20240301,Achotines ,8:56,Thamnophilus,doliatus,,,yes,,,,,,DM,JS,JG,,
20240301,AZ008,AZBRD008 - 20240301,Achotines ,8:56,Glaucidium,brasilianum,,,yes,,,,,,DM,JS,JG,,
20240301,AZ008,AZBRD008 - 20240301,Achotines ,8:56,Protonotaria,citrea,,,yes,,,,,,DM,JS,JG,,
20240301,AZ008,AZBRD008 - 20240301,Achotines ,8:56,Protonotaria,citrea,,,yes,,,,,,DM,JS,JG,,
20240301,AZ008,AZBRD008 - 20240301,Achotines ,8:56,Myiodynastes,maculatus,,,yes,,,,,,DM,JS,JG,,
20240304,AZ011,AZBRD011 - 20240304,Finca Ruiz,6:20,Tyrannulus,elatus,,,no,1,1,1,1,1,DM,JS,JG,,
20240304,AZ011,AZBRD011 - 20240304,Finca Ruiz,6:20,Thamnophilus,doliatus,,,no,1,1,1,1,1,DM,JS,JG,,
20240304,AZ011,AZBRD011 - 20240304,Finca Ruiz,6:20,Tyrannus,melancholicus,,,no,1,1,1,1,1,DM,JS,JG,,
20240304,AZ011,AZBRD011 - 20240304,Finca Ruiz,6:20,Thamnophilus,doliatus,,,no,1,1,1,1,1,DM,JS,JG,,
20240304,AZ011,AZBRD011 - 20240304,Finca Ruiz,6:20,Pitangus,sulphuratus,,,no,1,1,1,1,1,DM,JS,JG,,
20240304,AZ011,AZBRD011 - 20240304,Finca Ruiz,6:20,Elaenia,flavogaster,,,no,1,1,1,0,0,DM,JS,JG,,
20240304,AZ011,AZBRD011 - 20240304,Finca Ruiz,6:20,Tapera,naevia,,,no,1,1,1,1,1,DM,JS,JG,,
20240304,AZ011,AZBRD011 - 20240304,Finca Ruiz,6:20,Euphonia,luteicapilla,,,no,1,1,1,1,1,DM,JS,JG,,
20240304,AZ011,AZBRD011 - 20240304,Finca Ruiz,6:20,Patagioenas,cayennensis,,,no,1,1,1,1,1,DM,JS,JG,,
20240304,AZ011,AZBRD011 - 20240304,Finca Ruiz,6:20,Brotogeris,jugularis,,,no,0,1,1,0,0,DM,JS,JG,,
20240304,AZ011,AZBRD011 - 20240304,Finca Ruiz,6:20,Pitangus,sulphuratus,,,no,0,1,1,1,1,DM,JS,JG,,
20240304,AZ011,AZBRD011 - 20240304,Finca Ruiz,6:20,Melanerpes,rubricapillus,,,no,0,1,1,0,0,DM,JS,JG,,
20240304,AZ011,AZBRD011 - 20240304,Finca Ruiz,6:20,Melanerpes,rubricapillus,,,no,0,1,1,0,0,DM,JS,JG,,
20240304,AZ011,AZBRD011 - 20240304,Finca Ruiz,6:20,Amazilia,tzacatl,,,no,0,1,1,0,0,DM,JS,JG,,
20240304,AZ011,AZBRD011 - 20240304,Finca Ruiz,6:20,Patagioenas,cayennensis,,,no,0,1,1,1,1,DM,JS,JG,,
20240304,AZ011,AZBRD011 - 20240304,Finca Ruiz,6:20,Troglodytes,aedon,,,no,0,0,1,0,1,DM,JS,JG,,
20240304,AZ011,AZBRD011 - 20240304,Finca Ruiz,6:20,Myiozetetes,similis,,,no,0,0,1,1,1,DM,JS,JG,,
20240304,AZ011,AZBRD011 - 20240304,Finca Ruiz,6:20,Patagioenas,cayennensis,,,no,0,0,0,1,0,DM,JS,JG,,
20240304,AZ011,AZBRD011 - 20240304,Finca Ruiz,6:20,Patagioenas,cayennensis,,,no,0,0,0,1,0,DM,JS,JG,,
20240304,AZ011,AZBRD011 - 20240304,Finca Ruiz,6:20,Chiroxiphia,lanceolata,,,no,0,0,0,1,1,DM,JS,JG,,
20240304,AZ011,AZBRD011 - 20240304,Finca Ruiz,6:20,Thryophilus,rufalbus,,,no,0,0,0,1,1,DM,JS,JG,,
20240304,AZ011,AZBRD011 - 20240304,Finca Ruiz,6:20,Cyclarhis,gujanensis,,,no,0,0,0,0,1,DM,JS,JG,,
20240304,AZ011,AZBRD011 - 20240304,Finca Ruiz,6:20,Rupornis,magnirostris,,,no,0,0,0,0,1,DM,JS,JG,,
20240304,AZ011,AZBRD011 - 20240304,Finca Ruiz,6:31,Saucerottia,edward,,,yes,,,,,,DM,JS,JG,,
20240304,AZ011,AZBRD011 - 20240304,Finca Ruiz,6:31,Chrysuronia,coeruleogularis,,,yes,,,,,,DM,JS,JG,,
20240304,AZ011,AZBRD011 - 20240304,Finca Ruiz,6:31,Tyrannulus,elatus,,,yes,,,,,,DM,JS,JG,,
20240304,AZ011,AZBRD011 - 20240304,Finca Ruiz,6:31,Troglodytes,aedon,,,yes,,,,,,DM,JS,JG,,
20240304,AZ011,AZBRD011 - 20240304,Finca Ruiz,6:31,Myiozetetes,similis,,,yes,,,,,,DM,JS,JG,,
20240304,AZ011,AZBRD011 - 20240304,Finca Ruiz,6:31,Piranga,rubra,,,yes,,,,,,DM,JS,JG,,
20240304,AZ011,AZBRD011 - 20240304,Finca Ruiz,6:31,Camptostoma,obsoletum,,,yes,,,,,,DM,JS,JG,,
20240304,AZ011,AZBRD011 - 20240304,Finca Ruiz,6:31,Vireo,flavifrons,,,yes,,,,,,DM,JS,JG,,
20240304,AZ011,AZBRD011 - 20240304,Finca Ruiz,6:31,Setophaga,petechia,,,yes,,,,,,DM,JS,JG,,
20240304,AZ011,AZBRD011 - 20240304,Finca Ruiz,6:31,Setophaga,petechia,,,yes,,,,,,DM,JS,JG,,
20240304,AZ011,AZBRD011 - 20240304,Finca Ruiz,6:31,Troglodytes,aedon,,,yes,,,,,,DM,JS,JG,,
20240304,AZ012,AZBRD012 - 20240304,Finca Ruiz,6:56,Tapera,naevia,,,no,1,1,1,1,1,DM,JS,JG,,
20240304,AZ012,AZBRD012 - 20240304,Finca Ruiz,6:56,Pitangus,sulphuratus,,,no,1,1,1,1,1,DM,JS,JG,,
20240304,AZ012,AZBRD012 - 20240304,Finca Ruiz,6:56,Pitangus,sulphuratus,,,no,1,1,1,1,1,DM,JS,JG,,
20240304,AZ012,AZBRD012 - 20240304,Finca Ruiz,6:56,Tyrannus,savana,,,no,1,1,1,1,0,DM,JS,JG,,
20240304,AZ012,AZBRD012 - 20240304,Finca Ruiz,6:56,Thamnophilus,doliatus,,,no,1,1,1,1,1,DM,JS,JG,,
20240304,AZ012,AZBRD012 - 20240304,Finca Ruiz,6:56,Thamnophilus,doliatus,,,no,1,1,1,1,1,DM,JS,JG,,
20240304,AZ012,AZBRD012 - 20240304,Finca Ruiz,6:56,Vireo,flavoviridis,,,no,1,1,1,1,1,DM,JS,JG,,
20240304,AZ012,AZBRD012 - 20240304,Finca Ruiz,6:56,Thryophilus,rufalbus,,,no,1,1,1,1,0,DM,JS,JG,,
20240304,AZ012,AZBRD012 - 20240304,Finca Ruiz,6:56,Cyclarhis,gujanensis,,,no,1,1,1,0,1,DM,JS,JG,,
20240304,AZ012,AZBRD012 - 20240304,Finca Ruiz,6:56,Brotogeris,jugularis,,,no,1,0,0,0,0,DM,JS,JG,,
20240304,AZ012,AZBRD012 - 20240304,Finca Ruiz,6:56,Tyrannus,savana,,,no,0,1,1,0,0,DM,JS,JG,,
20240304,AZ012,AZBRD012 - 20240304,Finca Ruiz,6:56,Atalotriccus,pilaris,,,no,0,1,0,0,0,DM,JS,JG,,
20240304,AZ012,AZBRD012 - 20240304,Finca Ruiz,6:56,Melanerpes,rubricapillus,,,no,0,1,0,0,0,DM,JS,JG,,
20240304,AZ012,AZBRD012 - 20240304,Finca Ruiz,6:56,Melanerpes,rubricapillus,,,no,0,1,0,0,0,DM,JS,JG,,
20240304,AZ012,AZBRD012 - 20240304,Finca Ruiz,6:56,Chiroxiphia,lanceolata,,,no,0,1,0,0,1,DM,JS,JG,,
20240304,AZ012,AZBRD012 - 20240304,Finca Ruiz,6:56,Myiozetetes,similis,,,no,0,1,0,0,0,DM,JS,JG,,
20240304,AZ012,AZBRD012 - 20240304,Finca Ruiz,6:56,Myiozetetes,similis,,,no,0,1,0,0,0,DM,JS,JG,,
20240304,AZ012,AZBRD012 - 20240304,Finca Ruiz,6:56,Euphonia,luteicapilla,,,no,0,0,1,0,0,DM,JS,JG,,
20240304,AZ012,AZBRD012 - 20240304,Finca Ruiz,6:56,Euphonia,luteicapilla,,,no,0,0,1,0,0,DM,JS,JG,,
20240304,AZ012,AZBRD012 - 20240304,Finca Ruiz,6:56,Eupsittula,pertinax,,,no,0,0,1,0,0,DM,JS,JG,,
20240304,AZ012,AZBRD012 - 20240304,Finca Ruiz,6:56,Elaenia,flavogaster,,,no,0,0,1,0,1,DM,JS,JG,,
20240304,AZ012,AZBRD012 - 20240304,Finca Ruiz,6:56,Amazona,autumnalis,,,no,0,0,0,1,0,DM,JS,JG,,
20240304,AZ012,AZBRD012 - 20240304,Finca Ruiz,6:56,Amazona,autumnalis,,,no,0,0,0,1,0,DM,JS,JG,,
20240304,AZ012,AZBRD012 - 20240304,Finca Ruiz,6:56,Columbina,inca,,,no,0,0,0,1,1,DM,JS,JG,,
20240304,AZ012,AZBRD012 - 20240304,Finca Ruiz,6:56,Columbina,inca,,,no,0,0,0,1,1,DM,JS,JG,,
20240304,AZ012,AZBRD012 - 20240304,Finca Ruiz,6:56,Chiroxiphia,lanceolata,,,no,0,0,0,0,1,DM,JS,JG,,
20240304,AZ012,AZBRD012 - 20240304,Finca Ruiz,7:04,Tyrannulus,elatus,,,yes,,,,,,DM,JS,JG,,
20240304,AZ012,AZBRD012 - 20240304,Finca Ruiz,7:04,Tyrannulus,elatus,,,yes,,,,,,DM,JS,JG,,
20240304,AZ012,AZBRD012 - 20240304,Finca Ruiz,7:04,Chlorostilbon,assimilis,,,yes,,,,,,DM,JS,JG,,
20240304,AZ012,AZBRD012 - 20240304,Finca Ruiz,7:04,Chlorostilbon,assimilis,,,yes,,,,,,DM,JS,JG,,
20240304,AZ012,AZBRD012 - 20240304,Finca Ruiz,7:04,Thamnophilus,doliatus,,,yes,,,,,,DM,JS,JG,,
20240304,AZ012,AZBRD012 - 20240304,Finca Ruiz,7:04,Thamnophilus,doliatus,,,yes,,,,,,DM,JS,JG,,
20240304,AZ012,AZBRD012 - 20240304,Finca Ruiz,7:04,Myiodynastes,maculatus,,,yes,,,,,,DM,JS,JG,,
20240304,AZ012,AZBRD012 - 20240304,Finca Ruiz,7:04,Tolmomyias,sulphurescens,,,yes,,,,,,DM,JS,JG,,
20240304,AZ012,AZBRD012 - 20240304,Finca Ruiz,7:04,Thryophilus,rufalbus,,,yes,,,,,,DM,JS,JG,,
20240304,AZ012,AZBRD012 - 20240304,Finca Ruiz,7:04,Saucerottia,edward,,,yes,,,,,,DM,JS,JG,,
20240304,AZ012,AZBRD012 - 20240304,Finca Ruiz,7:04,Volatinia,jacarina,,,yes,,,,,,DM,JS,JG,,
20240304,AZ012,AZBRD012 - 20240304,Finca Ruiz,7:04,Volatinia,jacarina,,,yes,,,,,,DM,JS,JG,,
20240304,AZ012,AZBRD012 - 20240304,Finca Ruiz,7:04,Volatinia,jacarina,,,yes,,,,,,DM,JS,JG,,
20240304,AZ012,AZBRD012 - 20240304,Finca Ruiz,7:04,Euphonia,luteicapilla,,,yes,,,,,,DM,JS,JG,,
20240304,AZ012,AZBRD012 - 20240304,Finca Ruiz,7:04,Euphonia,luteicapilla,,,yes,,,,,,DM,JS,JG,,
20240304,AZ012,AZBRD012 - 20240304,Finca Ruiz,7:04,Euphonia,luteicapilla,,,yes,,,,,,DM,JS,JG,,
20240304,AZ012,AZBRD012 - 20240304,Finca Ruiz,7:04,Euphonia,luteicapilla,,,yes,,,,,,DM,JS,JG,,
20240304,AZ012,AZBRD012 - 20240304,Finca Ruiz,7:04,Vireo,flavoviridis,,,yes,,,,,,DM,JS,JG,,
20240304,AZ012,AZBRD012 - 20240304,Finca Ruiz,7:04,Vireo,flavoviridis,,,yes,,,,,,DM,JS,JG,,
20240304,AZ012,AZBRD012 - 20240304,Finca Ruiz,7:04,Myiozetetes,similis,,,yes,,,,,,DM,JS,JG,,
20240304,AZ012,AZBRD012 - 20240304,Finca Ruiz,7:04,Myiozetetes,similis,,,yes,,,,,,DM,JS,JG,,
20240304,AZ014,AZBRD014 - 20240304,Finca Ruiz,7:19,Cyclarhis,gujanensis,,,no,1,1,1,1,1,DM,JS,JG,,
20240304,AZ014,AZBRD014 - 20240304,Finca Ruiz,7:19,Hylophilus,flavipes,,,no,1,1,1,0,1,DM,JS,JG,,
20240304,AZ014,AZBRD014 - 20240304,Finca Ruiz,7:19,Euphonia,luteicapilla,,,no,1,1,1,1,1,DM,JS,JG,,
20240304,AZ014,AZBRD014 - 20240304,Finca Ruiz,7:19,Euphonia,luteicapilla,,,no,1,1,1,1,1,DM,JS,JG,,
20240304,AZ014,AZBRD014 - 20240304,Finca Ruiz,7:19,Tyrannulus,elatus,,,no,1,1,1,1,1,DM,JS,JG,,
20240304,AZ014,AZBRD014 - 20240304,Finca Ruiz,7:19,Thryophilus,rufalbus,,,no,1,1,1,1,1,DM,JS,JG,,
20240304,AZ014,AZBRD014 - 20240304,Finca Ruiz,7:19,Atalotriccus,pilaris,,,no,1,1,1,0,0,DM,JS,JG,,
20240304,AZ014,AZBRD014 - 20240304,Finca Ruiz,7:19,Elaenia,flavogaster,,,no,1,1,1,0,0,DM,JS,JG,,
20240304,AZ014,AZBRD014 - 20240304,Finca Ruiz,7:19,Pitangus,sulphuratus,,,no,0,1,1,1,1,DM,JS,JG,,
20240304,AZ014,AZBRD014 - 20240304,Finca Ruiz,7:19,Myiozetetes,similis,,,no,0,1,1,1,1,DM,JS,JG,,
20240304,AZ014,AZBRD014 - 20240304,Finca Ruiz,7:19,Polioptila,bilineata,,,no,0,1,1,0,0,DM,JS,JG,,
20240304,AZ014,AZBRD014 - 20240304,Finca Ruiz,7:19,Melanerpes,rubricapillus,,,no,0,1,1,0,0,DM,JS,JG,,
20240304,AZ014,AZBRD014 - 20240304,Finca Ruiz,7:19,Thamnophilus,doliatus,,,no,0,1,1,0,1,DM,JS,JG,,
20240304,AZ014,AZBRD014 - 20240304,Finca Ruiz,7:19,Thamnophilus,doliatus,,,no,0,1,1,0,1,DM,JS,JG,,
20240304,AZ014,AZBRD014 - 20240304,Finca Ruiz,7:19,Leptotila,verreauxi,,,no,0,0,1,0,1,DM,JS,JG,,
20240304,AZ014,AZBRD014 - 20240304,Finca Ruiz,7:19,Euphonia,luteicapilla,,,no,0,0,1,1,1,DM,JS,JG,,
20240304,AZ014,AZBRD014 - 20240304,Finca Ruiz,7:19,Chiroxiphia,lanceolata,,,no,0,0,1,1,1,DM,JS,JG,,
20240304,AZ014,AZBRD014 - 20240304,Finca Ruiz,7:19,Patagioenas,cayennensis,,,no,0,0,0,1,1,DM,JS,JG,,
20240304,AZ014,AZBRD014 - 20240304,Finca Ruiz,7:19,Pitangus,sulphuratus,,,no,0,0,0,1,0,DM,JS,JG,,
20240304,AZ014,AZBRD014 - 20240304,Finca Ruiz,7:19,Tyrannus,melancholicus,,,no,0,0,0,0,1,DM,JS,JG,,
20240304,AZ014,AZBRD014 - 20240304,Finca Ruiz,7:19,Melanerpes,rubricapillus,,,no,0,0,0,0,1,DM,JS,JG,,
20240304,AZ014,AZBRD014 - 20240304,Finca Ruiz,7:19,Psarocolius,decumanus,,,no,0,0,0,0,1,DM,JS,JG,,
20240304,AZ014,AZBRD014 - 20240304,Finca Ruiz,7:31,Piranga,rubra,,,yes,,,,,,DM,JS,JG,,
20240304,AZ014,AZBRD014 - 20240304,Finca Ruiz,7:31,Tyrannulus,elatus,,,yes,,,,,,DM,JS,JG,,
20240304,AZ014,AZBRD014 - 20240304,Finca Ruiz,7:31,Tyrannulus,elatus,,,yes,,,,,,DM,JS,JG,,
20240304,AZ014,AZBRD014 - 20240304,Finca Ruiz,7:31,Tyrannulus,elatus,,,yes,,,,,,DM,JS,JG,,
20240304,AZ014,AZBRD014 - 20240304,Finca Ruiz,7:31,Myiarchus,panamensis,,,yes,,,,,,DM,JS,JG,,
20240304,AZ014,AZBRD014 - 20240304,Finca Ruiz,7:31,Myiarchus,panamensis,,,yes,,,,,,DM,JS,JG,,
20240304,AZ014,AZBRD014 - 20240304,Finca Ruiz,7:31,Myiozetetes,similis,,,yes,,,,,,DM,JS,JG,,
20240304,AZ014,AZBRD014 - 20240304,Finca Ruiz,7:31,Myiozetetes,similis,,,yes,,,,,,DM,JS,JG,,
20240304,AZ014,AZBRD014 - 20240304,Finca Ruiz,7:31,Myiozetetes,similis,,,yes,,,,,,DM,JS,JG,,
20240304,AZ014,AZBRD014 - 20240304,Finca Ruiz,7:31,Euphonia,luteicapilla,,,yes,,,,,,DM,JS,JG,,
20240304,AZ014,AZBRD014 - 20240304,Finca Ruiz,7:31,Euphonia,luteicapilla,,,yes,,,,,,DM,JS,JG,,
20240304,AZ014,AZBRD014 - 20240304,Finca Ruiz,7:31,Euphonia,luteicapilla,,,yes,,,,,,DM,JS,JG,,
20240304,AZ014,AZBRD014 - 20240304,Finca Ruiz,7:31,Euphonia,luteicapilla,,,yes,,,,,,DM,JS,JG,,
20240304,AZ014,AZBRD014 - 20240304,Finca Ruiz,7:31,Euphonia,luteicapilla,,,yes,,,,,,DM,JS,JG,,
20240304,AZ014,AZBRD014 - 20240304,Finca Ruiz,7:31,Euphonia,luteicapilla,,,yes,,,,,,DM,JS,JG,,
20240304,AZ014,AZBRD014 - 20240304,Finca Ruiz,7:31,Euphonia,luteicapilla,,,yes,,,,,,DM,JS,JG,,
20240304,AZ014,AZBRD014 - 20240304,Finca Ruiz,7:31,Euphonia,luteicapilla,,,yes,,,,,,DM,JS,JG,,
20240304,AZ014,AZBRD014 - 20240304,Finca Ruiz,7:31,Euphonia,luteicapilla,,,yes,,,,,,DM,JS,JG,,
20240304,AZ014,AZBRD014 - 20240304,Finca Ruiz,7:31,Euphonia,luteicapilla,,,yes,,,,,,DM,JS,JG,,
20240304,AZ014,AZBRD014 - 20240304,Finca Ruiz,7:31,Brotogeris,jugularis,,,yes,,,,,,DM,JS,JG,,
20240304,AZ014,AZBRD014 - 20240304,Finca Ruiz,7:31,Amazilia,tzacatl,,,yes,,,,,,DM,JS,JG,,
20240304,AZ014,AZBRD014 - 20240304,Finca Ruiz,7:31,Tyrannulus,elatus,,,yes,,,,,,DM,JS,JG,,
20240304,AZ014,AZBRD014 - 20240304,Finca Ruiz,7:31,Tyrannulus,elatus,,,yes,,,,,,DM,JS,JG,,
20240304,AZ014,AZBRD014 - 20240304,Finca Ruiz,7:31,Thraupis,episcopùs,,,yes,,,,,,DM,JS,JG,,
20240304,AZ014,AZBRD014 - 20240304,Finca Ruiz,7:31,Thraupis,episcopùs,,,yes,,,,,,DM,JS,JG,,
20240304,AZ014,AZBRD014 - 20240304,Finca Ruiz,7:31,Thraupis,episcopùs,,,yes,,,,,,DM,JS,JG,,
20240304,AZ014,AZBRD014 - 20240304,Finca Ruiz,7:31,Amazilia,tzacatl,,,yes,,,,,,DM,JS,JG,,
20240304,AZ014,AZBRD014 - 20240304,Finca Ruiz,7:31,Thryophilus,rufalbus,,,yes,,,,,,DM,JS,JG,,
20240304,AZ014,AZBRD014 - 20240304,Finca Ruiz,7:31,Thryophilus,rufalbus,,,yes,,,,,,DM,JS,JG,,
20240304,AZ014,AZBRD014 - 20240304,Finca Ruiz,7:31,Thryophilus,rufalbus,,,yes,,,,,,DM,JS,JG,,
20240304,AZ014,AZBRD014 - 20240304,Finca Ruiz,7:31,Elaenia,flavogaster,,,yes,,,,,,DM,JS,JG,,
20240304,AZ014,AZBRD014 - 20240304,Finca Ruiz,7:31,Vireo,flavoviridis,,,yes,,,,,,DM,JS,JG,,
20240304,AZ014,AZBRD014 - 20240304,Finca Ruiz,7:31,Thamnophilus,doliatus,,,yes,,,,,,DM,JS,JG,,
20240304,AZ014,AZBRD014 - 20240304,Finca Ruiz,7:31,Glaucidium,brasilianum,,,yes,,,,,,DM,JS,JG,,
20240304,AZ014,AZBRD014 - 20240304,Finca Ruiz,7:31,Saucerottia,edward,,,yes,,,,,,DM,JS,JG,,
20240304,AZ013,AZBRD013 - 20240304,Finca Ruiz,7:45,Tapera,naevia,,,no,1,1,1,0,0,DM,JS,JG,,
20240304,AZ013,AZBRD013 - 20240304,Finca Ruiz,7:45,Tapera,naevia,,,no,1,1,1,0,0,DM,JS,JG,,
20240304,AZ013,AZBRD013 - 20240304,Finca Ruiz,7:45,Thamnophilus,doliatus,,,no,1,1,1,1,0,DM,JS,JG,,
20240304,AZ013,AZBRD013 - 20240304,Finca Ruiz,7:45,Ara,macao,,,no,1,0,0,0,0,DM,JS,JG,,
20240304,AZ013,AZBRD013 - 20240304,Finca Ruiz,7:45,Ara,macao,,,no,1,0,0,0,0,DM,JS,JG,,
20240304,AZ013,AZBRD013 - 20240304,Finca Ruiz,7:45,Ara,macao,,,no,1,0,0,0,0,DM,JS,JG,,
20240304,AZ013,AZBRD013 - 20240304,Finca Ruiz,7:45,Ara,macao,,,no,1,0,0,0,0,DM,JS,JG,,
20240304,AZ013,AZBRD013 - 20240304,Finca Ruiz,7:45,Atalotriccus,pilaris,,,no,1,0,0,0,0,DM,JS,JG,,
20240304,AZ013,AZBRD013 - 20240304,Finca Ruiz,7:45,Chiroxiphia,lanceolata,,,no,1,0,1,0,0,DM,JS,JG,,
20240304,AZ013,AZBRD013 - 20240304,Finca Ruiz,7:45,Tapera,naevia,,,no,1,1,1,0,0,DM,JS,JG,,
20240304,AZ013,AZBRD013 - 20240304,Finca Ruiz,7:45,Saucerottia,edward,,,no,0,1,0,0,0,DM,JS,JG,,
20240304,AZ013,AZBRD013 - 20240304,Finca Ruiz,7:45,Melanerpes,rubricapillus,,,no,0,1,1,1,0,DM,JS,JG,,
20240304,AZ013,AZBRD013 - 20240304,Finca Ruiz,7:45,Vireo,flavoviridis,,,no,0,1,0,1,1,DM,JS,JG,,
20240304,AZ013,AZBRD013 - 20240304,Finca Ruiz,7:45,Myiodynastes,maculatus,,,no,0,1,0,1,1,DM,JS,JG,,
20240304,AZ013,AZBRD013 - 20240304,Finca Ruiz,7:45,Melanerpes,rubricapillus,,,no,0,1,1,0,0,DM,JS,JG,,
20240304,AZ013,AZBRD013 - 20240304,Finca Ruiz,7:45,Thryophilus,rufalbus,,,no,0,1,0,0,1,DM,JS,JG,,
20240304,AZ013,AZBRD013 - 20240304,Finca Ruiz,7:45,Tyrannulus,elatus,,,no,0,1,0,0,0,DM,JS,JG,,
20240304,AZ013,AZBRD013 - 20240304,Finca Ruiz,7:45,Thamnophilus,doliatus,,,no,0,1,1,1,0,DM,JS,JG,,
20240304,AZ013,AZBRD013 - 20240304,Finca Ruiz,7:45,Pitangus,sulphuratus,,,no,0,1,1,1,0,DM,JS,JG,,
20240304,AZ013,AZBRD013 - 20240304,Finca Ruiz,7:45,Hylophilus,flavipes,,,no,0,0,1,0,0,DM,JS,JG,,
20240304,AZ013,AZBRD013 - 20240304,Finca Ruiz,7:45,Camptostoma,obsoletum,,,no,0,0,1,0,0,DM,JS,JG,,
20240304,AZ013,AZBRD013 - 20240304,Finca Ruiz,7:45,Leptotila,verreauxi,,,no,0,0,1,0,1,DM,JS,JG,,
20240304,AZ013,AZBRD013 - 20240304,Finca Ruiz,7:45,Psarocolius,decumanus,,,no,0,0,1,1,0,DM,JS,JG,,
20240304,AZ013,AZBRD013 - 20240304,Finca Ruiz,7:45,Euphonia,luteicapilla,,,no,0,0,0,1,1,DM,JS,JG,,
20240304,AZ013,AZBRD013 - 20240304,Finca Ruiz,7:45,Psarocolius,decumanus,,,no,0,0,0,1,0,DM,JS,JG,,
20240304,AZ013,AZBRD013 - 20240304,Finca Ruiz,7:45,Psarocolius,decumanus,,,no,0,0,0,1,0,DM,JS,JG,,
20240304,AZ013,AZBRD013 - 20240304,Finca Ruiz,7:45,Tyrannus,melancholicus,,,no,0,0,0,0,1,DM,JS,JG,,
20240304,AZ013,AZBRD013 - 20240304,Finca Ruiz,7:56,Quiscalus,mexicanus,,,yes,,,,,,DM,JS,JG,,
20240304,AZ013,AZBRD013 - 20240304,Finca Ruiz,7:56,Eupsittula,pertinax,,,yes,,,,,,DM,JS,JG,,
20240304,AZ013,AZBRD013 - 20240304,Finca Ruiz,7:56,Eupsittula,pertinax,,,yes,,,,,,DM,JS,JG,,
20240304,AZ013,AZBRD013 - 20240304,Finca Ruiz,7:56,Elaenia,flavogaster,,,yes,,,,,,DM,JS,JG,,
20240304,AZ013,AZBRD013 - 20240304,Finca Ruiz,7:56,Atalotriccus,pilaris,,,yes,,,,,,DM,JS,JG,,
20240304,AZ013,AZBRD013 - 20240304,Finca Ruiz,7:56,Thryophilus,rufalbus,,,yes,,,,,,DM,JS,JG,,
20240304,AZ013,AZBRD013 - 20240304,Finca Ruiz,7:56,Thryophilus,rufalbus,,,yes,,,,,,DM,JS,JG,,
20240304,AZ013,AZBRD013 - 20240304,Finca Ruiz,7:56,Myiarchus,crinitus,,,yes,,,,,,DM,JS,JG,,
20240304,AZ013,AZBRD013 - 20240304,Finca Ruiz,7:56,Elaenia,flavogaster,,,yes,,,,,,DM,JS,JG,,
20240304,AZ013,AZBRD013 - 20240304,Finca Ruiz,7:56,Thamnophilus,doliatus,,,yes,,,,,,DM,JS,JG,,
20240304,AZ013,AZBRD013 - 20240304,Finca Ruiz,7:56,Thamnophilus,doliatus,,,yes,,,,,,DM,JS,JG,,
20240304,AZ013,AZBRD013 - 20240304,Finca Ruiz,7:56,Vireo,flavoviridis,,,yes,,,,,,DM,JS,JG,,
20240304,AZ013,AZBRD013 - 20240304,Finca Ruiz,7:56,Vireo,flavoviridis,,,yes,,,,,,DM,JS,JG,,
20240304,AZ013,AZBRD013 - 20240304,Finca Ruiz,7:56,Tyrannulus,elatus,,,yes,,,,,,DM,JS,JG,,
20240304,AZ015,AZBRD015 - 20240304,Finca Sara Lee,8:20,Polioptila,bilineata,,,no,1,1,1,1,1,DM,JS,JG,,
20240304,AZ015,AZBRD015 - 20240304,Finca Sara Lee,8:20,Rupornis,magnirostris,,,no,1,1,1,1,1,DM,JS,JG,,
20240304,AZ015,AZBRD015 - 20240304,Finca Sara Lee,8:20,Daptrius,chimachima,,,no,1,0,0,0,0,DM,JS,JG,,
20240304,AZ015,AZBRD015 - 20240304,Finca Sara Lee,8:20,Vireo,flavoviridis,,,no,1,1,1,0,0,DM,JS,JG,,
20240304,AZ015,AZBRD015 - 20240304,Finca Sara Lee,8:20,Tapera,naevia,,,no,1,1,1,1,1,DM,JS,JG,,
20240304,AZ015,AZBRD015 - 20240304,Finca Sara Lee,8:20,Tolmomyias,sulphurescens,,,no,1,0,0,0,0,DM,JS,JG,,
20240304,AZ015,AZBRD015 - 20240304,Finca Sara Lee,8:20,Megarynchus,pitangua,,,no,1,1,1,0,0,DM,JS,JG,,
20240304,AZ015,AZBRD015 - 20240304,Finca Sara Lee,8:20,Atalotriccus,pilaris,,,no,0,1,0,0,0,DM,JS,JG,,
20240304,AZ015,AZBRD015 - 20240304,Finca Sara Lee,8:20,Polioptila,bilineata,,,no,0,1,0,1,1,DM,JS,JG,,
20240304,AZ015,AZBRD015 - 20240304,Finca Sara Lee,8:20,Vireo,flavoviridis,,,no,0,1,1,1,0,DM,JS,JG,,
20240304,AZ015,AZBRD015 - 20240304,Finca Sara Lee,8:20,Eupsittula,pertinax,,,no,0,0,1,0,0,DM,JS,JG,,
20240304,AZ015,AZBRD015 - 20240304,Finca Sara Lee,8:20,Leptotila,verreauxi,,,no,0,0,1,1,1,DM,JS,JG,,
20240304,AZ015,AZBRD015 - 20240304,Finca Sara Lee,8:20,Thryophilus,rufalbus,,,no,0,0,1,0,0,DM,JS,JG,,
20240304,AZ015,AZBRD015 - 20240304,Finca Sara Lee,8:20,Rupornis,magnirostris,,,no,0,0,0,1,1,DM,JS,JG,,
20240304,AZ015,AZBRD015 - 20240304,Finca Sara Lee,8:20,Rupornis,magnirostris,,,no,0,0,0,0,1,DM,JS,JG,,
20240304,AZ015,AZBRD015 - 20240304,Finca Sara Lee,8:30,Thraupis,episcopùs,,,yes,,,,,,DM,JS,JG,,
20240304,AZ015,AZBRD015 - 20240304,Finca Sara Lee,8:30,Thraupis,episcopùs,,,yes,,,,,,DM,JS,JG,,
20240304,AZ015,AZBRD015 - 20240304,Finca Sara Lee,8:30,Myiarchus,crinitus,,,yes,,,,,,DM,JS,JG,,
20240304,AZ015,AZBRD015 - 20240304,Finca Sara Lee,8:30,Elaenia,flavogaster,,,yes,,,,,,DM,JS,JG,,
20240304,AZ015,AZBRD015 - 20240304,Finca Sara Lee,8:30,Tolmomyias,sulphurescens,,,yes,,,,,,DM,JS,JG,,
20240304,AZ015,AZBRD015 - 20240304,Finca Sara Lee,8:30,Euphonia,luteicapilla,,,yes,,,,,,DM,JS,JG,,
20240304,AZ015,AZBRD015 - 20240304,Finca Sara Lee,8:30,Euphonia,luteicapilla,,,yes,,,,,,DM,JS,JG,,
20240304,AZ016,AZBRD016 - 20240304,Finca Sara Lee,8:49,Brotogeris,jugularis,,,no,1,1,1,1,1,DM,JS,JG,,
20240304,AZ016,AZBRD016 - 20240304,Finca Sara Lee,8:49,Rupornis,magnirostris,,,no,1,1,1,1,1,DM,JS,JG,,
20240304,AZ016,AZBRD016 - 20240304,Finca Sara Lee,8:49,Rupornis,magnirostris,,,no,1,1,1,1,1,DM,JS,JG,,
20240304,AZ016,AZBRD016 - 20240304,Finca Sara Lee,8:49,Melanerpes,rubricapillus,,,no,0,1,0,1,0,DM,JS,JG,,
20240304,AZ016,AZBRD016 - 20240304,Finca Sara Lee,8:49,Brotogeris,jugularis,,,no,0,1,0,0,1,DM,JS,JG,,
20240304,AZ016,AZBRD016 - 20240304,Finca Sara Lee,8:49,Megarynchus,pitangua,,,no,0,0,0,1,1,DM,JS,JG,,
20240304,AZ016,AZBRD016 - 20240304,Finca Sara Lee,8:49,Megarynchus,pitangua,,,no,0,0,0,1,1,DM,JS,JG,,
20240304,AZ016,AZBRD016 - 20240304,Finca Sara Lee,8:49,Leptotila,verreauxi,,,no,0,0,0,1,0,DM,JS,JG,,
20240304,AZ016,AZBRD016 - 20240304,Finca Sara Lee,8:49,Vireo,flavoviridis,,,no,0,0,0,1,1,DM,JS,JG,,
20240304,AZ016,AZBRD016 - 20240304,Finca Sara Lee,8:49,Chiroxiphia,lanceolata,,,no,0,0,0,0,1,DM,JS,JG,,
20240304,AZ016,AZBRD016 - 20240304,Finca Sara Lee,8:49,Polioptila,bilineata,,,no,0,0,0,0,1,DM,JS,JG,,
20240304,AZ016,AZBRD016 - 20240304,Finca Sara Lee,8:49,Elaenia,flavogaster,,,no,0,0,0,0,1,DM,JS,JG,,
20240304,AZ016,AZBRD016 - 20240304,Finca Sara Lee,9:01,Brotogeris,jugularis,,,yes,,,,,,DM,JS,JG,,
20240304,AZ016,AZBRD016 - 20240304,Finca Sara Lee,9:01,Brotogeris,jugularis,,,yes,,,,,,DM,JS,JG,,
20240304,AZ016,AZBRD016 - 20240304,Finca Sara Lee,9:01,Cathartes,aura,,,yes,,,,,,DM,JS,JG,,
20240304,AZ016,AZBRD016 - 20240304,Finca Sara Lee,9:01,Elaenia,chiriquensis,,,yes,,,,,,DM,JS,JG,,
20240304,AZ016,AZBRD016 - 20240304,Finca Sara Lee,9:01,Elaenia,chiriquensis,,,yes,,,,,,DM,JS,JG,,
20240305,AZ016,AZBRD016 - 20240305,Finca Sara Lee,6:20,Daptrius,chimachima,,,no,1,0,0,0,0,DM,JS,JG,,
20240305,AZ016,AZBRD016 - 20240305,Finca Sara Lee,6:20,Daptrius,chimachima,,,no,1,0,0,0,0,DM,JS,JG,,
20240305,AZ016,AZBRD016 - 20240305,Finca Sara Lee,6:20,Tapera,naevia,,,no,1,1,1,1,1,DM,JS,JG,,
20240305,AZ016,AZBRD016 - 20240305,Finca Sara Lee,6:20,Atalotriccus,pilaris,,,no,1,1,1,1,1,DM,JS,JG,,
20240305,AZ016,AZBRD016 - 20240305,Finca Sara Lee,6:20,Patagioenas,cayennensis,,,no,1,0,0,0,0,DM,JS,JG,,
20240305,AZ016,AZBRD016 - 20240305,Finca Sara Lee,6:20,Euphonia,luteicapilla,,,no,1,1,1,1,1,DM,JS,JG,,
20240305,AZ016,AZBRD016 - 20240305,Finca Sara Lee,6:20,Myiozetetes,similis,,,no,1,1,0,0,0,DM,JS,JG,,
20240305,AZ016,AZBRD016 - 20240305,Finca Sara Lee,6:20,Myiozetetes,similis,,,no,1,1,0,0,0,DM,JS,JG,,
20240305,AZ016,AZBRD016 - 20240305,Finca Sara Lee,6:20,Melanerpes,rubricapillus,,,no,1,0,0,0,0,DM,JS,JG,,
20240305,AZ016,AZBRD016 - 20240305,Finca Sara Lee,6:20,Pitangus,sulphuratus,,,no,1,0,0,0,0,DM,JS,JG,,
20240305,AZ016,AZBRD016 - 20240305,Finca Sara Lee,6:20,Polioptila,bilineata,,,no,0,1,1,1,1,DM,JS,JG,,
20240305,AZ016,AZBRD016 - 20240305,Finca Sara Lee,6:20,Camptostoma,obsoletum,,,no,0,1,1,1,1,DM,JS,JG,,
20240305,AZ016,AZBRD016 - 20240305,Finca Sara Lee,6:20,Myiodynastes,maculatus,,,no,0,1,0,0,0,DM,JS,JG,,
20240305,AZ016,AZBRD016 - 20240305,Finca Sara Lee,6:20,Tyrannulus,elatus,,,no,0,1,1,0,1,DM,JS,JG,,
20240305,AZ016,AZBRD016 - 20240305,Finca Sara Lee,6:20,Leptotila,verreauxi,,,no,0,1,1,1,0,DM,JS,JG,,
20240305,AZ016,AZBRD016 - 20240305,Finca Sara Lee,6:20,Eupsittula,pertinax,,,no,0,1,0,0,0,DM,JS,JG,,
20240305,AZ016,AZBRD016 - 20240305,Finca Sara Lee,6:20,Polioptila,bilineata,,,no,0,0,1,1,1,DM,JS,JG,,
20240305,AZ016,AZBRD016 - 20240305,Finca Sara Lee,6:20,Atalotriccus,pilaris,,,no,0,0,1,1,0,DM,JS,JG,,
20240305,AZ016,AZBRD016 - 20240305,Finca Sara Lee,6:20,Thraupis,episcopùs,,,no,0,0,1,0,0,DM,JS,JG,,
20240305,AZ016,AZBRD016 - 20240305,Finca Sara Lee,6:20,Myiodynastes,maculatus,,,no,0,0,0,1,0,DM,JS,JG,,
20240305,AZ016,AZBRD016 - 20240305,Finca Sara Lee,6:20,Molothrus,oryzivorus,,,no,0,0,0,0,1,DM,JS,JG,,
20240305,AZ016,AZBRD016 - 20240305,Finca Sara Lee,6:20,Molothrus,oryzivorus,,,no,0,0,0,0,1,DM,JS,JG,,
20240305,AZ016,AZBRD016 - 20240305,Finca Sara Lee,6:20,Thamnophilus,doliatus,,,no,0,0,0,0,1,DM,JS,JG,,
20240305,AZ016,AZBRD016 - 20240305,Finca Sara Lee,6:31,Glaucidium,brasilianum,,,yes,,,,,,DM,JS,JG,,
20240305,AZ015,AZBRD015 - 20240305,Finca Sara Lee,6:53,Vireo,flavoviridis,,,no,1,1,1,1,0,DM,JS,JG,,
20240305,AZ015,AZBRD015 - 20240305,Finca Sara Lee,6:53,Vireo,flavoviridis,,,no,1,1,1,1,0,DM,JS,JG,,
20240305,AZ015,AZBRD015 - 20240305,Finca Sara Lee,6:53,Leptotila,verreauxi,,,no,1,1,1,1,1,DM,JS,JG,,
20240305,AZ015,AZBRD015 - 20240305,Finca Sara Lee,6:53,Polioptila,bilineata,,,no,1,1,1,1,0,DM,JS,JG,,
20240305,AZ015,AZBRD015 - 20240305,Finca Sara Lee,6:53,Leptotila,verreauxi,,,no,1,1,0,0,1,DM,JS,JG,,
20240305,AZ015,AZBRD015 - 20240305,Finca Sara Lee,6:53,Melanerpes,rubricapillus,,,no,1,0,0,1,0,DM,JS,JG,,
20240305,AZ015,AZBRD015 - 20240305,Finca Sara Lee,6:53,Atalotriccus,pilaris,,,no,1,0,0,0,0,DM,JS,JG,,
20240305,AZ015,AZBRD015 - 20240305,Finca Sara Lee,6:53,Tyrannus,melancholicus,,,no,1,0,0,0,0,DM,JS,JG,,
20240305,AZ015,AZBRD015 - 20240305,Finca Sara Lee,6:53,Thryophilus,rufalbus,,,no,1,1,0,1,0,DM,JS,JG,,
20240305,AZ015,AZBRD015 - 20240305,Finca Sara Lee,6:53,Chiroxiphia,lanceolata,,,no,1,1,1,0,0,DM,JS,JG,,
20240305,AZ015,AZBRD015 - 20240305,Finca Sara Lee,6:53,Pitangus,sulphuratus,,,no,1,1,1,1,0,DM,JS,JG,,
20240305,AZ015,AZBRD015 - 20240305,Finca Sara Lee,6:53,Pitangus,sulphuratus,,,no,1,0,0,1,0,DM,JS,JG,,
20240305,AZ015,AZBRD015 - 20240305,Finca Sara Lee,6:53,Thraupis,episcopùs,,,no,1,1,1,0,0,DM,JS,JG,,
20240305,AZ015,AZBRD015 - 20240305,Finca Sara Lee,6:53,Thamnophilus,doliatus,,,no,0,1,0,0,1,DM,JS,JG,,
20240305,AZ015,AZBRD015 - 20240305,Finca Sara Lee,6:53,Euphonia,luteicapilla,,,no,0,1,1,0,0,DM,JS,JG,,
20240305,AZ015,AZBRD015 - 20240305,Finca Sara Lee,6:53,Psarocolius,decumanus,,,no,0,1,1,0,0,DM,JS,JG,,
20240305,AZ015,AZBRD015 - 20240305,Finca Sara Lee,6:53,Megarynchus,pitangua,,,no,0,1,0,0,1,DM,JS,JG,,
20240305,AZ015,AZBRD015 - 20240305,Finca Sara Lee,6:53,Chiroxiphia,lanceolata,,,no,0,1,1,0,0,DM,JS,JG,,
20240305,AZ015,AZBRD015 - 20240305,Finca Sara Lee,6:53,Thraupis,episcopùs,,,no,0,0,1,0,0,DM,JS,JG,,
20240305,AZ015,AZBRD015 - 20240305,Finca Sara Lee,6:53,Elaenia,flavogaster,,,no,0,0,1,1,0,DM,JS,JG,,
20240305,AZ015,AZBRD015 - 20240305,Finca Sara Lee,6:53,Elaenia,flavogaster,,,no,0,0,1,1,0,DM,JS,JG,,
20240305,AZ015,AZBRD015 - 20240305,Finca Sara Lee,6:53,Eupsittula,pertinax,,,no,0,0,0,1,0,DM,JS,JG,,
20240305,AZ015,AZBRD015 - 20240305,Finca Sara Lee,6:53,Megarynchus,pitangua,,,no,0,0,0,1,1,DM,JS,JG,,
20240305,AZ015,AZBRD015 - 20240305,Finca Sara Lee,6:53,Brotogeris,jugularis,,,no,0,0,0,1,0,DM,JS,JG,,
20240305,AZ015,AZBRD015 - 20240305,Finca Sara Lee,6:53,Brotogeris,jugularis,,,no,0,0,0,1,0,DM,JS,JG,,
20240305,AZ015,AZBRD015 - 20240305,Finca Sara Lee,6:53,Brotogeris,jugularis,,,no,0,0,0,1,0,DM,JS,JG,,
20240305,AZ015,AZBRD015 - 20240305,Finca Sara Lee,6:53,Brotogeris,jugularis,,,no,0,0,0,1,0,DM,JS,JG,,
20240305,AZ015,AZBRD015 - 20240305,Finca Sara Lee,6:53,Brotogeris,jugularis,,,no,0,0,0,1,0,DM,JS,JG,,
20240305,AZ015,AZBRD015 - 20240305,Finca Sara Lee,6:53,Melanerpes,rubricapillus,,,no,0,0,0,0,1,DM,JS,JG,,
20240305,AZ015,AZBRD015 - 20240305,Finca Sara Lee,6:53,Amazona,autumnalis,,,no,0,0,0,0,1,DM,JS,JG,,
20240305,AZ015,AZBRD015 - 20240305,Finca Sara Lee,6:53,Amazona,autumnalis,,,no,0,0,0,0,1,DM,JS,JG,,
20240305,AZ015,AZBRD015 - 20240305,Finca Sara Lee,6:53,Cyanocorax,affinis,,,no,0,0,0,0,1,DM,JS,JG,,
20240305,AZ015,AZBRD015 - 20240305,Finca Sara Lee,7:04,Elaenia,flavogaster,,,yes,,,,,,DM,JS,JG,,
20240305,AZ015,AZBRD015 - 20240305,Finca Sara Lee,7:04,Elaenia,flavogaster,,,yes,,,,,,DM,JS,JG,,
20240305,AZ015,AZBRD015 - 20240305,Finca Sara Lee,7:04,Polioptila,bilineata,,,yes,,,,,,DM,JS,JG,,
20240305,AZ015,AZBRD015 - 20240305,Finca Sara Lee,7:04,Polioptila,bilineata,,,yes,,,,,,DM,JS,JG,,
20240305,AZ015,AZBRD015 - 20240305,Finca Sara Lee,7:04,Polioptila,bilineata,,,yes,,,,,,DM,JS,JG,,
20240305,AZ015,AZBRD015 - 20240305,Finca Sara Lee,7:04,Thraupis,episcopùs,,,yes,,,,,,DM,JS,JG,,
20240305,AZ015,AZBRD015 - 20240305,Finca Sara Lee,7:04,Thraupis,episcopùs,,,yes,,,,,,DM,JS,JG,,
20240305,AZ015,AZBRD015 - 20240305,Finca Sara Lee,7:04,Vireo,flavoviridis,,,yes,,,,,,DM,JS,JG,,
20240305,AZ015,AZBRD015 - 20240305,Finca Sara Lee,7:04,Vireo,flavoviridis,,,yes,,,,,,DM,JS,JG,,
20240305,AZ015,AZBRD015 - 20240305,Finca Sara Lee,7:04,Megarynchus,pitangua,,,yes,,,,,,DM,JS,JG,,
20240305,AZ015,AZBRD015 - 20240305,Finca Sara Lee,7:04,Megarynchus,pitangua,,,yes,,,,,,DM,JS,JG,,
20240305,AZ015,AZBRD015 - 20240305,Finca Sara Lee,7:04,Euphonia,luteicapilla,,,yes,,,,,,DM,JS,JG,,
20240305,AZ015,AZBRD015 - 20240305,Finca Sara Lee,7:04,Euphonia,luteicapilla,,,yes,,,,,,DM,JS,JG,,
20240305,AZ015,AZBRD015 - 20240305,Finca Sara Lee,7:04,Myiozetetes,similis,,,yes,,,,,,DM,JS,JG,,
20240305,AZ015,AZBRD015 - 20240305,Finca Sara Lee,7:04,Myiodynastes,maculatus,,,yes,,,,,,DM,JS,JG,,
20240305,AZ013,AZBRD013 - 20240305,Finca Ruiz,7:27,Tapera,naevia,,,no,1,1,1,1,1,DM,JS,JG,,
20240305,AZ013,AZBRD013 - 20240305,Finca Ruiz,7:27,Tapera,naevia,,,no,1,1,1,1,1,DM,JS,JG,,
20240305,AZ013,AZBRD013 - 20240305,Finca Ruiz,7:27,Thamnophilus,doliatus,,,no,1,1,0,1,0,DM,JS,JG,,
20240305,AZ013,AZBRD013 - 20240305,Finca Ruiz,7:27,Columbina,inca,,,no,1,1,0,1,1,DM,JS,JG,,
20240305,AZ013,AZBRD013 - 20240305,Finca Ruiz,7:27,Leptotila,verreauxi,,,no,1,1,0,0,1,DM,JS,JG,,
20240305,AZ013,AZBRD013 - 20240305,Finca Ruiz,7:27,Leptotila,verreauxi,,,no,1,1,0,0,1,DM,JS,JG,,
20240305,AZ013,AZBRD013 - 20240305,Finca Ruiz,7:27,Rupornis,magnirostris,,,no,1,0,0,0,0,DM,JS,JG,,
20240305,AZ013,AZBRD013 - 20240305,Finca Ruiz,7:27,Hylophilus,flavipes,,,no,1,0,0,0,0,DM,JS,JG,,
20240305,AZ013,AZBRD013 - 20240305,Finca Ruiz,7:27,Patagioenas,cayennensis,,,no,1,0,0,1,0,DM,JS,JG,,
20240305,AZ013,AZBRD013 - 20240305,Finca Ruiz,7:27,Cathartes,aura,,,no,0,1,0,0,0,DM,JS,JG,,
20240305,AZ013,AZBRD013 - 20240305,Finca Ruiz,7:27,Atalotriccus,pilaris,,,no,0,1,0,1,1,DM,JS,JG,,
20240305,AZ013,AZBRD013 - 20240305,Finca Ruiz,7:27,Thraupis,episcopùs,,,no,0,1,0,1,0,DM,JS,JG,,
20240305,AZ013,AZBRD013 - 20240305,Finca Ruiz,7:27,Troglodytes,aedon,,,no,0,1,0,0,0,DM,JS,JG,,
20240305,AZ013,AZBRD013 - 20240305,Finca Ruiz,7:27,Tityra,semifasciata,,,no,0,1,1,0,0,DM,JS,JG,,
20240305,AZ013,AZBRD013 - 20240305,Finca Ruiz,7:27,Melanerpes,rubricapillus,,,no,0,1,1,1,1,DM,JS,JG,,
20240305,AZ013,AZBRD013 - 20240305,Finca Ruiz,7:27,Chiroxiphia,lanceolata,,,no,0,1,0,0,0,DM,JS,JG,,
20240305,AZ013,AZBRD013 - 20240305,Finca Ruiz,7:27,Euphonia,luteicapilla,,,no,0,1,1,1,1,DM,JS,JG,,
20240305,AZ013,AZBRD013 - 20240305,Finca Ruiz,7:27,Tyrannulus,elatus,,,no,0,1,1,1,1,DM,JS,JG,,
20240305,AZ013,AZBRD013 - 20240305,Finca Ruiz,7:27,Eupsittula,pertinax,,,no,0,0,1,0,0,DM,JS,JG,,
20240305,AZ013,AZBRD013 - 20240305,Finca Ruiz,7:27,Hylophilus,flavipes,,,no,0,0,1,0,1,DM,JS,JG,,
20240305,AZ013,AZBRD013 - 20240305,Finca Ruiz,7:27,Patagioenas,cayennensis,,,no,0,0,1,0,0,DM,JS,JG,,
20240305,AZ013,AZBRD013 - 20240305,Finca Ruiz,7:27,Cyclarhis,gujanensis,,,no,0,0,0,1,0,DM,JS,JG,,
20240305,AZ013,AZBRD013 - 20240305,Finca Ruiz,7:27,Crotophaga,sulcirostris,,,no,0,0,0,1,1,DM,JS,JG,,
20240305,AZ013,AZBRD013 - 20240305,Finca Ruiz,7:27,Volatinia,jacarina,,,no,0,0,0,0,1,DM,JS,JG,,
20240305,AZ013,AZBRD013 - 20240305,Finca Ruiz,7:27,Psarocolius,decumanus,,,no,0,0,0,0,1,DM,JS,JG,,
20240305,AZ013,AZBRD013 - 20240305,Finca Ruiz,7:38,Tyrannulus,elatus,,,yes,,,,,,DM,JS,JG,,
20240305,AZ013,AZBRD013 - 20240305,Finca Ruiz,7:38,Tyrannulus,elatus,,,yes,,,,,,DM,JS,JG,,
20240305,AZ013,AZBRD013 - 20240305,Finca Ruiz,7:38,Tyrannulus,elatus,,,yes,,,,,,DM,JS,JG,,
20240305,AZ013,AZBRD013 - 20240305,Finca Ruiz,7:38,Thamnophilus,doliatus,,,yes,,,,,,DM,JS,JG,,
20240305,AZ013,AZBRD013 - 20240305,Finca Ruiz,7:38,Hylophilus,flavipes,,,yes,,,,,,DM,JS,JG,,
20240305,AZ013,AZBRD013 - 20240305,Finca Ruiz,7:38,Hylophilus,flavipes,,,yes,,,,,,DM,JS,JG,,
20240305,AZ013,AZBRD013 - 20240305,Finca Ruiz,7:38,Vireo,flavoviridis,,,yes,,,,,,DM,JS,JG,,
20240305,AZ013,AZBRD013 - 20240305,Finca Ruiz,7:38,Vireo,flavoviridis,,,yes,,,,,,DM,JS,JG,,
20240305,AZ013,AZBRD013 - 20240305,Finca Ruiz,7:38,Tolmomyias,sulphurescens,,,yes,,,,,,DM,JS,JG,,
20240305,AZ013,AZBRD013 - 20240305,Finca Ruiz,7:38,Tolmomyias,sulphurescens,,,yes,,,,,,DM,JS,JG,,
20240305,AZ013,AZBRD013 - 20240305,Finca Ruiz,7:38,Elaenia,flavogaster,,,yes,,,,,,DM,JS,JG,,
20240305,AZ013,AZBRD013 - 20240305,Finca Ruiz,7:38,Icterus,galbula,,,yes,,,,,,DM,JS,JG,,
20240305,AZ013,AZBRD013 - 20240305,Finca Ruiz,7:38,Camptostoma,obsoletum,,,yes,,,,,,DM,JS,JG,,
20240305,AZ013,AZBRD013 - 20240305,Finca Ruiz,7:38,Glaucidium,brasilianum,,,yes,,,,,,DM,JS,JG,,
20240305,AZ013,AZBRD013 - 20240305,Finca Ruiz,7:38,Piranga,rubra,,,yes,,,,,,DM,JS,JG,,
20240305,AZ013,AZBRD013 - 20240305,Finca Ruiz,7:38,Myiodynastes,maculatus,,,yes,,,,,,DM,JS,JG,,
20240305,AZ013,AZBRD013 - 20240305,Finca Ruiz,7:38,Atalotriccus,pilaris,,,yes,,,,,,DM,JS,JG,,
20240305,AZ014,AZBRD014 - 20240305,Finca Ruiz,7:57,Rupornis,magnirostris,,,no,1,1,0,0,0,DM,JS,JG,,
20240305,AZ014,AZBRD014 - 20240305,Finca Ruiz,7:57,Eupsittula,pertinax,,,no,1,0,0,0,0,DM,JS,JG,,
20240305,AZ014,AZBRD014 - 20240305,Finca Ruiz,7:57,Camptostoma,obsoletum,,,no,1,0,0,0,0,DM,JS,JG,,
20240305,AZ014,AZBRD014 - 20240305,Finca Ruiz,7:57,Tyrannulus,elatus,,,no,1,1,1,1,1,DM,JS,JG,,
20240305,AZ014,AZBRD014 - 20240305,Finca Ruiz,7:57,Tyrannulus,elatus,,,no,1,1,1,1,1,DM,JS,JG,,
20240305,AZ014,AZBRD014 - 20240305,Finca Ruiz,7:57,Atalotriccus,pilaris,,,no,1,1,0,0,0,DM,JS,JG,,
20240305,AZ014,AZBRD014 - 20240305,Finca Ruiz,7:57,Euphonia,luteicapilla,,,no,1,1,0,0,0,DM,JS,JG,,
20240305,AZ014,AZBRD014 - 20240305,Finca Ruiz,7:57,Euphonia,luteicapilla,,,no,1,1,0,0,0,DM,JS,JG,,
20240305,AZ014,AZBRD014 - 20240305,Finca Ruiz,7:57,Rupornis,magnirostris,,,no,1,1,0,0,0,DM,JS,JG,,
20240305,AZ014,AZBRD014 - 20240305,Finca Ruiz,7:57,Thamnophilus,doliatus,,,no,1,1,1,1,1,DM,JS,JG,,
20240305,AZ014,AZBRD014 - 20240305,Finca Ruiz,7:57,Thamnophilus,doliatus,,,no,1,1,1,1,1,DM,JS,JG,,
20240305,AZ014,AZBRD014 - 20240305,Finca Ruiz,7:57,Hylophilus,flavipes,,,no,1,1,1,1,1,DM,JS,JG,,
20240305,AZ014,AZBRD014 - 20240305,Finca Ruiz,7:57,Tyrannus,melancholicus,,,no,0,1,0,1,1,DM,JS,JG,,
20240305,AZ014,AZBRD014 - 20240305,Finca Ruiz,7:57,Rupornis,magnirostris,,,no,0,1,1,0,0,DM,JS,JG,,
20240305,AZ014,AZBRD014 - 20240305,Finca Ruiz,7:57,Eupsittula,pertinax,,,no,0,1,0,0,0,DM,JS,JG,,
20240305,AZ014,AZBRD014 - 20240305,Finca Ruiz,7:57,Psarocolius,decumanus,,,no,0,0,1,0,0,DM,JS,JG,,
20240305,AZ014,AZBRD014 - 20240305,Finca Ruiz,7:57,Myiozetetes,similis,,,no,0,0,1,0,0,DM,JS,JG,,
20240305,AZ014,AZBRD014 - 20240305,Finca Ruiz,7:57,Leptotila,verreauxi,,,no,0,0,1,0,0,DM,JS,JG,,
20240305,AZ014,AZBRD014 - 20240305,Finca Ruiz,7:57,Myiozetetes,similis,,,no,0,0,1,0,0,DM,JS,JG,,
20240305,AZ014,AZBRD014 - 20240305,Finca Ruiz,7:57,Leptotila,verreauxi,,,no,0,0,1,0,0,DM,JS,JG,,
20240305,AZ014,AZBRD014 - 20240305,Finca Ruiz,7:57,Polioptila,bilineata,,,no,0,0,1,1,0,DM,JS,JG,,
20240305,AZ014,AZBRD014 - 20240305,Finca Ruiz,7:57,Cathartes,aura,,,no,0,0,1,0,0,DM,JS,JG,,
20240305,AZ014,AZBRD014 - 20240305,Finca Ruiz,7:57,Tyrannus,melancholicus,,,no,0,0,0,1,1,DM,JS,JG,,
20240305,AZ014,AZBRD014 - 20240305,Finca Ruiz,7:57,Patagioenas,cayennensis,,,no,0,0,0,0,1,DM,JS,JG,,
20240305,AZ014,AZBRD014 - 20240305,Finca Ruiz,7:57,Thryophilus,rufalbus,,,no,0,0,0,0,1,DM,JS,JG,,
20240305,AZ014,AZBRD014 - 20240305,Finca Ruiz,7:57,Pitangus,sulphuratus,,,no,0,0,0,0,1,DM,JS,JG,,
20240305,AZ014,AZBRD014 - 20240305,Finca Ruiz,8:08,Myiarchus,panamensis,,,yes,,,,,,DM,JS,JG,,
20240305,AZ014,AZBRD014 - 20240305,Finca Ruiz,8:08,Myiarchus,panamensis,,,yes,,,,,,DM,JS,JG,,
20240305,AZ014,AZBRD014 - 20240305,Finca Ruiz,8:08,Myiarchus,panamensis,,,yes,,,,,,DM,JS,JG,,
20240305,AZ014,AZBRD014 - 20240305,Finca Ruiz,8:08,Myiarchus,panamensis,,,yes,,,,,,DM,JS,JG,,
20240305,AZ014,AZBRD014 - 20240305,Finca Ruiz,8:08,Tyrannulus,elatus,,,yes,,,,,,DM,JS,JG,,
20240305,AZ014,AZBRD014 - 20240305,Finca Ruiz,8:08,Tyrannulus,elatus,,,yes,,,,,,DM,JS,JG,,
20240305,AZ014,AZBRD014 - 20240305,Finca Ruiz,8:08,Tyrannulus,elatus,,,yes,,,,,,DM,JS,JG,,
20240305,AZ014,AZBRD014 - 20240305,Finca Ruiz,8:08,Vireo,flavifrons,,,yes,,,,,,DM,JS,JG,,
20240305,AZ014,AZBRD014 - 20240305,Finca Ruiz,8:08,Myiozetetes,similis,,,yes,,,,,,DM,JS,JG,,
20240305,AZ014,AZBRD014 - 20240305,Finca Ruiz,8:08,Thryophilus,rufalbus,,,yes,,,,,,DM,JS,JG,,
20240305,AZ014,AZBRD014 - 20240305,Finca Ruiz,8:08,Myiodynastes,maculatus,,,yes,,,,,,DM,JS,JG,,
20240305,AZ014,AZBRD014 - 20240305,Finca Ruiz,8:08,Myiodynastes,maculatus,,,yes,,,,,,DM,JS,JG,,
20240305,AZ014,AZBRD014 - 20240305,Finca Ruiz,8:08,Saucerottia,edward,,,yes,,,,,,DM,JS,JG,,
20240305,AZ014,AZBRD014 - 20240305,Finca Ruiz,8:08,Thamnophilus,doliatus,,,yes,,,,,,DM,JS,JG,,
20240305,AZ014,AZBRD014 - 20240305,Finca Ruiz,8:08,Thamnophilus,doliatus,,,yes,,,,,,DM,JS,JG,,
20240305,AZ014,AZBRD014 - 20240305,Finca Ruiz,8:08,Euphonia,luteicapilla,,,yes,,,,,,DM,JS,JG,,
20240305,AZ014,AZBRD014 - 20240305,Finca Ruiz,8:08,Euphonia,luteicapilla,,,yes,,,,,,DM,JS,JG,,
20240305,AZ014,AZBRD014 - 20240305,Finca Ruiz,8:08,Euphonia,luteicapilla,,,yes,,,,,,DM,JS,JG,,
20240305,AZ014,AZBRD014 - 20240305,Finca Ruiz,8:08,Euphonia,luteicapilla,,,yes,,,,,,DM,JS,JG,,
20240305,AZ014,AZBRD014 - 20240305,Finca Ruiz,8:08,Fregata,magnificens,,,yes,,,,,,DM,JS,JG,,
20240305,AZ014,AZBRD014 - 20240305,Finca Ruiz,8:08,Myiodynastes,maculatus,,,yes,,,,,,DM,JS,JG,,
20240305,AZ012,AZBRD012 - 20240305,Finca Ruiz,8:23,Vireo,flavoviridis,,,no,1,1,1,1,1,DM,JS,JG,,
20240305,AZ012,AZBRD012 - 20240305,Finca Ruiz,8:23,Vireo,flavoviridis,,,no,1,1,1,1,1,DM,JS,JG,,
20240305,AZ012,AZBRD012 - 20240305,Finca Ruiz,8:23,Elaenia,flavogaster,,,no,1,0,0,0,0,DM,JS,JG,,
20240305,AZ012,AZBRD012 - 20240305,Finca Ruiz,8:23,Euphonia,luteicapilla,,,no,1,0,0,0,1,DM,JS,JG,,
20240305,AZ012,AZBRD012 - 20240305,Finca Ruiz,8:23,Atalotriccus,pilaris,,,no,1,0,0,1,0,DM,JS,JG,,
20240305,AZ012,AZBRD012 - 20240305,Finca Ruiz,8:23,Patagioenas,cayennensis,,,no,1,1,1,0,0,DM,JS,JG,,
20240305,AZ012,AZBRD012 - 20240305,Finca Ruiz,8:23,Patagioenas,cayennensis,,,no,1,1,1,0,0,DM,JS,JG,,
20240305,AZ012,AZBRD012 - 20240305,Finca Ruiz,8:23,Columbina,talpacoti,,,no,1,1,1,1,1,DM,JS,JG,,
20240305,AZ012,AZBRD012 - 20240305,Finca Ruiz,8:23,Tyrannulus,elatus,,,no,1,1,1,1,1,DM,JS,JG,,
20240305,AZ012,AZBRD012 - 20240305,Finca Ruiz,8:23,Myiozetetes,similis,,,no,1,0,1,1,0,DM,JS,JG,,
20240305,AZ012,AZBRD012 - 20240305,Finca Ruiz,8:23,Columbina,inca,,,no,0,1,1,1,0,DM,JS,JG,,
20240305,AZ012,AZBRD012 - 20240305,Finca Ruiz,8:23,Tyrannus,melancholicus,,,no,0,1,1,0,0,DM,JS,JG,,
20240305,AZ012,AZBRD012 - 20240305,Finca Ruiz,8:23,Melanerpes,rubricapillus,,,no,0,1,0,0,0,DM,JS,JG,,
20240305,AZ012,AZBRD012 - 20240305,Finca Ruiz,8:23,Melanerpes,rubricapillus,,,no,0,1,0,0,0,DM,JS,JG,,
20240305,AZ012,AZBRD012 - 20240305,Finca Ruiz,8:23,Myiodynastes,maculatus,,,no,0,1,0,0,1,DM,JS,JG,,
20240305,AZ012,AZBRD012 - 20240305,Finca Ruiz,8:23,Polioptila,bilineata,,,no,0,0,1,0,0,DM,JS,JG,,
20240305,AZ012,AZBRD012 - 20240305,Finca Ruiz,8:23,Eupsittula,pertinax,,,no,0,0,1,0,0,DM,JS,JG,,
20240305,AZ012,AZBRD012 - 20240305,Finca Ruiz,8:23,Tyrannulus,elatus,,,no,0,0,1,1,0,DM,JS,JG,,
20240305,AZ012,AZBRD012 - 20240305,Finca Ruiz,8:23,Chiroxiphia,lanceolata,,,no,0,0,0,1,0,DM,JS,JG,,
20240305,AZ012,AZBRD012 - 20240305,Finca Ruiz,8:23,Tyrannulus,elatus,,,no,0,0,0,0,1,DM,JS,JG,,
20240305,AZ012,AZBRD012 - 20240305,Finca Ruiz,8:23,Euphonia,luteicapilla,,,no,0,0,0,0,1,DM,JS,JG,,
20240305,AZ012,AZBRD012 - 20240305,Finca Ruiz,8:23,Melanerpes,rubricapillus,,,no,0,0,0,0,1,DM,JS,JG,,
20240305,AZ012,AZBRD012 - 20240305,Finca Ruiz,8:23,Leptotila,verreauxi,,,no,0,0,0,0,1,DM,JS,JG,,
20240305,AZ012,AZBRD012 - 20240305,Finca Ruiz,8:23,Cyclarhis,gujanensis,,,no,0,0,0,0,1,DM,JS,JG,,
20240305,AZ012,AZBRD012 - 20240305,Finca Ruiz,8:34,Tyrannus,savana,,,yes,,,,,,DM,JS,JG,,
20240305,AZ012,AZBRD012 - 20240305,Finca Ruiz,8:34,Tyrannus,savana,,,yes,,,,,,DM,JS,JG,,
20240305,AZ012,AZBRD012 - 20240305,Finca Ruiz,8:34,Volatinia,jacarina,,,yes,,,,,,DM,JS,JG,,
20240305,AZ012,AZBRD012 - 20240305,Finca Ruiz,8:34,Tyrannulus,elatus,,,yes,,,,,,DM,JS,JG,,
20240305,AZ012,AZBRD012 - 20240305,Finca Ruiz,8:34,Tyrannulus,elatus,,,yes,,,,,,DM,JS,JG,,
20240305,AZ012,AZBRD012 - 20240305,Finca Ruiz,8:34,Tyrannulus,elatus,,,yes,,,,,,DM,JS,JG,,
20240305,AZ012,AZBRD012 - 20240305,Finca Ruiz,8:34,Tyrannulus,elatus,,,yes,,,,,,DM,JS,JG,,
20240305,AZ012,AZBRD012 - 20240305,Finca Ruiz,8:34,Elaenia,flavogaster,,,yes,,,,,,DM,JS,JG,,
20240305,AZ012,AZBRD012 - 20240305,Finca Ruiz,8:34,Elaenia,flavogaster,,,yes,,,,,,DM,JS,JG,,
20240305,AZ012,AZBRD012 - 20240305,Finca Ruiz,8:34,Elaenia,flavogaster,,,yes,,,,,,DM,JS,JG,,
20240305,AZ012,AZBRD012 - 20240305,Finca Ruiz,8:34,Elaenia,flavogaster,,,yes,,,,,,DM,JS,JG,,
20240305,AZ012,AZBRD012 - 20240305,Finca Ruiz,8:34,Myiozetetes,similis,,,yes,,,,,,DM,JS,JG,,
20240305,AZ012,AZBRD012 - 20240305,Finca Ruiz,8:34,Myiozetetes,similis,,,yes,,,,,,DM,JS,JG,,
20240305,AZ012,AZBRD012 - 20240305,Finca Ruiz,8:34,Tyrannus,melancholicus,,,yes,,,,,,DM,JS,JG,,
20240305,AZ011,AZBRD011 - 20240305,Finca Ruiz,8:54,Rupornis,magnirostris,,,no,1,1,1,1,0,DM,JS,JG,,
20240305,AZ011,AZBRD011 - 20240305,Finca Ruiz,8:54,Cathartes,aura,,,no,1,0,0,0,0,DM,JS,JG,,
20240305,AZ011,AZBRD011 - 20240305,Finca Ruiz,8:54,Patagioenas,cayennensis,,,no,1,0,0,0,0,DM,JS,JG,,
20240305,AZ011,AZBRD011 - 20240305,Finca Ruiz,8:54,Brotogeris,jugularis,,,no,1,1,1,0,0,DM,JS,JG,,
20240305,AZ011,AZBRD011 - 20240305,Finca Ruiz,8:54,Pitangus,sulphuratus,,,no,1,1,0,1,1,DM,JS,JG,,
20240305,AZ011,AZBRD011 - 20240305,Finca Ruiz,8:54,Melanerpes,rubricapillus,,,no,1,0,1,0,1,DM,JS,JG,,
20240305,AZ011,AZBRD011 - 20240305,Finca Ruiz,8:54,Melanerpes,rubricapillus,,,no,1,0,1,1,0,DM,JS,JG,,
20240305,AZ011,AZBRD011 - 20240305,Finca Ruiz,8:54,Columbina,inca,,,no,1,1,1,1,1,DM,JS,JG,,
20240305,AZ011,AZBRD011 - 20240305,Finca Ruiz,8:54,Euphonia,luteicapilla,,,no,0,1,1,1,0,DM,JS,JG,,
20240305,AZ011,AZBRD011 - 20240305,Finca Ruiz,8:54,Leptotila,verreauxi,,,no,0,1,1,0,0,DM,JS,JG,,
20240305,AZ011,AZBRD011 - 20240305,Finca Ruiz,8:54,Thryophilus,rufalbus,,,no,0,1,0,0,0,DM,JS,JG,,
20240305,AZ011,AZBRD011 - 20240305,Finca Ruiz,8:54,Cathartes,aura,,,no,0,0,1,0,0,DM,JS,JG,,
20240305,AZ011,AZBRD011 - 20240305,Finca Ruiz,8:54,Thraupis,episcopùs,,,no,0,0,1,0,0,DM,JS,JG,,
20240305,AZ011,AZBRD011 - 20240305,Finca Ruiz,8:54,Tyrannus,melancholicus,,,no,0,0,1,0,0,DM,JS,JG,,
20240305,AZ011,AZBRD011 - 20240305,Finca Ruiz,8:54,Patagioenas,cayennensis,,,no,0,0,1,0,0,DM,JS,JG,,
20240305,AZ011,AZBRD011 - 20240305,Finca Ruiz,8:54,Thraupis,episcopùs,,,no,0,0,0,1,0,DM,JS,JG,,
20240305,AZ011,AZBRD011 - 20240305,Finca Ruiz,8:54,Tyrannus,melancholicus,,,no,0,0,0,1,1,DM,JS,JG,,
20240305,AZ011,AZBRD011 - 20240305,Finca Ruiz,8:54,Tyrannulus,elatus,,,no,0,0,0,1,0,DM,JS,JG,,
20240305,AZ011,AZBRD011 - 20240305,Finca Ruiz,8:54,Euphonia,luteicapilla,,,no,0,0,0,1,1,DM,JS,JG,,
20240305,AZ011,AZBRD011 - 20240305,Finca Ruiz,8:54,Euphonia,luteicapilla,,,no,0,0,0,1,1,DM,JS,JG,,
20240305,AZ011,AZBRD011 - 20240305,Finca Ruiz,8:54,Troglodytes,aedon,,,no,0,0,0,1,1,DM,JS,JG,,
20240305,AZ011,AZBRD011 - 20240305,Finca Ruiz,8:54,Vireo,flavoviridis,,,no,0,0,0,0,1,DM,JS,JG,,
20240305,AZ011,AZBRD011 - 20240305,Finca Ruiz,8:54,Eupsittula,pertinax,,,no,0,0,0,0,1,DM,JS,JG,,
20240305,AZ011,AZBRD011 - 20240305,Finca Ruiz,8:54,Cyclarhis,gujanensis,,,no,0,0,0,0,1,DM,JS,JG,,
20240305,AZ011,AZBRD011 - 20240305,Finca Ruiz,9:05,Troglodytes,aedon,,,yes,,,,,,DM,JS,JG,,
20240305,AZ011,AZBRD011 - 20240305,Finca Ruiz,9:05,Troglodytes,aedon,,,yes,,,,,,DM,JS,JG,,
20240305,AZ011,AZBRD011 - 20240305,Finca Ruiz,9:05,Troglodytes,aedon,,,yes,,,,,,DM,JS,JG,,
20240305,AZ011,AZBRD011 - 20240305,Finca Ruiz,9:05,Troglodytes,aedon,,,yes,,,,,,DM,JS,JG,,
20240305,AZ011,AZBRD011 - 20240305,Finca Ruiz,9:05,Setophaga,petechia,,,yes,,,,,,DM,JS,JG,,
20240305,AZ011,AZBRD011 - 20240305,Finca Ruiz,9:05,Euphonia,luteicapilla,,,yes,,,,,,DM,JS,JG,,
20240305,AZ011,AZBRD011 - 20240305,Finca Ruiz,9:05,Euphonia,luteicapilla,,,yes,,,,,,DM,JS,JG,,
20240305,AZ011,AZBRD011 - 20240305,Finca Ruiz,9:05,Euphonia,luteicapilla,,,yes,,,,,,DM,JS,JG,,
20240305,AZ011,AZBRD011 - 20240305,Finca Ruiz,9:05,Euphonia,luteicapilla,,,yes,,,,,,DM,JS,JG,,
20240305,AZ011,AZBRD011 - 20240305,Finca Ruiz,9:05,Euphonia,luteicapilla,,,yes,,,,,,DM,JS,JG,,
20240305,AZ011,AZBRD011 - 20240305,Finca Ruiz,9:05,Euphonia,luteicapilla,,,yes,,,,,,DM,JS,JG,,
20240305,AZ011,AZBRD011 - 20240305,Finca Ruiz,9:05,Elaenia,flavogaster,,,yes,,,,,,DM,JS,JG,,
20240305,AZ011,AZBRD011 - 20240305,Finca Ruiz,9:05,Tyrannus,melancholicus,,,yes,,,,,,DM,JS,JG,,
20240305,AZ011,AZBRD011 - 20240305,Finca Ruiz,9:05,Tyrannulus,elatus,,,yes,,,,,,DM,JS,JG,,
20240305,AZ011,AZBRD011 - 20240305,Finca Ruiz,9:05,Vireo,flavifrons,,,yes,,,,,,DM,JS,JG,,
20240305,AZ011,AZBRD011 - 20240305,Finca Ruiz,9:05,Vireo,flavifrons,,,yes,,,,,,DM,JS,JG,,
20240305,AZ011,AZBRD011 - 20240305,Finca Ruiz,9:05,Vireo,flavoviridis,,,yes,,,,,,DM,JS,JG,,
20240305,AZ011,AZBRD011 - 20240305,Finca Ruiz,9:05,Chrysuronia,coeruleogularis,,,yes,,,,,,DM,JS,JG,,
20240305,AZ011,AZBRD011 - 20240305,Finca Ruiz,9:05,Tyrannulus,elatus,,,yes,,,,,,DM,JS,JG,,
20240305,AZ011,AZBRD011 - 20240305,Finca Ruiz,9:05,Melanerpes,rubricapillus,,,yes,,,,,,DM,JS,JG,,
20240305,AZ011,AZBRD011 - 20240305,Finca Ruiz,9:05,Melanerpes,rubricapillus,,,yes,,,,,,DM,JS,JG,,
20240305,AZ011,AZBRD011 - 20240305,Finca Ruiz,9:05,Fregata,magnificens,,,yes,,,,,,DM,JS,JG,,
20240305,AZ011,AZBRD011 - 20240305,Finca Ruiz,9:05,Thraupis,episcopùs,,,yes,,,,,,DM,JS,JG,,
20240305,AZ011,AZBRD011 - 20240305,Finca Ruiz,9:05,Thraupis,episcopùs,,,yes,,,,,,DM,JS,JG,,
20240307,AZ042,AZBRD042 - 20240307,Panamaes ,6:20,Atalotriccus,pilaris,,,no,1,1,1,1,1,DM,JS,KS,,
20240307,AZ042,AZBRD042 - 20240307,Panamaes ,6:20,Chiroxiphia,lanceolata,,,no,1,0,1,1,1,DM,JS,KS,,
20240307,AZ042,AZBRD042 - 20240307,Panamaes ,6:20,Chiroxiphia,lanceolata,,,no,1,0,1,1,1,DM,JS,KS,,
20240307,AZ042,AZBRD042 - 20240307,Panamaes ,6:20,Thamnophilus,doliatus,,,no,1,1,0,0,0,DM,JS,KS,,
20240307,AZ042,AZBRD042 - 20240307,Panamaes ,6:20,Leptotila,verreauxi,,,no,1,1,0,0,0,DM,JS,KS,,
20240307,AZ042,AZBRD042 - 20240307,Panamaes ,6:20,Atalotriccus,pilaris,,,no,1,0,0,1,1,DM,JS,KS,,
20240307,AZ042,AZBRD042 - 20240307,Panamaes ,6:20,Camptostoma,obsoletum,,,no,1,1,1,1,1,DM,JS,KS,,
20240307,AZ042,AZBRD042 - 20240307,Panamaes ,6:20,Megarynchus,pitangua,,,no,1,0,1,0,0,DM,JS,KS,,
20240307,AZ042,AZBRD042 - 20240307,Panamaes ,6:20,Thamnophilus,doliatus,,,no,1,1,0,1,1,DM,JS,KS,,
20240307,AZ042,AZBRD042 - 20240307,Panamaes ,6:20,Daptrius,chimachima,,,no,0,1,0,0,0,DM,JS,KS,,
20240307,AZ042,AZBRD042 - 20240307,Panamaes ,6:20,Pionus,menstruus,,,no,0,1,0,0,0,DM,JS,KS,,
20240307,AZ042,AZBRD042 - 20240307,Panamaes ,6:20,Patagioenas,cayennensis,,,no,0,1,0,0,0,DM,JS,KS,,
20240307,AZ042,AZBRD042 - 20240307,Panamaes ,6:20,Megarynchus,pitangua,,,no,0,0,1,0,0,DM,JS,KS,,
20240307,AZ042,AZBRD042 - 20240307,Panamaes ,6:20,Camptostoma,obsoletum,,,no,0,0,1,0,0,DM,JS,KS,,
20240307,AZ042,AZBRD042 - 20240307,Panamaes ,6:20,Pitangus,sulphuratus,,,no,0,0,1,1,1,DM,JS,KS,,
20240307,AZ042,AZBRD042 - 20240307,Panamaes ,6:20,Xiphorhynchus,susurrans,,,no,0,0,0,1,1,DM,JS,KS,,
20240307,AZ042,AZBRD042 - 20240307,Panamaes ,6:20,Brotogeris,jugularis,,,no,0,0,0,1,0,DM,JS,KS,,
20240307,AZ042,AZBRD042 - 20240307,Panamaes ,6:20,Cyanocorax,affinis,,,no,0,0,0,0,1,DM,JS,KS,,
20240307,AZ042,AZBRD042 - 20240307,Panamaes ,6:20,Melanerpes,rubricapillus,,,no,0,0,0,0,1,DM,JS,KS,,
20240307,AZ042,AZBRD042 - 20240307,Panamaes ,6:31,Vireo,flavoviridis,,,yes,,,,,,DM,JS,KS,,
20240307,AZ042,AZBRD042 - 20240307,Panamaes ,6:31,Vireo,flavoviridis,,,yes,,,,,,DM,JS,KS,,
20240307,AZ042,AZBRD042 - 20240307,Panamaes ,6:31,Chiroxiphia,lanceolata,,,yes,,,,,,DM,JS,KS,,
20240307,AZ042,AZBRD042 - 20240307,Panamaes ,6:31,Atalotriccus,pilaris,,,yes,,,,,,DM,JS,KS,,
20240307,AZ042,AZBRD042 - 20240307,Panamaes ,6:31,Camptostoma,obsoletum,,,yes,,,,,,DM,JS,KS,,
20240307,AZ042,AZBRD042 - 20240307,Panamaes ,6:31,Myiozetetes,similis,,,yes,,,,,,DM,JS,KS,,
20240307,AZ042,AZBRD042 - 20240307,Panamaes ,6:31,Phaethornis,striigularis,,,yes,,,,,,DM,JS,KS,,
20240307,AZ042,AZBRD042 - 20240307,Panamaes ,6:31,Leiothlypis,peregrina,,,yes,,,,,,DM,JS,KS,,
20240307,AZ042,AZBRD042 - 20240307,Panamaes ,6:31,Pachysylvia,decurtata,,,yes,,,,,,DM,JS,KS,,
20240307,AZ041,AZBRD041 - 20240307,Panamaes ,7:00,Thamnophilus,doliatus,,,no,1,1,1,1,1,DM,JS,KS,,
20240307,AZ041,AZBRD041 - 20240307,Panamaes ,7:00,Thamnophilus,doliatus,,,no,1,1,1,1,1,DM,JS,KS,,
20240307,AZ041,AZBRD041 - 20240307,Panamaes ,7:00,Chiroxiphia,lanceolata,,,no,1,1,1,1,1,DM,JS,KS,,
20240307,AZ041,AZBRD041 - 20240307,Panamaes ,7:00,Chiroxiphia,lanceolata,,,no,1,1,1,1,1,DM,JS,KS,,
20240307,AZ041,AZBRD041 - 20240307,Panamaes ,7:00,Atalotriccus,pilaris,,,no,1,0,0,1,0,DM,JS,KS,,
20240307,AZ041,AZBRD041 - 20240307,Panamaes ,7:00,Thryophilus,rufalbus,,,no,1,0,0,0,1,DM,JS,KS,,
20240307,AZ041,AZBRD041 - 20240307,Panamaes ,7:00,Chiroxiphia,lanceolata,,,no,0,1,0,1,1,DM,JS,KS,,
20240307,AZ041,AZBRD041 - 20240307,Panamaes ,7:00,Patagioenas,cayennensis,,,no,0,1,0,1,1,DM,JS,KS,,
20240307,AZ041,AZBRD041 - 20240307,Panamaes ,7:00,Brotogeris,jugularis,,,no,0,1,0,0,0,DM,JS,KS,,
20240307,AZ041,AZBRD041 - 20240307,Panamaes ,7:00,Patagioenas,cayennensis,,,no,0,0,1,1,1,DM,JS,KS,,
20240307,AZ041,AZBRD041 - 20240307,Panamaes ,7:00,Leptotila,verreauxi,,,no,0,0,0,1,1,DM,JS,KS,,
20240307,AZ041,AZBRD041 - 20240307,Panamaes ,7:00,Amazilia,tzacatl,,,no,0,0,0,1,0,DM,JS,KS,,
20240307,AZ041,AZBRD041 - 20240307,Panamaes ,7:00,Vireo,flavoviridis,,,no,0,0,0,1,0,DM,JS,KS,,
20240307,AZ041,AZBRD041 - 20240307,Panamaes ,7:00,Camptostoma,obsoletum,,,no,0,0,0,0,1,DM,JS,KS,,
20240307,AZ041,AZBRD041 - 20240307,Panamaes ,7:00,Pachysylvia,decurtata,,,no,0,0,0,0,1,DM,JS,KS,,
20240307,AZ041,AZBRD041 - 20240307,Panamaes ,7:11,Chlorostilbon,assimilis,,,yes,,,,,,DM,JS,KS,,
20240307,AZ041,AZBRD041 - 20240307,Panamaes ,7:11,Thryophilus,rufalbus,,,yes,,,,,,DM,JS,KS,,
20240307,AZ041,AZBRD041 - 20240307,Panamaes ,7:11,Pachysylvia,decurtata,,,yes,,,,,,DM,JS,KS,,
20240307,AZ041,AZBRD041 - 20240307,Panamaes ,7:11,Chiroxiphia,lanceolata,,,yes,,,,,,DM,JS,KS,,
20240307,AZ041,AZBRD041 - 20240307,Panamaes ,7:11,Atalotriccus,pilaris,,,yes,,,,,,DM,JS,KS,,
20240307,AZ040,AZBRD040 - 20240307,Panamaes ,7:38,Chiroxiphia,lanceolata,,,no,1,1,1,1,1,DM,JS,KS,,
20240307,AZ040,AZBRD040 - 20240307,Panamaes ,7:38,Chiroxiphia,lanceolata,,,no,1,1,1,1,1,DM,JS,KS,,
20240307,AZ040,AZBRD040 - 20240307,Panamaes ,7:38,Chiroxiphia,lanceolata,,,no,1,1,1,1,1,DM,JS,KS,,
20240307,AZ040,AZBRD040 - 20240307,Panamaes ,7:38,Thamnophilus,doliatus,,,no,1,1,1,1,1,DM,JS,KS,,
20240307,AZ040,AZBRD040 - 20240307,Panamaes ,7:38,Thamnophilus,doliatus,,,no,1,1,1,1,1,DM,JS,KS,,
20240307,AZ040,AZBRD040 - 20240307,Panamaes ,7:38,Atalotriccus,pilaris,,,no,1,1,1,1,1,DM,JS,KS,,
20240307,AZ040,AZBRD040 - 20240307,Panamaes ,7:38,Leptotila,verreauxi,,,no,1,1,0,0,1,DM,JS,KS,,
20240307,AZ040,AZBRD040 - 20240307,Panamaes ,7:38,Atalotriccus,pilaris,,,no,1,1,0,0,1,DM,JS,KS,,
20240307,AZ040,AZBRD040 - 20240307,Panamaes ,7:38,Vireo,flavoviridis,,,no,1,1,1,1,1,DM,JS,KS,,
20240307,AZ040,AZBRD040 - 20240307,Panamaes ,7:38,Vireo,flavoviridis,,,no,1,1,1,1,1,DM,JS,KS,,
20240307,AZ040,AZBRD040 - 20240307,Panamaes ,7:38,Amazona,ochrocephala,,,no,0,1,0,0,0,DM,JS,KS,,
20240307,AZ040,AZBRD040 - 20240307,Panamaes ,7:38,Camptostoma,obsoletum,,,no,0,1,1,0,1,DM,JS,KS,,
20240307,AZ040,AZBRD040 - 20240307,Panamaes ,7:38,Xiphorhynchus,susurrans,,,no,0,1,0,0,1,DM,JS,KS,,
20240307,AZ040,AZBRD040 - 20240307,Panamaes ,7:38,Euphonia,luteicapilla,,,no,0,1,1,0,0,DM,JS,KS,,
20240307,AZ040,AZBRD040 - 20240307,Panamaes ,7:38,Thryophilus,rufalbus,,,no,0,0,1,1,1,DM,JS,KS,,
20240307,AZ040,AZBRD040 - 20240307,Panamaes ,7:38,Leptotila,verreauxi,,,no,0,0,1,0,0,DM,JS,KS,,
20240307,AZ040,AZBRD040 - 20240307,Panamaes ,7:38,Patagioenas,cayennensis,,,no,0,0,1,0,0,DM,JS,KS,,
20240307,AZ040,AZBRD040 - 20240307,Panamaes ,7:38,Polioptila,bilineata,,,no,0,0,0,1,0,DM,JS,KS,,
20240307,AZ040,AZBRD040 - 20240307,Panamaes ,7:49,Vireo,flavoviridis,,,yes,,,,,,DM,JS,KS,,
20240307,AZ040,AZBRD040 - 20240307,Panamaes ,7:49,Vireo,flavoviridis,,,yes,,,,,,DM,JS,KS,,
20240307,AZ040,AZBRD040 - 20240307,Panamaes ,7:49,Vireo,flavoviridis,,,yes,,,,,,DM,JS,KS,,
20240307,AZ040,AZBRD040 - 20240307,Panamaes ,7:49,Camptostoma,obsoletum,,,yes,,,,,,DM,JS,KS,,
20240307,AZ040,AZBRD040 - 20240307,Panamaes ,7:49,Camptostoma,obsoletum,,,yes,,,,,,DM,JS,KS,,
20240307,AZ040,AZBRD040 - 20240307,Panamaes ,7:49,Camptostoma,obsoletum,,,yes,,,,,,DM,JS,KS,,
20240307,AZ040,AZBRD040 - 20240307,Panamaes ,7:49,Camptostoma,obsoletum,,,yes,,,,,,DM,JS,KS,,
20240307,AZ040,AZBRD040 - 20240307,Panamaes ,7:49,Vireo,flavifrons,,,yes,,,,,,DM,JS,KS,,
20240307,AZ040,AZBRD040 - 20240307,Panamaes ,7:49,Chiroxiphia,lanceolata,,,yes,,,,,,DM,JS,KS,,
20240307,AZ040,AZBRD040 - 20240307,Panamaes ,7:49,Chiroxiphia,lanceolata,,,yes,,,,,,DM,JS,KS,,
20240307,AZ040,AZBRD040 - 20240307,Panamaes ,7:49,Chiroxiphia,lanceolata,,,yes,,,,,,DM,JS,KS,,
20240307,AZ040,AZBRD040 - 20240307,Panamaes ,7:49,Euphonia,luteicapilla,,,yes,,,,,,DM,JS,KS,,
20240307,AZ040,AZBRD040 - 20240307,Panamaes ,7:49,Heliomaster,longirostris,,,yes,,,,,,DM,JS,KS,,
20240307,AZ039,AZBRD039 - 20240307,Panamaes ,8:16,Chiroxiphia,lanceolata,,,no,1,1,1,1,1,DM,JS,KS,,
20240307,AZ039,AZBRD039 - 20240307,Panamaes ,8:16,Chiroxiphia,lanceolata,,,no,1,1,1,1,1,DM,JS,KS,,
20240307,AZ039,AZBRD039 - 20240307,Panamaes ,8:16,Chiroxiphia,lanceolata,,,no,1,1,1,1,1,DM,JS,KS,,
20240307,AZ039,AZBRD039 - 20240307,Panamaes ,8:16,Claravis,pretiosa,,,no,1,1,1,1,0,DM,JS,KS,,
20240307,AZ039,AZBRD039 - 20240307,Panamaes ,8:16,Vireo,flavoviridis,,,no,1,1,1,1,1,DM,JS,KS,,
20240307,AZ039,AZBRD039 - 20240307,Panamaes ,8:16,Vireo,flavoviridis,,,no,1,1,1,1,1,DM,JS,KS,,
20240307,AZ039,AZBRD039 - 20240307,Panamaes ,8:16,Leptotila,verreauxi,,,no,1,1,1,1,1,DM,JS,KS,,
20240307,AZ039,AZBRD039 - 20240307,Panamaes ,8:16,Thamnophilus,doliatus,,,no,1,1,1,0,0,DM,JS,KS,,
20240307,AZ039,AZBRD039 - 20240307,Panamaes ,8:16,Rupornis,magnirostris,,,no,0,1,0,0,0,DM,JS,KS,,
20240307,AZ039,AZBRD039 - 20240307,Panamaes ,8:16,Atalotriccus,pilaris,,,no,0,0,1,0,1,DM,JS,KS,,
20240307,AZ039,AZBRD039 - 20240307,Panamaes ,8:16,Xiphorhynchus,susurrans,,,no,0,0,1,0,1,DM,JS,KS,,
20240307,AZ039,AZBRD039 - 20240307,Panamaes ,8:16,Chrysuronia,coeruleogularis,,,no,0,0,0,1,0,DM,JS,KS,,
20240307,AZ039,AZBRD039 - 20240307,Panamaes ,8:16,Camptostoma,obsoletum,,,no,0,0,0,1,1,DM,JS,KS,,
20240307,AZ039,AZBRD039 - 20240307,Panamaes ,8:16,Cathartes,aura,,,no,0,0,0,1,0,DM,JS,KS,,
20240307,AZ039,AZBRD039 - 20240307,Panamaes ,8:16,Melanerpes,rubricapillus,,,no,0,0,0,0,1,DM,JS,KS,,
20240307,AZ039,AZBRD039 - 20240307,Panamaes ,8:16,Brotogeris,jugularis,,,no,0,0,0,0,1,DM,JS,KS,,
20240307,AZ039,AZBRD039 - 20240307,Panamaes ,8:16,Patagioenas,cayennensis,,,no,0,0,0,0,1,DM,JS,KS,,
20240307,AZ039,AZBRD039 - 20240307,Panamaes ,8:27,Chiroxiphia,lanceolata,,,yes,,,,,,DM,JS,KS,,
20240307,AZ039,AZBRD039 - 20240307,Panamaes ,8:27,Chiroxiphia,lanceolata,,,yes,,,,,,DM,JS,KS,,
20240307,AZ039,AZBRD039 - 20240307,Panamaes ,8:27,Chiroxiphia,lanceolata,,,yes,,,,,,DM,JS,KS,,
20240307,AZ039,AZBRD039 - 20240307,Panamaes ,8:27,Chiroxiphia,lanceolata,,,yes,,,,,,DM,JS,KS,,
20240307,AZ039,AZBRD039 - 20240307,Panamaes ,8:27,Chiroxiphia,lanceolata,,,yes,,,,,,DM,JS,KS,,
20240307,AZ039,AZBRD039 - 20240307,Panamaes ,8:27,Pachysylvia,decurtata,,,yes,,,,,,DM,JS,KS,,
20240307,AZ039,AZBRD039 - 20240307,Panamaes ,8:27,Camptostoma,obsoletum,,,yes,,,,,,DM,JS,KS,,
20240307,AZ039,AZBRD039 - 20240307,Panamaes ,8:27,Thryophilus,rufalbus,,,yes,,,,,,DM,JS,KS,,
20240307,AZ045,AZBRD045 - 20240307,Panamaes ,8:55,Vireo,flavoviridis,,,no,1,1,1,1,1,DM,JS,KS,,
20240307,AZ045,AZBRD045 - 20240307,Panamaes ,8:55,Chiroxiphia,lanceolata,,,no,1,1,1,1,1,DM,JS,KS,,
20240307,AZ045,AZBRD045 - 20240307,Panamaes ,8:55,Chiroxiphia,lanceolata,,,no,1,1,1,1,1,DM,JS,KS,,
20240307,AZ045,AZBRD045 - 20240307,Panamaes ,8:55,Cathartes,aura,,,no,1,0,0,0,0,DM,JS,KS,,
20240307,AZ045,AZBRD045 - 20240307,Panamaes ,8:55,Leptotila,verreauxi,,,no,1,1,0,0,0,DM,JS,KS,,
20240307,AZ045,AZBRD045 - 20240307,Panamaes ,8:55,Vireo,flavoviridis,,,no,0,1,0,1,1,DM,JS,KS,,
20240307,AZ045,AZBRD045 - 20240307,Panamaes ,8:55,Myiarchus,crinitus,,,no,0,1,1,0,1,DM,JS,KS,,
20240307,AZ045,AZBRD045 - 20240307,Panamaes ,8:55,Chiroxiphia,lanceolata,,,no,0,0,1,1,1,DM,JS,KS,,
20240307,AZ045,AZBRD045 - 20240307,Panamaes ,8:55,Chiroxiphia,lanceolata,,,no,0,0,1,1,1,DM,JS,KS,,
20240307,AZ045,AZBRD045 - 20240307,Panamaes ,8:55,Polioptila,bilineata,,,no,0,0,0,0,1,DM,JS,KS,,
20240307,AZ045,AZBRD045 - 20240307,Panamaes ,9:07,Thryophilus,rufalbus,,,yes,,,,,,DM,JS,KS,,
20240307,AZ045,AZBRD045 - 20240307,Panamaes ,9:07,Chiroxiphia,lanceolata,,,yes,,,,,,DM,JS,KS,,
20240307,AZ045,AZBRD045 - 20240307,Panamaes ,9:07,Chiroxiphia,lanceolata,,,yes,,,,,,DM,JS,KS,,
20240307,AZ045,AZBRD045 - 20240307,Panamaes ,9:07,Chiroxiphia,lanceolata,,,yes,,,,,,DM,JS,KS,,
20240307,AZ045,AZBRD045 - 20240307,Panamaes ,9:07,Chiroxiphia,lanceolata,,,yes,,,,,,DM,JS,KS,,
20240307,AZ045,AZBRD045 - 20240307,Panamaes ,9:07,Myiarchus,crinitus,,,yes,,,,,,DM,JS,KS,,
20240307,AZ045,AZBRD045 - 20240307,Panamaes ,9:07,Thamnophilus,doliatus,,,yes,,,,,,DM,JS,KS,,
20240307,AZ045,AZBRD045 - 20240307,Panamaes ,9:07,Thamnophilus,doliatus,,,yes,,,,,,DM,JS,KS,,
20240307,AZ045,AZBRD045 - 20240307,Panamaes ,9:07,Thamnophilus,doliatus,,,yes,,,,,,DM,JS,KS,,
20240307,AZ044,AZBRD044 - 20240307,Panamaes ,9:37,Chiroxiphia,lanceolata,,,no,1,1,1,1,1,DM,JS,KS,,
20240307,AZ044,AZBRD044 - 20240307,Panamaes ,9:37,Chiroxiphia,lanceolata,,,no,1,1,1,1,1,DM,JS,KS,,
20240307,AZ044,AZBRD044 - 20240307,Panamaes ,9:37,Chiroxiphia,lanceolata,,,no,1,1,1,1,1,DM,JS,KS,,
20240307,AZ044,AZBRD044 - 20240307,Panamaes ,9:37,Chiroxiphia,lanceolata,,,no,1,1,1,1,1,DM,JS,KS,,
20240307,AZ044,AZBRD044 - 20240307,Panamaes ,9:37,Chiroxiphia,lanceolata,,,no,1,1,1,1,1,DM,JS,KS,,
20240307,AZ044,AZBRD044 - 20240307,Panamaes ,9:37,Vireo,flavoviridis,,,no,1,0,1,1,1,DM,JS,KS,,
20240307,AZ044,AZBRD044 - 20240307,Panamaes ,9:37,Melanerpes,rubricapillus,,,no,1,0,0,0,0,DM,JS,KS,,
20240307,AZ044,AZBRD044 - 20240307,Panamaes ,9:37,Euphonia,luteicapilla,,,no,1,1,1,1,0,DM,JS,KS,,
20240307,AZ044,AZBRD044 - 20240307,Panamaes ,9:37,Euphonia,luteicapilla,,,no,0,1,0,1,0,DM,JS,KS,,
20240307,AZ044,AZBRD044 - 20240307,Panamaes ,9:37,Euphonia,luteicapilla,,,no,0,1,1,1,0,DM,JS,KS,,
20240307,AZ044,AZBRD044 - 20240307,Panamaes ,9:37,Euphonia,luteicapilla,,,no,0,1,1,1,0,DM,JS,KS,,
20240307,AZ044,AZBRD044 - 20240307,Panamaes ,9:37,Euphonia,luteicapilla,,,no,0,1,1,1,0,DM,JS,KS,,
20240307,AZ044,AZBRD044 - 20240307,Panamaes ,9:37,Vireo,flavoviridis,,,no,0,0,1,1,1,DM,JS,KS,,
20240307,AZ044,AZBRD044 - 20240307,Panamaes ,9:37,Camptostoma,obsoletum,,,no,0,0,0,1,0,DM,JS,KS,,
20240307,AZ044,AZBRD044 - 20240307,Panamaes ,9:37,Vireo,flavoviridis,,,no,0,0,0,1,1,DM,JS,KS,,
20240307,AZ044,AZBRD044 - 20240307,Panamaes ,9:37,Myiozetetes,similis,,,no,0,0,0,0,1,DM,JS,KS,,
20240307,AZ044,AZBRD044 - 20240307,Panamaes ,9:48,Chiroxiphia,lanceolata,,,yes,,,,,,DM,JS,KS,,
20240307,AZ044,AZBRD044 - 20240307,Panamaes ,9:48,Chiroxiphia,lanceolata,,,yes,,,,,,DM,JS,KS,,
20240307,AZ044,AZBRD044 - 20240307,Panamaes ,9:48,Chiroxiphia,lanceolata,,,yes,,,,,,DM,JS,KS,,
20240307,AZ044,AZBRD044 - 20240307,Panamaes ,9:48,Chiroxiphia,lanceolata,,,yes,,,,,,DM,JS,KS,,
20240307,AZ044,AZBRD044 - 20240307,Panamaes ,9:48,Chiroxiphia,lanceolata,,,yes,,,,,,DM,JS,KS,,
20240307,AZ044,AZBRD044 - 20240307,Panamaes ,9:48,Chiroxiphia,lanceolata,,,yes,,,,,,DM,JS,KS,,
20240307,AZ044,AZBRD044 - 20240307,Panamaes ,9:48,Chiroxiphia,lanceolata,,,yes,,,,,,DM,JS,KS,,
20240307,AZ044,AZBRD044 - 20240307,Panamaes ,9:48,Amazilia,tzacatl,,,yes,,,,,,DM,JS,KS,,
20240307,AZ044,AZBRD044 - 20240307,Panamaes ,9:48,Vireo,flavoviridis,,,yes,,,,,,DM,JS,KS,,
20240307,AZ044,AZBRD044 - 20240307,Panamaes ,9:48,Vireo,flavoviridis,,,yes,,,,,,DM,JS,KS,,
20240307,AZ044,AZBRD044 - 20240307,Panamaes ,9:48,Vireo,flavoviridis,,,yes,,,,,,DM,JS,KS,,
20240307,AZ044,AZBRD044 - 20240307,Panamaes ,9:48,Vireo,flavoviridis,,,yes,,,,,,DM,JS,KS,,
20240307,AZ044,AZBRD044 - 20240307,Panamaes ,9:48,Thamnophilus,bridgesi,,,yes,,,,,,DM,JS,KS,,
20240307,AZ044,AZBRD044 - 20240307,Panamaes ,9:48,Thamnophilus,bridgesi,,,yes,,,,,,DM,JS,KS,,
20240307,AZ044,AZBRD044 - 20240307,Panamaes ,9:48,Thamnophilus,bridgesi,,,yes,,,,,,DM,JS,KS,,
20240307,AZ044,AZBRD044 - 20240307,Panamaes ,9:48,Thamnophilus,bridgesi,,,yes,,,,,,DM,JS,KS,,
20240307,AZ044,AZBRD044 - 20240307,Panamaes ,9:48,Xiphorhynchus,susurrans,,,yes,,,,,,DM,JS,KS,,
20240307,AZ044,AZBRD044 - 20240307,Panamaes ,9:48,Myiarchus,crinitus,,,yes,,,,,,DM,JS,KS,,
20240308,AZ044,AZBRD044 - 20240308,Panamaes ,6:20,Chiroxiphia,lanceolata,,,no,1,1,1,1,1,DM,JS,ST,,
20240308,AZ044,AZBRD044 - 20240308,Panamaes ,6:20,Chiroxiphia,lanceolata,,,no,1,1,1,1,1,DM,JS,ST,,
20240308,AZ044,AZBRD044 - 20240308,Panamaes ,6:20,Chiroxiphia,lanceolata,,,no,1,1,1,1,1,DM,JS,ST,,
20240308,AZ044,AZBRD044 - 20240308,Panamaes ,6:20,Chiroxiphia,lanceolata,,,no,1,1,1,1,1,DM,JS,ST,,
20240308,AZ044,AZBRD044 - 20240308,Panamaes ,6:20,Chiroxiphia,lanceolata,,,no,1,1,1,1,1,DM,JS,ST,,
20240308,AZ044,AZBRD044 - 20240308,Panamaes ,6:20,Micrastur,semitorquatus,,,no,1,0,0,0,0,DM,JS,ST,,
20240308,AZ044,AZBRD044 - 20240308,Panamaes ,6:20,Camptostoma,obsoletum,,,no,1,1,1,1,1,DM,JS,ST,,
20240308,AZ044,AZBRD044 - 20240308,Panamaes ,6:20,Amazilia,tzacatl,,,no,1,0,0,0,0,DM,JS,ST,,
20240308,AZ044,AZBRD044 - 20240308,Panamaes ,6:20,Vireo,flavoviridis,,,no,0,1,0,0,1,DM,JS,ST,,
20240308,AZ044,AZBRD044 - 20240308,Panamaes ,6:20,Atalotriccus,pilaris,,,no,0,1,0,1,0,DM,JS,ST,,
20240308,AZ044,AZBRD044 - 20240308,Panamaes ,6:20,Xiphorhynchus,susurrans,,,no,0,1,0,0,0,DM,JS,ST,,
20240308,AZ044,AZBRD044 - 20240308,Panamaes ,6:20,Thamnophilus,bridgesi,,,no,0,0,1,0,0,DM,JS,ST,,
20240308,AZ044,AZBRD044 - 20240308,Panamaes ,6:20,Xiphorhynchus,susurrans,,,no,0,0,1,1,0,DM,JS,ST,,
20240308,AZ044,AZBRD044 - 20240308,Panamaes ,6:20,Thryophilus,rufalbus,,,no,0,0,0,1,0,DM,JS,ST,,
20240308,AZ044,AZBRD044 - 20240308,Panamaes ,6:20,Vireo,flavoviridis,,,no,0,0,0,1,0,DM,JS,ST,,
20240308,AZ044,AZBRD044 - 20240308,Panamaes ,6:20,Thryophilus,rufalbus,,,no,0,0,0,1,1,DM,JS,ST,,
20240308,AZ044,AZBRD044 - 20240308,Panamaes ,6:20,Patagioenas,cayennensis,,,no,0,0,0,0,1,DM,JS,ST,,
20240308,AZ044,AZBRD044 - 20240308,Panamaes ,6:20,Amazilia,tzacatl,,,no,0,0,0,0,1,DM,JS,ST,,
20240308,AZ044,AZBRD044 - 20240308,Panamaes ,6:33,Amazilia,tzacatl,,,yes,,,,,,DM,JS,ST,,
20240308,AZ044,AZBRD044 - 20240308,Panamaes ,6:33,Amazilia,tzacatl,,,yes,,,,,,DM,JS,ST,,
20240308,AZ045,AZBRD045 - 20240308,Panamaes ,6:58,Vireo,flavoviridis,,,no,1,1,0,0,0,DM,JS,ST,,
20240308,AZ045,AZBRD045 - 20240308,Panamaes ,6:58,Vireo,flavoviridis,,,no,1,1,0,0,0,DM,JS,ST,,
20240308,AZ045,AZBRD045 - 20240308,Panamaes ,6:58,Chiroxiphia,lanceolata,,,no,1,1,1,1,1,DM,JS,ST,,
20240308,AZ045,AZBRD045 - 20240308,Panamaes ,6:58,Chiroxiphia,lanceolata,,,no,1,1,1,1,1,DM,JS,ST,,
20240308,AZ045,AZBRD045 - 20240308,Panamaes ,6:58,Chiroxiphia,lanceolata,,,no,1,1,1,1,1,DM,JS,ST,,
20240308,AZ045,AZBRD045 - 20240308,Panamaes ,6:58,Leptotila,verreauxi,,,no,1,1,1,1,1,DM,JS,ST,,
20240308,AZ045,AZBRD045 - 20240308,Panamaes ,6:58,Amazilia,tzacatl,,,no,1,1,0,0,0,DM,JS,ST,,
20240308,AZ045,AZBRD045 - 20240308,Panamaes ,6:58,Patagioenas,cayennensis,,,no,1,1,1,1,0,DM,JS,ST,,
20240308,AZ045,AZBRD045 - 20240308,Panamaes ,6:58,Thryophilus,rufalbus,,,no,0,1,0,0,0,DM,JS,ST,,
20240308,AZ045,AZBRD045 - 20240308,Panamaes ,6:58,Leptotila,verreauxi,,,no,0,1,0,0,0,DM,JS,ST,,
20240308,AZ045,AZBRD045 - 20240308,Panamaes ,6:58,Leptotila,verreauxi,,,no,0,1,1,1,1,DM,JS,ST,,
20240308,AZ045,AZBRD045 - 20240308,Panamaes ,6:58,Atalotriccus,pilaris,,,no,0,1,0,1,1,DM,JS,ST,,
20240308,AZ045,AZBRD045 - 20240308,Panamaes ,6:58,Xiphorhynchus,susurrans,,,no,0,0,1,0,1,DM,JS,ST,,
20240308,AZ045,AZBRD045 - 20240308,Panamaes ,6:58,Brotogeris,jugularis,,,no,0,0,1,0,0,DM,JS,ST,,
20240308,AZ045,AZBRD045 - 20240308,Panamaes ,6:58,Euphonia,luteicapilla,,,no,0,0,1,0,0,DM,JS,ST,,
20240308,AZ045,AZBRD045 - 20240308,Panamaes ,6:58,Thamnophilus,doliatus,,,no,0,0,0,1,0,DM,JS,ST,,
20240308,AZ045,AZBRD045 - 20240308,Panamaes ,6:58,Thamnophilus,doliatus,,,no,0,0,0,1,0,DM,JS,ST,,
20240308,AZ045,AZBRD045 - 20240308,Panamaes ,6:58,Camptostoma,obsoletum,,,no,0,0,0,1,0,DM,JS,ST,,
20240308,AZ045,AZBRD045 - 20240308,Panamaes ,6:58,Patagioenas,cayennensis,,,no,0,0,0,0,1,DM,JS,ST,,
20240308,AZ045,AZBRD045 - 20240308,Panamaes ,6:58,Piaya,cayana,,,no,0,0,0,0,1,DM,JS,ST,,
20240308,AZ045,AZBRD045 - 20240308,Panamaes ,6:58,Camptostoma,obsoletum,,,no,0,0,0,0,1,DM,JS,ST,,
20240308,AZ045,AZBRD045 - 20240308,Panamaes ,6:58,Herpetotheres,cachinnans,,,no,0,0,0,0,1,DM,JS,ST,,
20240308,AZ045,AZBRD045 - 20240308,Panamaes ,7:09,Chiroxiphia,lanceolata,,,yes,,,,,,DM,JS,ST,,
20240308,AZ045,AZBRD045 - 20240308,Panamaes ,7:09,Chiroxiphia,lanceolata,,,yes,,,,,,DM,JS,ST,,
20240308,AZ045,AZBRD045 - 20240308,Panamaes ,7:09,Chiroxiphia,lanceolata,,,yes,,,,,,DM,JS,ST,,
20240308,AZ045,AZBRD045 - 20240308,Panamaes ,7:09,Chiroxiphia,lanceolata,,,yes,,,,,,DM,JS,ST,,
20240308,AZ045,AZBRD045 - 20240308,Panamaes ,7:09,Saucerottia,edward,,,yes,,,,,,DM,JS,ST,,
20240308,AZ045,AZBRD045 - 20240308,Panamaes ,7:09,Amazilia,tzacatl,,,yes,,,,,,DM,JS,ST,,
20240308,AZ045,AZBRD045 - 20240308,Panamaes ,7:09,Polioptila,bilineata,,,yes,,,,,,DM,JS,ST,,
20240308,AZ045,AZBRD045 - 20240308,Panamaes ,7:09,Cathartes,aura,,,yes,,,,,,DM,JS,ST,,
20240308,AZ045,AZBRD045 - 20240308,Panamaes ,7:09,Myiarchus,crinitus,,,yes,,,,,,DM,JS,ST,,
20240308,AZ045,AZBRD045 - 20240308,Panamaes ,7:09,Thryophilus,rufalbus,,,yes,,,,,,DM,JS,ST,,
20240308,AZ039,AZBRD039 - 20240308,Panamaes ,7:36,Chiroxiphia,lanceolata,,,no,1,1,1,1,1,DM,JS,ST,,
20240308,AZ039,AZBRD039 - 20240308,Panamaes ,7:36,Chiroxiphia,lanceolata,,,no,1,1,1,1,1,DM,JS,ST,,
20240308,AZ039,AZBRD039 - 20240308,Panamaes ,7:36,Chiroxiphia,lanceolata,,,no,1,1,1,1,1,DM,JS,ST,,
20240308,AZ039,AZBRD039 - 20240308,Panamaes ,7:36,Chiroxiphia,lanceolata,,,no,1,1,1,1,1,DM,JS,ST,,
20240308,AZ039,AZBRD039 - 20240308,Panamaes ,7:36,Thamnophilus,doliatus,,,no,1,1,1,1,0,DM,JS,ST,,
20240308,AZ039,AZBRD039 - 20240308,Panamaes ,7:36,Thamnophilus,doliatus,,,no,1,0,0,0,0,DM,JS,ST,,
20240308,AZ039,AZBRD039 - 20240308,Panamaes ,7:36,Thamnophilus,doliatus,,,no,1,0,0,0,0,DM,JS,ST,,
20240308,AZ039,AZBRD039 - 20240308,Panamaes ,7:36,Thryophilus,rufalbus,,,no,1,0,0,0,0,DM,JS,ST,,
20240308,AZ039,AZBRD039 - 20240308,Panamaes ,7:36,Camptostoma,obsoletum,,,no,1,1,1,1,1,DM,JS,ST,,
20240308,AZ039,AZBRD039 - 20240308,Panamaes ,7:36,Tyrannulus,elatus,,,no,1,0,0,0,0,DM,JS,ST,,
20240308,AZ039,AZBRD039 - 20240308,Panamaes ,7:36,Atalotriccus,pilaris,,,no,0,1,0,1,1,DM,JS,ST,,
20240308,AZ039,AZBRD039 - 20240308,Panamaes ,7:36,Leptotila,verreauxi,,,no,0,1,0,1,0,DM,JS,ST,,
20240308,AZ039,AZBRD039 - 20240308,Panamaes ,7:36,Euphonia,luteicapilla,,,no,0,1,1,0,0,DM,JS,ST,,
20240308,AZ039,AZBRD039 - 20240308,Panamaes ,7:36,Euphonia,luteicapilla,,,no,0,1,1,0,0,DM,JS,ST,,
20240308,AZ039,AZBRD039 - 20240308,Panamaes ,7:36,Atalotriccus,pilaris,,,no,0,1,1,0,0,DM,JS,ST,,
20240308,AZ039,AZBRD039 - 20240308,Panamaes ,7:36,Xiphorhynchus,susurrans,,,no,0,0,1,0,0,DM,JS,ST,,
20240308,AZ039,AZBRD039 - 20240308,Panamaes ,7:36,Thryophilus,rufalbus,,,no,0,0,1,0,0,DM,JS,ST,,
20240308,AZ039,AZBRD039 - 20240308,Panamaes ,7:36,Daptrius,chimachima,,,no,0,0,1,0,0,DM,JS,ST,,
20240308,AZ039,AZBRD039 - 20240308,Panamaes ,7:36,Vireo,flavoviridis,,,no,0,0,1,1,1,DM,JS,ST,,
20240308,AZ039,AZBRD039 - 20240308,Panamaes ,7:36,Patagioenas,cayennensis,,,no,0,0,1,1,1,DM,JS,ST,,
20240308,AZ039,AZBRD039 - 20240308,Panamaes ,7:36,Myiarchus,crinitus,,,no,0,0,0,0,1,DM,JS,ST,,
20240308,AZ039,AZBRD039 - 20240308,Panamaes ,7:46,Camptostoma,obsoletum,,,yes,,,,,,DM,JS,ST,,
20240308,AZ039,AZBRD039 - 20240308,Panamaes ,7:46,Chiroxiphia,lanceolata,,,yes,,,,,,DM,JS,ST,,
20240308,AZ039,AZBRD039 - 20240308,Panamaes ,7:46,Chiroxiphia,lanceolata,,,yes,,,,,,DM,JS,ST,,
20240308,AZ039,AZBRD039 - 20240308,Panamaes ,7:46,Chiroxiphia,lanceolata,,,yes,,,,,,DM,JS,ST,,
20240308,AZ039,AZBRD039 - 20240308,Panamaes ,7:46,Chiroxiphia,lanceolata,,,yes,,,,,,DM,JS,ST,,
20240308,AZ039,AZBRD039 - 20240308,Panamaes ,7:46,Chiroxiphia,lanceolata,,,yes,,,,,,DM,JS,ST,,
20240308,AZ039,AZBRD039 - 20240308,Panamaes ,7:46,Chiroxiphia,lanceolata,,,yes,,,,,,DM,JS,ST,,
20240308,AZ039,AZBRD039 - 20240308,Panamaes ,7:46,Chiroxiphia,lanceolata,,,yes,,,,,,DM,JS,ST,,
20240308,AZ039,AZBRD039 - 20240308,Panamaes ,7:46,Chiroxiphia,lanceolata,,,yes,,,,,,DM,JS,ST,,
20240308,AZ039,AZBRD039 - 20240308,Panamaes ,7:46,Chiroxiphia,lanceolata,,,yes,,,,,,DM,JS,ST,,
20240308,AZ039,AZBRD039 - 20240308,Panamaes ,7:46,Chiroxiphia,lanceolata,,,yes,,,,,,DM,JS,ST,,
20240308,AZ039,AZBRD039 - 20240308,Panamaes ,7:46,saucerottia,edward,,,yes,,,,,,DM,JS,ST,,
20240308,AZ039,AZBRD039 - 20240308,Panamaes ,7:46,saucerottia,edward,,,yes,,,,,,DM,JS,ST,,
20240308,AZ039,AZBRD039 - 20240308,Panamaes ,7:46,saucerottia,edward,,,yes,,,,,,DM,JS,ST,,
20240308,AZ039,AZBRD039 - 20240308,Panamaes ,7:46,Amazilia,tzacatl,,,yes,,,,,,DM,JS,ST,,
20240308,AZ039,AZBRD039 - 20240308,Panamaes ,7:46,Amazilia,tzacatl,,,yes,,,,,,DM,JS,ST,,
20240308,AZ039,AZBRD039 - 20240308,Panamaes ,7:46,Atalotriccus,pilaris,,,yes,,,,,,DM,JS,ST,,
20240308,AZ039,AZBRD039 - 20240308,Panamaes ,7:46,Xiphorhynchus,susurrans,,,yes,,,,,,DM,JS,ST,,
20240308,AZ039,AZBRD039 - 20240308,Panamaes ,7:46,Vireo,flavoviridis,,,yes,,,,,,DM,JS,ST,,
20240308,AZ040,AZBRD040 - 20240308,Panamaes ,8:12,Chiroxiphia,lanceolata,,,no,1,1,1,1,1,DM,JS,ST,,
20240308,AZ040,AZBRD040 - 20240308,Panamaes ,8:12,Chiroxiphia,lanceolata,,,no,1,1,1,1,1,DM,JS,ST,,
20240308,AZ040,AZBRD040 - 20240308,Panamaes ,8:12,Chiroxiphia,lanceolata,,,no,1,1,1,1,1,DM,JS,ST,,
20240308,AZ040,AZBRD040 - 20240308,Panamaes ,8:12,Chiroxiphia,lanceolata,,,no,1,1,1,1,1,DM,JS,ST,,
20240308,AZ040,AZBRD040 - 20240308,Panamaes ,8:12,Tapera,naevia,,,no,1,1,1,1,1,DM,JS,ST,,
20240308,AZ040,AZBRD040 - 20240308,Panamaes ,8:12,Xiphorhynchus,susurrans,,,no,1,0,0,0,0,DM,JS,ST,,
20240308,AZ040,AZBRD040 - 20240308,Panamaes ,8:12,Atalotriccus,pilaris,,,no,1,0,0,0,0,DM,JS,ST,,
20240308,AZ040,AZBRD040 - 20240308,Panamaes ,8:12,Vireo,flavoviridis,,,no,1,1,0,1,1,DM,JS,ST,,
20240308,AZ040,AZBRD040 - 20240308,Panamaes ,8:12,Brotogeris,jugularis,,,no,1,0,0,0,0,DM,JS,ST,,
20240308,AZ040,AZBRD040 - 20240308,Panamaes ,8:12,Patagioenas,cayennensis,,,no,0,1,1,1,0,DM,JS,ST,,
20240308,AZ040,AZBRD040 - 20240308,Panamaes ,8:12,Leptotila,verreauxi,,,no,0,1,1,1,0,DM,JS,ST,,
20240308,AZ040,AZBRD040 - 20240308,Panamaes ,8:12,Leptotila,verreauxi,,,no,0,1,1,1,0,DM,JS,ST,,
20240308,AZ040,AZBRD040 - 20240308,Panamaes ,8:12,Atalotriccus,pilaris,,,no,0,0,1,0,0,DM,JS,ST,,
20240308,AZ040,AZBRD040 - 20240308,Panamaes ,8:12,Tapera,naevia,,,no,0,0,1,1,1,DM,JS,ST,,
20240308,AZ040,AZBRD040 - 20240308,Panamaes ,8:12,Patagioenas,cayennensis,,,no,0,0,0,1,0,DM,JS,ST,,
20240308,AZ040,AZBRD040 - 20240308,Panamaes ,8:12,Thryophilus,rufalbus,,,no,0,0,0,0,1,DM,JS,ST,,
20240308,AZ040,AZBRD040 - 20240308,Panamaes ,8:12,Atalotriccus,pilaris,,,no,0,0,0,0,1,DM,JS,ST,,
20240308,AZ040,AZBRD040 - 20240308,Panamaes ,8:12,Camptostoma,obsoletum,,,no,0,0,0,0,1,DM,JS,ST,,
20240308,AZ040,AZBRD040 - 20240308,Panamaes ,8:24,Vireo,flavoviridis,,,yes,,,,,,DM,JS,ST,,
20240308,AZ040,AZBRD040 - 20240308,Panamaes ,8:24,Vireo,flavoviridis,,,yes,,,,,,DM,JS,ST,,
20240308,AZ040,AZBRD040 - 20240308,Panamaes ,8:24,Vireo,flavoviridis,,,yes,,,,,,DM,JS,ST,,
20240308,AZ040,AZBRD040 - 20240308,Panamaes ,8:24,Vireo,flavoviridis,,,yes,,,,,,DM,JS,ST,,
20240308,AZ040,AZBRD040 - 20240308,Panamaes ,8:24,Vireo,flavoviridis,,,yes,,,,,,DM,JS,ST,,
20240308,AZ040,AZBRD040 - 20240308,Panamaes ,8:24,Heliomaster,longirostris,,,yes,,,,,,DM,JS,ST,,
20240308,AZ040,AZBRD040 - 20240308,Panamaes ,8:24,Pachysylvia,decurtata,,,yes,,,,,,DM,JS,ST,,
20240308,AZ040,AZBRD040 - 20240308,Panamaes ,8:24,Myiarchus,crinitus,,,yes,,,,,,DM,JS,ST,,
20240308,AZ040,AZBRD040 - 20240308,Panamaes ,8:24,Atalotriccus,pilaris,,,yes,,,,,,DM,JS,ST,,
20240308,AZ040,AZBRD040 - 20240308,Panamaes ,8:24,Atalotriccus,pilaris,,,yes,,,,,,DM,JS,ST,,
20240308,AZ040,AZBRD040 - 20240308,Panamaes ,8:24,Chrysuronia,coeruleogularis,,,yes,,,,,,DM,JS,ST,,
20240308,AZ041,AZBRD041 - 20240308,Panamaes ,8:51,Patagioenas,cayennensis,,,no,1,1,1,1,0,DM,JS,ST,,
20240308,AZ041,AZBRD041 - 20240308,Panamaes ,8:51,Chiroxiphia,lanceolata,,,no,1,1,1,1,1,DM,JS,ST,,
20240308,AZ041,AZBRD041 - 20240308,Panamaes ,8:51,Chiroxiphia,lanceolata,,,no,1,1,1,1,1,DM,JS,ST,,
20240308,AZ041,AZBRD041 - 20240308,Panamaes ,8:51,Myiarchus,crinitus,,,no,1,1,1,0,0,DM,JS,ST,,
20240308,AZ041,AZBRD041 - 20240308,Panamaes ,8:51,Vireo,flavoviridis,,,no,1,1,0,1,0,DM,JS,ST,,
20240308,AZ041,AZBRD041 - 20240308,Panamaes ,8:51,Leptotila,verreauxi,,,no,1,0,0,1,1,DM,JS,ST,,
20240308,AZ041,AZBRD041 - 20240308,Panamaes ,8:51,Atalotriccus,pilaris,,,no,1,0,1,1,0,DM,JS,ST,,
20240308,AZ041,AZBRD041 - 20240308,Panamaes ,8:51,Amazilia,tzacatl,,,no,0,1,0,0,0,DM,JS,ST,,
20240308,AZ041,AZBRD041 - 20240308,Panamaes ,8:51,Atalotriccus,pilaris,,,no,0,0,1,0,0,DM,JS,ST,,
20240308,AZ041,AZBRD041 - 20240308,Panamaes ,8:51,Atalotriccus,pilaris,,,no,0,0,1,0,0,DM,JS,ST,,
20240308,AZ041,AZBRD041 - 20240308,Panamaes ,8:51,Leptotila,verreauxi,,,no,0,0,1,0,1,DM,JS,ST,,
20240308,AZ041,AZBRD041 - 20240308,Panamaes ,8:51,Pachysylvia,decurtata,,,no,0,0,0,1,1,DM,JS,ST,,
20240308,AZ041,AZBRD041 - 20240308,Panamaes ,8:51,Thryophilus,rufalbus,,,no,0,0,0,1,0,DM,JS,ST,,
20240308,AZ041,AZBRD041 - 20240308,Panamaes ,9:01,Cathartes,aura,,,yes,,,,,,DM,JS,ST,,
20240308,AZ041,AZBRD041 - 20240308,Panamaes ,9:01,Pachysylvia,decurtata,,,yes,,,,,,DM,JS,ST,,
20240308,AZ041,AZBRD041 - 20240308,Panamaes ,9:01,Chiroxiphia,lanceolata,,,yes,,,,,,DM,JS,ST,,
20240308,AZ041,AZBRD041 - 20240308,Panamaes ,9:01,Myiarchus,crinitus,,,yes,,,,,,DM,JS,ST,,
20240308,AZ041,AZBRD041 - 20240308,Panamaes ,9:01,Chiroxiphia,lanceolata,,,yes,,,,,,DM,JS,ST,,
20240308,AZ041,AZBRD041 - 20240308,Panamaes ,9:01,Chiroxiphia,lanceolata,,,yes,,,,,,DM,JS,ST,,
20240308,AZ041,AZBRD041 - 20240308,Panamaes ,9:01,Chiroxiphia,lanceolata,,,yes,,,,,,DM,JS,ST,,
20240308,AZ041,AZBRD041 - 20240308,Panamaes ,9:01,Tolmomyias,sulphurescens,,,yes,,,,,,DM,JS,ST,,
20240308,AZ041,AZBRD041 - 20240308,Panamaes ,9:01,Tolmomyias,sulphurescens,,,yes,,,,,,DM,JS,ST,,
20240308,AZ042,AZBRD042 - 20240308,Panamaes ,9:30,Leptotila,verreauxi,,,no,1,1,1,1,1,DM,JS,ST,,
20240308,AZ042,AZBRD042 - 20240308,Panamaes ,9:30,Chiroxiphia,lanceolata,,,no,1,1,0,1,0,DM,JS,ST,,
20240308,AZ042,AZBRD042 - 20240308,Panamaes ,9:30,Leptotila,verreauxi,,,no,1,1,1,1,1,DM,JS,ST,,
20240308,AZ042,AZBRD042 - 20240308,Panamaes ,9:30,Phaethornis,striigularis,,,no,1,0,0,0,0,DM,JS,ST,,
20240308,AZ042,AZBRD042 - 20240308,Panamaes ,9:30,Chiroxiphia,lanceolata,,,no,1,1,1,0,1,DM,JS,ST,,
20240308,AZ042,AZBRD042 - 20240308,Panamaes ,9:30,Atalotriccus,pilaris,,,no,0,1,1,1,1,DM,JS,ST,,
20240308,AZ042,AZBRD042 - 20240308,Panamaes ,9:30,Atalotriccus,pilaris,,,no,0,1,1,1,1,DM,JS,ST,,
20240308,AZ042,AZBRD042 - 20240308,Panamaes ,9:30,Tapera,naevia,,,no,0,1,0,1,0,DM,JS,ST,,
20240308,AZ042,AZBRD042 - 20240308,Panamaes ,9:30,Vireo,flavoviridis,,,no,0,1,1,1,1,DM,JS,ST,,
20240308,AZ042,AZBRD042 - 20240308,Panamaes ,9:30,Thraupis,episcopus,,,no,0,0,1,0,1,DM,JS,ST,,
20240308,AZ042,AZBRD042 - 20240308,Panamaes ,9:30,Coccyzus,minor,,,no,0,0,0,0,1,DM,JS,ST,,
20240308,AZ042,AZBRD042 - 20240308,Panamaes ,9:43,Vireo,flavoviridis,,,yes,,,,,,DM,JS,ST,,
20240308,AZ042,AZBRD042 - 20240308,Panamaes ,9:43,Pachysylvia,decurtata,,,yes,,,,,,DM,JS,ST,,
20240308,AZ042,AZBRD042 - 20240308,Panamaes ,9:43,Pachysylvia,decurtata,,,yes,,,,,,DM,JS,ST,,
20240308,AZ042,AZBRD042 - 20240308,Panamaes ,9:43,Pachysylvia,decurtata,,,yes,,,,,,DM,JS,ST,,
20240308,AZ042,AZBRD042 - 20240308,Panamaes ,9:43,Pachysylvia,decurtata,,,yes,,,,,,DM,JS,ST,,
20240308,AZ042,AZBRD042 - 20240308,Panamaes ,9:43,Vireo,flavoviridis,,,yes,,,,,,DM,JS,ST,,
20240308,AZ042,AZBRD042 - 20240308,Panamaes ,9:43,Vireo,flavoviridis,,,yes,,,,,,DM,JS,ST,,
20240308,AZ042,AZBRD042 - 20240308,Panamaes ,9:43,Atalotriccus,pilaris,,,yes,,,,,,DM,JS,ST,,
20240308,AZ042,AZBRD042 - 20240308,Panamaes ,9:43,Chiroxiphia,lanceolata,,,yes,,,,,,DM,JS,ST,,
20240308,AZ042,AZBRD042 - 20240308,Panamaes ,9:43,Chiroxiphia,lanceolata,,,yes,,,,,,DM,JS,ST,,
20240308,AZ042,AZBRD042 - 20240308,Panamaes ,9:43,Myiarchus,crinitus,,,yes,,,,,,DM,JS,ST,,
20240308,AZ042,AZBRD042 - 20240308,Panamaes ,9:43,Atalotriccus,pilaris,,,yes,,,,,,DM,JS,ST,,
20240308,AZ042,AZBRD042 - 20240308,Panamaes ,9:43,Thryophilus,rufalbus,,,yes,,,,,,DM,JS,ST,,
20240311,AZ053,AZBRD053 - 20240311,Panamaes ,6:25,Xiphorhynchus,susurrans,,,no,1,1,0,0,0,DM,JS,JG,,
20240311,AZ053,AZBRD053 - 20240311,Panamaes ,6:25,Dryocopus,lineatus,,,no,1,0,0,0,0,DM,JS,JG,,
20240311,AZ053,AZBRD053 - 20240311,Panamaes ,6:25,Chiroxiphia,lanceolata,,,no,1,1,1,1,1,DM,JS,JG,,
20240311,AZ053,AZBRD053 - 20240311,Panamaes ,6:25,Chiroxiphia,lanceolata,,,no,1,1,1,1,1,DM,JS,JG,,
20240311,AZ053,AZBRD053 - 20240311,Panamaes ,6:25,Chiroxiphia,lanceolata,,,no,1,1,1,1,1,DM,JS,JG,,
20240311,AZ053,AZBRD053 - 20240311,Panamaes ,6:25,Camptostoma,obsoletum,,,no,1,1,1,1,1,DM,JS,JG,,
20240311,AZ053,AZBRD053 - 20240311,Panamaes ,6:25,Atalotriccus,pilaris,,,no,1,1,0,0,1,DM,JS,JG,,
20240311,AZ053,AZBRD053 - 20240311,Panamaes ,6:25,Patagioenas,cayennensis,,,no,1,1,1,1,0,DM,JS,JG,,
20240311,AZ053,AZBRD053 - 20240311,Panamaes ,6:25,Amazona,ochrocephala,,,no,1,1,1,0,0,DM,JS,JG,,
20240311,AZ053,AZBRD053 - 20240311,Panamaes ,6:25,Amazona,ochrocephala,,,no,1,1,1,0,0,DM,JS,JG,,
20240311,AZ053,AZBRD053 - 20240311,Panamaes ,6:25,Leptotila,verreauxi,,,no,1,1,0,1,0,DM,JS,JG,,
20240311,AZ053,AZBRD053 - 20240311,Panamaes ,6:25,Xiphorhynchus,susurrans,,,no,0,1,1,0,0,DM,JS,JG,,
20240311,AZ053,AZBRD053 - 20240311,Panamaes ,6:25,Tapera,naevia,,,no,0,0,1,1,0,DM,JS,JG,,
20240311,AZ053,AZBRD053 - 20240311,Panamaes ,6:25,Polioptila,bilineata,,,no,0,0,0,0,1,DM,JS,JG,,
20240311,AZ053,AZBRD053 - 20240311,Panamaes ,6:25,Brotogeris,jugularis,,,no,0,0,0,0,1,DM,JS,JG,,
20240311,AZ053,AZBRD053 - 20240311,Panamaes ,6:25,Myiarchus,crinitus,,,no,0,0,0,0,1,DM,JS,JG,,
20240311,AZ053,AZBRD053 - 20240311,Panamaes ,6:36,Thryophilus,rufalbus,,,yes,,,,,,DM,JS,JG,,
20240311,AZ049,AZBRD049 - 20240311,Panamaes ,6:51,Megarynchus,pitangua,,,no,1,0,0,0,0,DM,JS,JG,,
20240311,AZ049,AZBRD049 - 20240311,Panamaes ,6:51,Atalotriccus,pilaris,,,no,1,1,1,1,1,DM,JS,JG,,
20240311,AZ049,AZBRD049 - 20240311,Panamaes ,6:51,Vireo,flavoviridis,,,no,1,0,0,0,0,DM,JS,JG,,
20240311,AZ049,AZBRD049 - 20240311,Panamaes ,6:51,Atalotriccus,pilaris,,,no,1,1,0,0,1,DM,JS,JG,,
20240311,AZ049,AZBRD049 - 20240311,Panamaes ,6:51,Leptotila,verreauxi,,,no,1,0,1,1,1,DM,JS,JG,,
20240311,AZ049,AZBRD049 - 20240311,Panamaes ,6:51,Crypturellus,soui,,,no,1,1,0,0,0,DM,JS,JG,,
20240311,AZ049,AZBRD049 - 20240311,Panamaes ,6:51,Myiarchus,crinitus,,,no,1,0,0,0,1,DM,JS,JG,,
20240311,AZ049,AZBRD049 - 20240311,Panamaes ,6:51,Crypturellus,soui,,,no,0,1,0,0,0,DM,JS,JG,,
20240311,AZ049,AZBRD049 - 20240311,Panamaes ,6:51,Patagioenas,cayennensis,,,no,0,1,1,0,1,DM,JS,JG,,
20240311,AZ049,AZBRD049 - 20240311,Panamaes ,6:51,Tapera,naevia,,,no,0,1,1,1,0,DM,JS,JG,,
20240311,AZ049,AZBRD049 - 20240311,Panamaes ,6:51,Brotogeris,jugularis,,,no,0,1,1,1,0,DM,JS,JG,,
20240311,AZ049,AZBRD049 - 20240311,Panamaes ,6:51,Atalotriccus,pilaris,,,no,0,1,0,1,0,DM,JS,JG,,
20240311,AZ049,AZBRD049 - 20240311,Panamaes ,6:51,Myiarchus,crinitus,,,no,0,0,0,1,0,DM,JS,JG,,
20240311,AZ049,AZBRD049 - 20240311,Panamaes ,6:51,Patagioenas,cayennensis,,,no,0,0,0,1,0,DM,JS,JG,,
20240311,AZ049,AZBRD049 - 20240311,Panamaes ,6:51,Micrastur,semitorquatus,,,no,0,0,0,1,0,DM,JS,JG,,
20240311,AZ049,AZBRD049 - 20240311,Panamaes ,7:02,Chlorostilbon,assimilis,,,yes,,,,,,DM,JS,JG,,
20240311,AZ049,AZBRD049 - 20240311,Panamaes ,7:02,Chlorostilbon,assimilis,,,yes,,,,,,DM,JS,JG,,
20240311,AZ049,AZBRD049 - 20240311,Panamaes ,7:02,Chlorostilbon,assimilis,,,yes,,,,,,DM,JS,JG,,
20240311,AZ049,AZBRD049 - 20240311,Panamaes ,7:02,Myiarchus,crinitus,,,yes,,,,,,DM,JS,JG,,
20240311,AZ049,AZBRD049 - 20240311,Panamaes ,7:02,Cathartes,aura,,,yes,,,,,,DM,JS,JG,,
20240311,AZ049,AZBRD049 - 20240311,Panamaes ,7:02,Vireo,flavoviridis,,,yes,,,,,,DM,JS,JG,,
20240311,AZ049,AZBRD049 - 20240311,Panamaes ,7:02,Vireo,flavoviridis,,,yes,,,,,,DM,JS,JG,,
20240311,AZ049,AZBRD049 - 20240311,Panamaes ,7:02,Vireo,flavoviridis,,,yes,,,,,,DM,JS,JG,,
20240311,AZ049,AZBRD049 - 20240311,Panamaes ,7:02,Vireo,flavoviridis,,,yes,,,,,,DM,JS,JG,,
20240311,AZ049,AZBRD049 - 20240311,Panamaes ,7:02,Polioptila,bilineata,,,yes,,,,,,DM,JS,JG,,
20240311,AZ050 ,AZBRD050  - 20240311,Panamaes ,7:26,Patagioenas,cayennensis,,,no,1,0,0,0,0,DM,JS,JG,,
20240311,AZ050 ,AZBRD050  - 20240311,Panamaes ,7:26,Chiroxiphia,lanceolata,,,no,1,0,0,0,0,DM,JS,JG,,
20240311,AZ050 ,AZBRD050  - 20240311,Panamaes ,7:26,Leptotila,verreauxi,,,no,1,0,1,1,0,DM,JS,JG,,
20240311,AZ050 ,AZBRD050  - 20240311,Panamaes ,7:26,Vireo,flavoviridis,,,no,1,0,0,0,0,DM,JS,JG,,
20240311,AZ050 ,AZBRD050  - 20240311,Panamaes ,7:26,Leptotila,verreauxi,,,no,1,1,1,1,1,DM,JS,JG,,
20240311,AZ050 ,AZBRD050  - 20240311,Panamaes ,7:26,Patagioenas,cayennensis,,,no,0,1,0,1,1,DM,JS,JG,,
20240311,AZ050 ,AZBRD050  - 20240311,Panamaes ,7:26,Megarynchus,pitangua,,,no,0,1,0,0,0,DM,JS,JG,,
20240311,AZ050 ,AZBRD050  - 20240311,Panamaes ,7:26,Euphonia,luteicapilla,,,no,0,1,1,1,0,DM,JS,JG,,
20240311,AZ050 ,AZBRD050  - 20240311,Panamaes ,7:26,Amazilia,tzacatl,,,no,0,0,1,0,0,DM,JS,JG,,
20240311,AZ050 ,AZBRD050  - 20240311,Panamaes ,7:26,Euphonia,luteicapilla,,,no,0,0,0,1,0,DM,JS,JG,,
20240311,AZ050 ,AZBRD050  - 20240311,Panamaes ,7:26,Euphonia,luteicapilla,,,no,0,0,0,1,0,DM,JS,JG,,
20240311,AZ050 ,AZBRD050  - 20240311,Panamaes ,7:26,Patagioenas,cayennensis,,,no,0,0,0,1,1,DM,JS,JG,,
20240311,AZ050 ,AZBRD050  - 20240311,Panamaes ,7:26,Vireo,flavoviridis,,,no,0,0,0,0,1,DM,JS,JG,,
20240311,AZ050 ,AZBRD050  - 20240311,Panamaes ,7:36,Vireo,flavoviridis,,,yes,,,,,,DM,JS,JG,,
20240311,AZ050 ,AZBRD050  - 20240311,Panamaes ,7:36,Vireo,flavoviridis,,,yes,,,,,,DM,JS,JG,,
20240311,AZ050 ,AZBRD050  - 20240311,Panamaes ,7:36,Amazona,ochrocephala,,,yes,,,,,,DM,JS,JG,,
20240311,AZ046,AZBRD046 - 20240311,Panamaes ,7:51,Rupornis,magnirostris,,,no,1,0,1,0,0,DM,JS,JG,,
20240311,AZ046,AZBRD046 - 20240311,Panamaes ,7:51,Leptotila,verreauxi,,,no,1,1,1,0,0,DM,JS,JG,,
20240311,AZ046,AZBRD046 - 20240311,Panamaes ,7:51,Euphonia,luteicapilla,,,no,1,1,0,0,0,DM,JS,JG,,
20240311,AZ046,AZBRD046 - 20240311,Panamaes ,7:51,Vireo,flavoviridis,,,no,1,1,0,0,1,DM,JS,JG,,
20240311,AZ046,AZBRD046 - 20240311,Panamaes ,7:51,Xiphorhynchus,susurrans,,,no,1,0,0,0,0,DM,JS,JG,,
20240311,AZ046,AZBRD046 - 20240311,Panamaes ,7:51,Brotogeris,jugularis,,,no,0,1,0,0,0,DM,JS,JG,,
20240311,AZ046,AZBRD046 - 20240311,Panamaes ,7:51,Atalotriccus,pilaris,,,no,0,1,0,0,0,DM,JS,JG,,
20240311,AZ046,AZBRD046 - 20240311,Panamaes ,7:51,Eupsittula,pertinax,,,no,0,0,1,0,0,DM,JS,JG,,
20240311,AZ046,AZBRD046 - 20240311,Panamaes ,7:51,Chiroxiphia,lanceolata,,,no,0,0,0,1,0,DM,JS,JG,,
20240311,AZ046,AZBRD046 - 20240311,Panamaes ,7:51,Megarynchus,pitangua,,,no,0,0,0,1,0,DM,JS,JG,,
20240311,AZ046,AZBRD046 - 20240311,Panamaes ,7:51,Patagioenas,cayennensis,,,no,0,0,0,0,1,DM,JS,JG,,
20240311,AZ046,AZBRD046 - 20240311,Panamaes ,8:01,saucerottia,edward,,,yes,,,,,,DM,JS,JG,,
20240311,AZ046,AZBRD046 - 20240311,Panamaes ,8:01,Myiarchus,crinitus,,,yes,,,,,,DM,JS,JG,,
20240311,AZ046,AZBRD046 - 20240311,Panamaes ,8:01,Myiarchus,crinitus,,,yes,,,,,,DM,JS,JG,,
20240311,AZ052,AZBRD052 - 20240311,Panamaes ,8:29,Cathartes,aura,,,no,0,0,1,0,0,DM,JS,JG,,
20240311,AZ052,AZBRD052 - 20240311,Panamaes ,8:29,Brotogeris,jugularis,,,no,0,0,0,1,0,DM,JS,JG,,
20240311,AZ052,AZBRD052 - 20240311,Panamaes ,8:29,Brotogeris,jugularis,,,no,0,0,0,1,0,DM,JS,JG,,
20240311,AZ052,AZBRD052 - 20240311,Panamaes ,8:29,Brotogeris,jugularis,,,no,0,0,0,1,0,DM,JS,JG,,
20240311,AZ052,AZBRD052 - 20240311,Panamaes ,8:29,Ortalis,cinereiceps,,,no,0,0,0,0,1,DM,JS,JG,,
20240311,AZ052,AZBRD052 - 20240311,Panamaes ,8:29,Ortalis,cinereiceps,,,no,0,0,0,0,1,DM,JS,JG,,
20240311,AZ052,AZBRD052 - 20240311,Panamaes ,8:40,Phaethornis,striigularis,,,yes,,,,,,DM,JS,JG,,
20240311,AZ052,AZBRD052 - 20240311,Panamaes ,8:40,Atalotriccus,pilaris,,,yes,,,,,,DM,JS,JG,,
20240311,AZ052,AZBRD052 - 20240311,Panamaes ,8:40,Atalotriccus,pilaris,,,yes,,,,,,DM,JS,JG,,
20240311,AZ052,AZBRD052 - 20240311,Panamaes ,8:40,Atalotriccus,pilaris,,,yes,,,,,,DM,JS,JG,,
20240311,AZ052,AZBRD052 - 20240311,Panamaes ,8:40,Chiroxiphia,lanceolata,,,yes,,,,,,DM,JS,JG,,
20240311,AZ051,AZBRD051 - 20240311,Panamaes ,9:02,Thraupis,episcopus,,,no,1,0,0,0,0,DM,JS,JG,,
20240311,AZ051,AZBRD051 - 20240311,Panamaes ,9:02,Myiarchus,crinitus,,,no,1,0,0,0,0,DM,JS,JG,,
20240311,AZ051,AZBRD051 - 20240311,Panamaes ,9:02,Pionus,menstruus,,,no,1,0,0,0,0,DM,JS,JG,,
20240311,AZ051,AZBRD051 - 20240311,Panamaes ,9:02,Chiroxiphia,lanceolata,,,no,1,0,1,1,1,DM,JS,JG,,
20240311,AZ051,AZBRD051 - 20240311,Panamaes ,9:02,Vireo,flavoviridis,,,no,1,0,0,0,0,DM,JS,JG,,
20240311,AZ051,AZBRD051 - 20240311,Panamaes ,9:02,Euphonia,luteicapilla,,,no,0,0,0,1,0,DM,JS,JG,,
20240311,AZ051,AZBRD051 - 20240311,Panamaes ,9:02,Patagioenas,cayennensis,,,no,0,0,0,0,1,DM,JS,JG,,
20240311,AZ051,AZBRD051 - 20240311,Panamaes ,9:02,Patagioenas,cayennensis,,,no,0,0,0,0,1,DM,JS,JG,,
20240311,AZ051,AZBRD051 - 20240311,Panamaes ,9:13,Myiarchus,crinitus,,,yes,,,,,,DM,JS,JG,,
20240311,AZ051,AZBRD051 - 20240311,Panamaes ,9:13,Chlorostilbon,assimilis,,,yes,,,,,,DM,JS,JG,,
20240312,AZ051,AZBRD051 - 20240312,Panamaes ,6:31,Camptostoma,obsoletum,,,no,1,1,1,1,0,DM,JS,,,
20240312,AZ051,AZBRD051 - 20240312,Panamaes ,6:31,Leptotila,verreauxi,,,no,1,1,0,0,0,DM,JS,,,
20240312,AZ051,AZBRD051 - 20240312,Panamaes ,6:31,Vireo,flavoviridis,,,no,1,1,1,1,1,DM,JS,,,
20240312,AZ051,AZBRD051 - 20240312,Panamaes ,6:31,Chiroxiphia,lanceolata,,,no,1,1,1,0,0,DM,JS,,,
20240312,AZ051,AZBRD051 - 20240312,Panamaes ,6:31,Brotogeris,jugularis,,,no,1,0,0,0,0,DM,JS,,,
20240312,AZ051,AZBRD051 - 20240312,Panamaes ,6:31,Megarynchus,pitangua,,,no,1,1,1,1,1,DM,JS,,,
20240312,AZ051,AZBRD051 - 20240312,Panamaes ,6:31,Atalotriccus,pilaris,,,no,1,1,1,0,0,DM,JS,,,
20240312,AZ051,AZBRD051 - 20240312,Panamaes ,6:31,Thryophilus,rufalbus,,,no,0,1,0,0,1,DM,JS,,,
20240312,AZ051,AZBRD051 - 20240312,Panamaes ,6:31,Pionus,menstruus,,,no,0,1,0,0,0,DM,JS,,,
20240312,AZ051,AZBRD051 - 20240312,Panamaes ,6:31,Chiroxiphia,lanceolata,,,no,0,1,1,0,1,DM,JS,,,
20240312,AZ051,AZBRD051 - 20240312,Panamaes ,6:31,Chiroxiphia,lanceolata,,,no,0,1,1,0,1,DM,JS,,,
20240312,AZ051,AZBRD051 - 20240312,Panamaes ,6:31,Amazona,ochrocephala,,,no,0,0,1,0,0,DM,JS,,,
20240312,AZ051,AZBRD051 - 20240312,Panamaes ,6:31,Amazona,ochrocephala,,,no,0,0,1,0,0,DM,JS,,,
20240312,AZ051,AZBRD051 - 20240312,Panamaes ,6:31,Atalotriccus,pilaris,,,no,0,0,1,0,0,DM,JS,,,
20240312,AZ051,AZBRD051 - 20240312,Panamaes ,6:31,Claravis,pretiosa,,,no,0,0,1,0,1,DM,JS,,,
20240312,AZ051,AZBRD051 - 20240312,Panamaes ,6:31,Vireo,flavoviridis,,,no,0,0,0,0,1,DM,JS,,,
20240312,AZ051,AZBRD051 - 20240312,Panamaes ,6:31,Thamnophilus,doliatus,,,no,0,0,0,0,1,DM,JS,,,
20240312,AZ051,AZBRD051 - 20240312,Panamaes ,6:41,Rupornis,magnirostris,,,yes,,,,,,DM,JS,,,
20240312,AZ051,AZBRD051 - 20240312,Panamaes ,6:41,Vireo,flavoviridis,,,yes,,,,,,DM,JS,,,
20240312,AZ051,AZBRD051 - 20240312,Panamaes ,6:41,Vireo,flavoviridis,,,yes,,,,,,DM,JS,,,
20240312,AZ051,AZBRD051 - 20240312,Panamaes ,6:41,Vireo,flavoviridis,,,yes,,,,,,DM,JS,,,
20240312,AZ051,AZBRD051 - 20240312,Panamaes ,6:41,Vireo,flavifrons,,,yes,,,,,,DM,JS,,,
20240312,AZ051,AZBRD051 - 20240312,Panamaes ,6:41,Vireo,flavifrons,,,yes,,,,,,DM,JS,,,
20240312,AZ051,AZBRD051 - 20240312,Panamaes ,6:41,Myiodynastes,maculatus,,,yes,,,,,,DM,JS,,,
20240312,AZ051,AZBRD051 - 20240312,Panamaes ,6:41,Euphonia,luteicapilla,,,yes,,,,,,DM,JS,,,
20240312,AZ051,AZBRD051 - 20240312,Panamaes ,6:41,saucerottia,edward,,,yes,,,,,,DM,JS,,,
20240312,AZ051,AZBRD051 - 20240312,Panamaes ,6:41,Atalotriccus,pilaris,,,yes,,,,,,DM,JS,,,
20240312,AZ051,AZBRD051 - 20240312,Panamaes ,6:41,Myiarchus,crinitus,,,yes,,,,,,DM,JS,,,
20240312,AZ051,AZBRD051 - 20240312,Panamaes ,6:41,Pachysylvia,decurtata,,,yes,,,,,,DM,JS,,,
20240312,AZ052,AZBRD052 - 20240312,Panamaes ,7:07,Brotogeris,jugularis,,,no,1,0,0,0,0,DM,JS,,,
20240312,AZ052,AZBRD052 - 20240312,Panamaes ,7:07,Chiroxiphia,lanceolata,,,no,0,1,0,0,0,DM,JS,,,
20240312,AZ052,AZBRD052 - 20240312,Panamaes ,7:07,Atalotriccus,pilaris,,,no,0,1,0,0,0,DM,JS,,,
20240312,AZ052,AZBRD052 - 20240312,Panamaes ,7:07,Brotogeris,jugularis,,,no,0,1,1,0,0,DM,JS,,,
20240312,AZ052,AZBRD052 - 20240312,Panamaes ,7:07,Megarynchus,pitangua,,,no,0,0,1,0,0,DM,JS,,,
20240312,AZ052,AZBRD052 - 20240312,Panamaes ,7:07,Atalotriccus,pilaris,,,no,0,0,1,1,0,DM,JS,,,
20240312,AZ052,AZBRD052 - 20240312,Panamaes ,7:07,Melanerpes,rubricapillus,,,no,0,0,0,1,0,DM,JS,,,
20240312,AZ052,AZBRD052 - 20240312,Panamaes ,7:07,Myiarchus,crinitus,,,no,0,0,0,0,1,DM,JS,,,
20240312,AZ052,AZBRD052 - 20240312,Panamaes ,7:07,Xiphorhynchus,susurrans,,,no,0,0,0,0,1,DM,JS,,,
20240312,AZ052,AZBRD052 - 20240312,Panamaes ,7:18,Phaethornis,striigularis,,,yes,,,,,,DM,JS,,,
20240312,AZ052,AZBRD052 - 20240312,Panamaes ,7:18,Amazona,ochrocephala,,,yes,,,,,,DM,JS,,,
20240312,AZ052,AZBRD052 - 20240312,Panamaes ,7:18,Amazona,ochrocephala,,,yes,,,,,,DM,JS,,,
20240312,AZ052,AZBRD052 - 20240312,Panamaes ,7:18,Myiarchus,crinitus,,,yes,,,,,,DM,JS,,,
20240312,AZ046,AZBRD046 - 20240312,Panamaes ,7:46,Leptotila,verreauxi,,,no,1,1,1,1,1,DM,JS,,,
20240312,AZ046,AZBRD046 - 20240312,Panamaes ,7:46,Leptotila,verreauxi,,,no,1,1,1,1,1,DM,JS,,,
20240312,AZ046,AZBRD046 - 20240312,Panamaes ,7:46,Chiroxiphia,lanceolata,,,no,1,1,1,1,1,DM,JS,,,
20240312,AZ046,AZBRD046 - 20240312,Panamaes ,7:46,Chiroxiphia,lanceolata,,,no,1,1,1,1,1,DM,JS,,,
20240312,AZ046,AZBRD046 - 20240312,Panamaes ,7:46,Camptostoma,obsoletum,,,no,1,1,0,0,0,DM,JS,,,
20240312,AZ046,AZBRD046 - 20240312,Panamaes ,7:46,Vireo,flavoviridis,,,no,0,1,0,1,1,DM,JS,,,
20240312,AZ046,AZBRD046 - 20240312,Panamaes ,7:46,Melanerpes,rubricapillus,,,no,0,1,1,0,0,DM,JS,,,
20240312,AZ046,AZBRD046 - 20240312,Panamaes ,7:46,Atalotriccus,pilaris,,,no,0,1,1,0,0,DM,JS,,,
20240312,AZ046,AZBRD046 - 20240312,Panamaes ,7:46,Piaya,cayana,,,no,0,0,1,0,0,DM,JS,,,
20240312,AZ046,AZBRD046 - 20240312,Panamaes ,7:46,Patagioenas,cayennensis,,,no,0,0,1,0,0,DM,JS,,,
20240312,AZ046,AZBRD046 - 20240312,Panamaes ,7:46,Myiarchus,crinitus,,,no,0,0,0,1,0,DM,JS,,,
20240312,AZ046,AZBRD046 - 20240312,Panamaes ,7:46,Euphonia,luteicapilla,,,no,0,0,0,1,1,DM,JS,,,
20240312,AZ046,AZBRD046 - 20240312,Panamaes ,7:58,Cathartes,aura,,,yes,,,,,,DM,JS,,,
20240312,AZ046,AZBRD046 - 20240312,Panamaes ,7:58,Caracara,plancus,,,yes,,,,,,DM,JS,,,
20240312,AZ046,AZBRD046 - 20240312,Panamaes ,7:58,Myiarchus,crinitus,,,yes,,,,,,DM,JS,,,
20240312,AZ046,AZBRD046 - 20240312,Panamaes ,7:58,Myiarchus,crinitus,,,yes,,,,,,DM,JS,,,
20240312,AZ050 ,AZBRD050  - 20240312,Panamaes ,8:10,Melanerpes,rubricapillus,,,no,1,1,1,0,1,DM,JS,,,
20240312,AZ050 ,AZBRD050  - 20240312,Panamaes ,8:10,Leptotila,verreauxi,,,no,1,1,1,1,1,DM,JS,,,
20240312,AZ050 ,AZBRD050  - 20240312,Panamaes ,8:10,Chiroxiphia,lanceolata,,,no,1,1,1,0,1,DM,JS,,,
20240312,AZ050 ,AZBRD050  - 20240312,Panamaes ,8:10,Leptotila,verreauxi,,,no,1,1,1,1,1,DM,JS,,,
20240312,AZ050 ,AZBRD050  - 20240312,Panamaes ,8:10,Vireo,flavoviridis,,,no,1,0,1,1,1,DM,JS,,,
20240312,AZ050 ,AZBRD050  - 20240312,Panamaes ,8:10,Patagioenas,cayennensis,,,no,1,0,1,0,0,DM,JS,,,
20240312,AZ050 ,AZBRD050  - 20240312,Panamaes ,8:10,Atalotriccus,pilaris,,,no,0,1,0,0,0,DM,JS,,,
20240312,AZ050 ,AZBRD050  - 20240312,Panamaes ,8:10,Vireo,flavoviridis,,,no,0,1,1,0,0,DM,JS,,,
20240312,AZ050 ,AZBRD050  - 20240312,Panamaes ,8:10,Atalotriccus,pilaris,,,no,0,0,1,0,1,DM,JS,,,
20240312,AZ050 ,AZBRD050  - 20240312,Panamaes ,8:10,Vireo,flavoviridis,,,no,0,0,1,1,0,DM,JS,,,
20240312,AZ050 ,AZBRD050  - 20240312,Panamaes ,8:10,Vireo,flavoviridis,,,no,0,0,1,1,0,DM,JS,,,
20240312,AZ050 ,AZBRD050  - 20240312,Panamaes ,8:10,Daptrius,chimachima,,,no,0,0,0,0,1,DM,JS,,,
20240312,AZ050 ,AZBRD050  - 20240312,Panamaes ,8:10,Daptrius,chimachima,,,no,0,0,0,0,1,DM,JS,,,
20240312,AZ050 ,AZBRD050  - 20240312,Panamaes ,8:21,Eupsittula,pertinax,,,yes,,,,,,DM,JS,,,
20240312,AZ050 ,AZBRD050  - 20240312,Panamaes ,8:21,Eupsittula,pertinax,,,yes,,,,,,DM,JS,,,
20240312,AZ050 ,AZBRD050  - 20240312,Panamaes ,8:21,Eupsittula,pertinax,,,yes,,,,,,DM,JS,,,
20240312,AZ050 ,AZBRD050  - 20240312,Panamaes ,8:21,Eupsittula,pertinax,,,yes,,,,,,DM,JS,,,
20240312,AZ050 ,AZBRD050  - 20240312,Panamaes ,8:21,Eupsittula,pertinax,,,yes,,,,,,DM,JS,,,
20240312,AZ050 ,AZBRD050  - 20240312,Panamaes ,8:21,Eupsittula,pertinax,,,yes,,,,,,DM,JS,,,
20240312,AZ050 ,AZBRD050  - 20240312,Panamaes ,8:21,Vireo,flavoviridis,,,yes,,,,,,DM,JS,,,
20240312,AZ050 ,AZBRD050  - 20240312,Panamaes ,8:21,Vireo,flavoviridis,,,yes,,,,,,DM,JS,,,
20240312,AZ050 ,AZBRD050  - 20240312,Panamaes ,8:21,Vireo,flavoviridis,,,yes,,,,,,DM,JS,,,
20240312,AZ050 ,AZBRD050  - 20240312,Panamaes ,8:21,Polioptila,bilineata,,,yes,,,,,,DM,JS,,,
20240312,AZ050 ,AZBRD050  - 20240312,Panamaes ,8:21,Polioptila,bilineata,,,yes,,,,,,DM,JS,,,
20240312,AZ050 ,AZBRD050  - 20240312,Panamaes ,8:21,saucerottia,edward,,,yes,,,,,,DM,JS,,,
20240312,AZ050 ,AZBRD050  - 20240312,Panamaes ,8:21,Atalotriccus,pilaris,,,yes,,,,,,DM,JS,,,
20240312,AZ050 ,AZBRD050  - 20240312,Panamaes ,8:21,Myiarchus,crinitus,,,yes,,,,,,DM,JS,,,
20240312,AZ049,AZBRD049 - 20240312,Panamaes ,8:39,Polioptila,bilineata,,,no,1,0,0,0,0,DM,JS,,,
20240312,AZ049,AZBRD049 - 20240312,Panamaes ,8:39,Megarynchus,pitangua,,,no,1,1,1,0,0,DM,JS,,,
20240312,AZ049,AZBRD049 - 20240312,Panamaes ,8:39,Leptotila,verreauxi,,,no,1,0,0,0,1,DM,JS,,,
20240312,AZ049,AZBRD049 - 20240312,Panamaes ,8:39,Vireo,flavoviridis,,,no,1,0,1,1,0,DM,JS,,,
20240312,AZ049,AZBRD049 - 20240312,Panamaes ,8:39,Vireo,flavoviridis,,,no,1,1,0,0,0,DM,JS,,,
20240312,AZ049,AZBRD049 - 20240312,Panamaes ,8:39,Fregata,magnificens,,,no,0,1,0,0,0,DM,JS,,,
20240312,AZ049,AZBRD049 - 20240312,Panamaes ,8:39,Myiarchus,crinitus,,,no,0,1,1,0,0,DM,JS,,,
20240312,AZ049,AZBRD049 - 20240312,Panamaes ,8:39,Atalotriccus,pilaris,,,no,0,0,0,1,0,DM,JS,,,
20240312,AZ049,AZBRD049 - 20240312,Panamaes ,8:39,Melanerpes,rubricapillus,,,no,0,0,0,0,1,DM,JS,,,
20240312,AZ049,AZBRD049 - 20240312,Panamaes ,8:39,Cathartes,aura,,,no,0,0,0,0,1,DM,JS,,,
20240312,AZ049,AZBRD049 - 20240312,Panamaes ,8:39,Cathartes,aura,,,no,0,0,0,0,1,DM,JS,,,
20240312,AZ049,AZBRD049 - 20240312,Panamaes ,8:39,Atalotriccus,pilaris,,,no,0,0,0,0,1,DM,JS,,,
20240312,AZ049,AZBRD049 - 20240312,Panamaes ,8:39,Brotogeris,jugularis,,,no,0,0,0,0,1,DM,JS,,,
20240312,AZ049,AZBRD049 - 20240312,Panamaes ,8:39,Vireo,flavoviridis,,,no,,,,,,DM,JS,,,
20240312,AZ049,AZBRD049 - 20240312,Panamaes ,8:50,Vireo,flavoviridis,,,yes,,,,,,DM,JS,,,
20240312,AZ049,AZBRD049 - 20240312,Panamaes ,8:50,Vireo,flavoviridis,,,yes,,,,,,DM,JS,,,
20240312,AZ049,AZBRD049 - 20240312,Panamaes ,8:50,Vireo,flavoviridis,,,yes,,,,,,DM,JS,,,
20240312,AZ049,AZBRD049 - 20240312,Panamaes ,8:50,Vireo,flavoviridis,,,yes,,,,,,DM,JS,,,
20240312,AZ049,AZBRD049 - 20240312,Panamaes ,8:50,Chlorostilbon,assimilis,,,yes,,,,,,DM,JS,,,
20240312,AZ049,AZBRD049 - 20240312,Panamaes ,8:50,Megarynchus,pitangua,,,yes,,,,,,DM,JS,,,
20240312,AZ049,AZBRD049 - 20240312,Panamaes ,8:50,Polioptila,bilineata,,,yes,,,,,,DM,JS,,,
20240312,AZ049,AZBRD049 - 20240312,Panamaes ,8:50,Piranga,rubra,,,yes,,,,,,DM,JS,,,
20240312,AZ049,AZBRD049 - 20240312,Panamaes ,8:50,saucerottia,edward,,,yes,,,,,,DM,JS,,,
20240312,AZ049,AZBRD049 - 20240312,Panamaes ,8:50,Myiarchus,crinitus,,,yes,,,,,,DM,JS,,,
20240312,AZ049,AZBRD049 - 20240312,Panamaes ,8:50,Chlorostilbon,assimilis,,,yes,,,,,,DM,JS,,,
20240312,AZ049,AZBRD049 - 20240312,Panamaes ,8:50,Chlorostilbon,assimilis,,,yes,,,,,,DM,JS,,,
20240312,AZ049,AZBRD049 - 20240312,Panamaes ,8:50,Tyrannulus,elatus,,,yes,,,,,,DM,JS,,,
20240312,AZ053,AZBRD053 - 20240312,Panamaes ,9:06,Brotogeris,jugularis,,,no,,,,,,DM,JS,,,
20240312,AZ053,AZBRD053 - 20240312,Panamaes ,9:06,Brotogeris,jugularis,,,no,,,,,,DM,JS,,,
20240312,AZ053,AZBRD053 - 20240312,Panamaes ,9:06,Brotogeris,jugularis,,,no,,,,,,DM,JS,,,
20240312,AZ053,AZBRD053 - 20240312,Panamaes ,9:06,Chiroxiphia,lanceolata,,,no,1,1,0,1,0,DM,JS,,,
20240312,AZ053,AZBRD053 - 20240312,Panamaes ,9:06,Leptotila,verreauxi,,,no,0,1,1,0,0,DM,JS,,,
20240312,AZ053,AZBRD053 - 20240312,Panamaes ,9:06,Leptotila,verreauxi,,,no,0,0,1,0,0,DM,JS,,,
20240312,AZ053,AZBRD053 - 20240312,Panamaes ,9:06,Myiarchus,crinitus,,,no,0,0,0,1,0,DM,JS,,,
20240312,AZ053,AZBRD053 - 20240312,Panamaes ,9:16,Leptotila,verreauxi,,,yes,,,,,,DM,JS,,,
20240313,AZ037,AZBRD037 - 20240313,Panamaes ,6:20,Thraupis,episcopus,,,no,1,0,1,1,1,DM,JS,JG,JH,HS
20240313,AZ037,AZBRD037 - 20240313,Panamaes ,6:20,Megarynchus,pitangua,,,no,1,1,1,1,0,DM,JS,JG,JH,HS
20240313,AZ037,AZBRD037 - 20240313,Panamaes ,6:20,Leptotila,verreauxi,,,no,1,1,1,1,0,DM,JS,JG,JH,HS
20240313,AZ037,AZBRD037 - 20240313,Panamaes ,6:20,Brotogeris,jugularis,,,no,1,0,0,0,0,DM,JS,JG,JH,HS
20240313,AZ037,AZBRD037 - 20240313,Panamaes ,6:20,Thraupis,episcopus,,,no,1,1,1,1,1,DM,JS,JG,JH,HS
20240313,AZ037,AZBRD037 - 20240313,Panamaes ,6:20,Myiozetetes,similis,,,no,1,1,1,1,1,DM,JS,JG,JH,HS
20240313,AZ037,AZBRD037 - 20240313,Panamaes ,6:20,Euphonia,luteicapilla,,,no,1,0,0,0,0,DM,JS,JG,JH,HS
20240313,AZ037,AZBRD037 - 20240313,Panamaes ,6:20,Thraupis,episcopus,,,no,0,1,0,0,0,DM,JS,JG,JH,HS
20240313,AZ037,AZBRD037 - 20240313,Panamaes ,6:20,Euphonia,luteicapilla,,,no,0,1,0,0,0,DM,JS,JG,JH,HS
20240313,AZ037,AZBRD037 - 20240313,Panamaes ,6:20,Camptostoma,obsoletum,,,no,0,1,1,1,1,DM,JS,JG,JH,HS
20240313,AZ037,AZBRD037 - 20240313,Panamaes ,6:20,Brotogeris,jugularis,,,no,0,1,0,0,0,DM,JS,JG,JH,HS
20240313,AZ037,AZBRD037 - 20240313,Panamaes ,6:20,Brotogeris,jugularis,,,no,0,1,0,0,0,DM,JS,JG,JH,HS
20240313,AZ037,AZBRD037 - 20240313,Panamaes ,6:20,Brotogeris,jugularis,,,no,0,1,0,0,0,DM,JS,JG,JH,HS
20240313,AZ037,AZBRD037 - 20240313,Panamaes ,6:20,Brotogeris,jugularis,,,no,0,1,0,0,0,DM,JS,JG,JH,HS
20240313,AZ037,AZBRD037 - 20240313,Panamaes ,6:20,Melanerpes,rubricapillus,,,no,0,0,0,1,1,DM,JS,JG,JH,HS
20240313,AZ037,AZBRD037 - 20240313,Panamaes ,6:20,Patagioenas,cayennensis,,,no,0,0,0,1,0,DM,JS,JG,JH,HS
20240313,AZ037,AZBRD037 - 20240313,Panamaes ,6:20,Eupsittula,pertinax,,,no,0,0,0,1,0,DM,JS,JG,JH,HS
20240313,AZ037,AZBRD037 - 20240313,Panamaes ,6:20,Cyanocorax,affinis,,,no,0,0,0,1,1,DM,JS,JG,JH,HS
20240313,AZ037,AZBRD037 - 20240313,Panamaes ,6:20,Myiodynastes,maculatus,,,no,0,0,0,0,1,DM,JS,JG,JH,HS
20240313,AZ037,AZBRD037 - 20240313,Panamaes ,6:20,Xiphorhynchus,susurrans,,,no,0,0,0,0,1,DM,JS,JG,JH,HS
20240313,AZ037,AZBRD037 - 20240313,Panamaes ,6:20,Atalotriccus,pilaris,,,no,0,0,0,0,1,DM,JS,JG,JH,HS
20240313,AZ037,AZBRD037 - 20240313,Panamaes ,6:31,Myiozetetes,similis,,,yes,,,,,,DM,JS,JG,JH,HS
20240313,AZ037,AZBRD037 - 20240313,Panamaes ,6:31,Megarynchus,pitangua,,,yes,,,,,,DM,JS,JG,JH,HS
20240313,AZ037,AZBRD037 - 20240313,Panamaes ,6:31,Thraupis,episcopus,,,yes,,,,,,DM,JS,JG,JH,HS
20240313,AZ037,AZBRD037 - 20240313,Panamaes ,6:31,Thraupis,episcopus,,,yes,,,,,,DM,JS,JG,JH,HS
20240313,AZ037,AZBRD037 - 20240313,Panamaes ,6:31,Polioptila,bilineata,,,yes,,,,,,DM,JS,JG,JH,HS
20240313,AZ037,AZBRD037 - 20240313,Panamaes ,6:31,Polioptila,bilineata,,,yes,,,,,,DM,JS,JG,JH,HS
20240313,AZ037,AZBRD037 - 20240313,Panamaes ,6:31,Atalotriccus,pilaris,,,yes,,,,,,DM,JS,JG,JH,HS
20240313,AZ037,AZBRD037 - 20240313,Panamaes ,6:31,Vireo,flavoviridis,,,yes,,,,,,DM,JS,JG,JH,HS
20240313,AZ037,AZBRD037 - 20240313,Panamaes ,6:31,Pionus,menstruus,,,yes,,,,,,DM,JS,JG,JH,HS
20240313,AZ036,AZBRD036 - 20240313,Panamaes ,6:41,Stelgidopteryx,ruficollis,,,no,1,0,0,0,0,DM,JS,JG,JH,HS
20240313,AZ036,AZBRD036 - 20240313,Panamaes ,6:41,Stelgidopteryx,ruficollis,,,no,1,0,0,0,0,DM,JS,JG,JH,HS
20240313,AZ036,AZBRD036 - 20240313,Panamaes ,6:41,Stelgidopteryx,ruficollis,,,no,1,0,0,0,0,DM,JS,JG,JH,HS
20240313,AZ036,AZBRD036 - 20240313,Panamaes ,6:41,Stelgidopteryx,ruficollis,,,no,1,0,0,0,0,DM,JS,JG,JH,HS
20240313,AZ036,AZBRD036 - 20240313,Panamaes ,6:41,Stelgidopteryx,ruficollis,,,no,1,0,0,0,0,DM,JS,JG,JH,HS
20240313,AZ036,AZBRD036 - 20240313,Panamaes ,6:41,Stelgidopteryx,ruficollis,,,no,1,0,0,0,0,DM,JS,JG,JH,HS
20240313,AZ036,AZBRD036 - 20240313,Panamaes ,6:41,Stelgidopteryx,ruficollis,,,no,1,0,0,0,0,DM,JS,JG,JH,HS
20240313,AZ036,AZBRD036 - 20240313,Panamaes ,6:41,Stelgidopteryx,ruficollis,,,no,1,0,0,0,0,DM,JS,JG,JH,HS
20240313,AZ036,AZBRD036 - 20240313,Panamaes ,6:41,Stelgidopteryx,ruficollis,,,no,1,0,0,0,0,DM,JS,JG,JH,HS
20240313,AZ036,AZBRD036 - 20240313,Panamaes ,6:41,Stelgidopteryx,ruficollis,,,no,1,0,0,0,0,DM,JS,JG,JH,HS
20240313,AZ036,AZBRD036 - 20240313,Panamaes ,6:41,Stelgidopteryx,ruficollis,,,no,1,0,0,0,0,DM,JS,JG,JH,HS
20240313,AZ036,AZBRD036 - 20240313,Panamaes ,6:41,Stelgidopteryx,ruficollis,,,no,1,0,0,0,0,DM,JS,JG,JH,HS
20240313,AZ036,AZBRD036 - 20240313,Panamaes ,6:41,Stelgidopteryx,ruficollis,,,no,1,0,0,0,0,DM,JS,JG,JH,HS
20240313,AZ036,AZBRD036 - 20240313,Panamaes ,6:41,Stelgidopteryx,ruficollis,,,no,1,0,0,0,0,DM,JS,JG,JH,HS
20240313,AZ036,AZBRD036 - 20240313,Panamaes ,6:41,Stelgidopteryx,ruficollis,,,no,1,0,0,0,0,DM,JS,JG,JH,HS
20240313,AZ036,AZBRD036 - 20240313,Panamaes ,6:41,Pitangus,sulphuratus,,,no,1,0,1,1,1,DM,JS,JG,JH,HS
20240313,AZ036,AZBRD036 - 20240313,Panamaes ,6:41,Polioptila,bilineata,,,no,1,1,1,1,1,DM,JS,JG,JH,HS
20240313,AZ036,AZBRD036 - 20240313,Panamaes ,6:41,Myiodynastes,maculatus,,,no,1,1,1,1,0,DM,JS,JG,JH,HS
20240313,AZ036,AZBRD036 - 20240313,Panamaes ,6:41,Pitangus,sulphuratus,,,no,1,0,1,1,1,DM,JS,JG,JH,HS
20240313,AZ036,AZBRD036 - 20240313,Panamaes ,6:41,Psarocolius,decumanus,,,no,1,0,0,0,0,DM,JS,JG,JH,HS
20240313,AZ036,AZBRD036 - 20240313,Panamaes ,6:41,Leptotila,verreauxi,,,no,1,0,0,1,1,DM,JS,JG,JH,HS
20240313,AZ036,AZBRD036 - 20240313,Panamaes ,6:41,Vireo,flavoviridis,,,no,1,1,0,0,0,DM,JS,JG,JH,HS
20240313,AZ036,AZBRD036 - 20240313,Panamaes ,6:41,Pitangus,sulphuratus,,,no,1,1,1,0,0,DM,JS,JG,JH,HS
20240313,AZ036,AZBRD036 - 20240313,Panamaes ,6:41,Melanerpes,rubricapillus,,,no,0,1,0,0,1,DM,JS,JG,JH,HS
20240313,AZ036,AZBRD036 - 20240313,Panamaes ,6:41,Camptostoma,obsoletum,,,no,0,1,0,0,1,DM,JS,JG,JH,HS
20240313,AZ036,AZBRD036 - 20240313,Panamaes ,6:41,Chiroxiphia,lanceolata,,,no,0,1,0,0,0,DM,JS,JG,JH,HS
20240313,AZ036,AZBRD036 - 20240313,Panamaes ,6:41,Atalotriccus,pilaris,,,no,0,1,0,0,0,DM,JS,JG,JH,HS
20240313,AZ036,AZBRD036 - 20240313,Panamaes ,6:41,Vireo,flavoviridis,,,no,0,0,1,1,1,DM,JS,JG,JH,HS
20240313,AZ036,AZBRD036 - 20240313,Panamaes ,6:41,Patagioenas,cayennensis,,,no,0,0,1,1,1,DM,JS,JG,JH,HS
20240313,AZ036,AZBRD036 - 20240313,Panamaes ,6:41,Leptotila,verreauxi,,,no,0,0,1,1,1,DM,JS,JG,JH,HS
20240313,AZ036,AZBRD036 - 20240313,Panamaes ,6:41,Daptrius,chimachima,,,no,0,0,0,1,1,DM,JS,JG,JH,HS
20240313,AZ036,AZBRD036 - 20240313,Panamaes ,6:41,Euphonia,luteicapilla,,,no,0,0,0,0,1,DM,JS,JG,JH,HS
20240313,AZ036,AZBRD036 - 20240313,Panamaes ,6:52,Megarynchus,pitangua,,,yes,,,,,,DM,JS,JG,JH,HS
20240313,AZ036,AZBRD036 - 20240313,Panamaes ,6:52,Polioptila,bilineata,,,yes,,,,,,DM,JS,JG,JH,HS
20240313,AZ036,AZBRD036 - 20240313,Panamaes ,6:52,Polioptila,bilineata,,,yes,,,,,,DM,JS,JG,JH,HS
20240313,AZ036,AZBRD036 - 20240313,Panamaes ,6:52,Tyrannulus,elatus,,,yes,,,,,,DM,JS,JG,JH,HS
20240313,AZ036,AZBRD036 - 20240313,Panamaes ,6:52,Tyrannulus,elatus,,,yes,,,,,,DM,JS,JG,JH,HS
20240313,AZ036,AZBRD036 - 20240313,Panamaes ,6:52,Vireo,flavifrons,,,yes,,,,,,DM,JS,JG,JH,HS
20240313,AZ036,AZBRD036 - 20240313,Panamaes ,6:52,Myiodynastes,maculatus,,,yes,,,,,,DM,JS,JG,JH,HS
20240313,AZ036,AZBRD036 - 20240313,Panamaes ,6:52,Myiarchus,crinitus,,,yes,,,,,,DM,JS,JG,JH,HS
20240313,AZ036,AZBRD036 - 20240313,Panamaes ,6:52,Vireo,flavoviridis,,,yes,,,,,,DM,JS,JG,JH,HS
20240313,AZ036,AZBRD036 - 20240313,Panamaes ,6:52,Vireo,flavoviridis,,,yes,,,,,,DM,JS,JG,JH,HS
20240313,AZ036,AZBRD036 - 20240313,Panamaes ,6:52,Vireo,flavoviridis,,,yes,,,,,,DM,JS,JG,JH,HS
20240313,AZ036,AZBRD036 - 20240313,Panamaes ,6:52,Vireo,flavoviridis,,,yes,,,,,,DM,JS,JG,JH,HS
20240313,AZ036,AZBRD036 - 20240313,Panamaes ,6:52,Vireo,flavoviridis,,,yes,,,,,,DM,JS,JG,JH,HS
20240313,AZ036,AZBRD036 - 20240313,Panamaes ,6:52,Vireo,flavoviridis,,,yes,,,,,,DM,JS,JG,JH,HS
20240313,AZ036,AZBRD036 - 20240313,Panamaes ,6:52,Vireo,flavoviridis,,,yes,,,,,,DM,JS,JG,JH,HS
20240313,AZ036,AZBRD036 - 20240313,Panamaes ,6:52,Vireo,flavoviridis,,,yes,,,,,,DM,JS,JG,JH,HS
20240313,AZ036,AZBRD036 - 20240313,Panamaes ,6:52,Euphonia,luteicapilla,,,yes,,,,,,DM,JS,JG,JH,HS
20240313,AZ036,AZBRD036 - 20240313,Panamaes ,6:52,Atalotriccus,pilaris,,,yes,,,,,,DM,JS,JG,JH,HS
20240313,AZ036,AZBRD036 - 20240313,Panamaes ,6:52,Megarynchus,pitangua,,,yes,,,,,,DM,JS,JG,JH,HS
20240313,AZ036,AZBRD036 - 20240313,Panamaes ,6:52,Cathartes,aura,,,yes,,,,,,DM,JS,JG,JH,HS
20240313,AZ036,AZBRD036 - 20240313,Panamaes ,6:52,Piranga,rubra,,,yes,,,,,,DM,JS,JG,JH,HS
20240313,AZ035,AZBRD035 - 20240313,Panamaes ,7:12,Stelgidopteryx,ruficollis,,,no,1,1,1,1,1,DM,JS,JG,JH,HS
20240313,AZ035,AZBRD035 - 20240313,Panamaes ,7:12,Stelgidopteryx,ruficollis,,,no,1,1,1,1,1,DM,JS,JG,JH,HS
20240313,AZ035,AZBRD035 - 20240313,Panamaes ,7:12,Stelgidopteryx,ruficollis,,,no,1,1,1,1,1,DM,JS,JG,JH,HS
20240313,AZ035,AZBRD035 - 20240313,Panamaes ,7:12,Stelgidopteryx,ruficollis,,,no,1,1,1,1,1,DM,JS,JG,JH,HS
20240313,AZ035,AZBRD035 - 20240313,Panamaes ,7:12,Stelgidopteryx,ruficollis,,,no,1,1,1,1,1,DM,JS,JG,JH,HS
20240313,AZ035,AZBRD035 - 20240313,Panamaes ,7:12,Stelgidopteryx,ruficollis,,,no,1,1,1,1,1,DM,JS,JG,JH,HS
20240313,AZ035,AZBRD035 - 20240313,Panamaes ,7:12,Stelgidopteryx,ruficollis,,,no,1,1,1,1,1,DM,JS,JG,JH,HS
20240313,AZ035,AZBRD035 - 20240313,Panamaes ,7:12,Stelgidopteryx,ruficollis,,,no,1,1,1,1,1,DM,JS,JG,JH,HS
20240313,AZ035,AZBRD035 - 20240313,Panamaes ,7:12,Stelgidopteryx,ruficollis,,,no,1,1,1,1,1,DM,JS,JG,JH,HS
20240313,AZ035,AZBRD035 - 20240313,Panamaes ,7:12,Stelgidopteryx,ruficollis,,,no,1,1,1,1,1,DM,JS,JG,JH,HS
20240313,AZ035,AZBRD035 - 20240313,Panamaes ,7:12,Stelgidopteryx,ruficollis,,,no,1,1,1,1,1,DM,JS,JG,JH,HS
20240313,AZ035,AZBRD035 - 20240313,Panamaes ,7:12,Stelgidopteryx,ruficollis,,,no,1,1,1,1,1,DM,JS,JG,JH,HS
20240313,AZ035,AZBRD035 - 20240313,Panamaes ,7:12,Stelgidopteryx,ruficollis,,,no,1,1,1,1,1,DM,JS,JG,JH,HS
20240313,AZ035,AZBRD035 - 20240313,Panamaes ,7:12,Stelgidopteryx,ruficollis,,,no,1,1,1,1,1,DM,JS,JG,JH,HS
20240313,AZ035,AZBRD035 - 20240313,Panamaes ,7:12,Stelgidopteryx,ruficollis,,,no,1,1,1,1,1,DM,JS,JG,JH,HS
20240313,AZ035,AZBRD035 - 20240313,Panamaes ,7:12,Stelgidopteryx,ruficollis,,,no,1,1,1,1,1,DM,JS,JG,JH,HS
20240313,AZ035,AZBRD035 - 20240313,Panamaes ,7:12,Stelgidopteryx,ruficollis,,,no,1,1,1,1,1,DM,JS,JG,JH,HS
20240313,AZ035,AZBRD035 - 20240313,Panamaes ,7:12,Stelgidopteryx,ruficollis,,,no,1,1,1,1,1,DM,JS,JG,JH,HS
20240313,AZ035,AZBRD035 - 20240313,Panamaes ,7:12,Stelgidopteryx,ruficollis,,,no,1,1,1,1,1,DM,JS,JG,JH,HS
20240313,AZ035,AZBRD035 - 20240313,Panamaes ,7:12,Stelgidopteryx,ruficollis,,,no,1,1,1,1,1,DM,JS,JG,JH,HS
20240313,AZ035,AZBRD035 - 20240313,Panamaes ,7:12,Stelgidopteryx,ruficollis,,,no,1,1,1,1,1,DM,JS,JG,JH,HS
20240313,AZ035,AZBRD035 - 20240313,Panamaes ,7:12,Stelgidopteryx,ruficollis,,,no,1,1,1,1,1,DM,JS,JG,JH,HS
20240313,AZ035,AZBRD035 - 20240313,Panamaes ,7:12,Stelgidopteryx,ruficollis,,,no,1,1,1,1,1,DM,JS,JG,JH,HS
20240313,AZ035,AZBRD035 - 20240313,Panamaes ,7:12,Stelgidopteryx,ruficollis,,,no,1,1,1,1,1,DM,JS,JG,JH,HS
20240313,AZ035,AZBRD035 - 20240313,Panamaes ,7:12,Stelgidopteryx,ruficollis,,,no,1,1,1,1,1,DM,JS,JG,JH,HS
20240313,AZ035,AZBRD035 - 20240313,Panamaes ,7:12,Stelgidopteryx,ruficollis,,,no,1,1,1,1,1,DM,JS,JG,JH,HS
20240313,AZ035,AZBRD035 - 20240313,Panamaes ,7:12,Stelgidopteryx,ruficollis,,,no,1,1,1,1,1,DM,JS,JG,JH,HS
20240313,AZ035,AZBRD035 - 20240313,Panamaes ,7:12,Stelgidopteryx,ruficollis,,,no,1,1,1,1,1,DM,JS,JG,JH,HS
20240313,AZ035,AZBRD035 - 20240313,Panamaes ,7:12,Stelgidopteryx,ruficollis,,,no,1,1,1,1,1,DM,JS,JG,JH,HS
20240313,AZ035,AZBRD035 - 20240313,Panamaes ,7:12,Stelgidopteryx,ruficollis,,,no,1,1,1,1,1,DM,JS,JG,JH,HS
20240313,AZ035,AZBRD035 - 20240313,Panamaes ,7:12,Stelgidopteryx,ruficollis,,,no,1,1,1,1,1,DM,JS,JG,JH,HS
20240313,AZ035,AZBRD035 - 20240313,Panamaes ,7:12,Stelgidopteryx,ruficollis,,,no,1,1,1,1,1,DM,JS,JG,JH,HS
20240313,AZ035,AZBRD035 - 20240313,Panamaes ,7:12,Stelgidopteryx,ruficollis,,,no,1,1,1,1,1,DM,JS,JG,JH,HS
20240313,AZ035,AZBRD035 - 20240313,Panamaes ,7:12,Stelgidopteryx,ruficollis,,,no,1,1,1,1,1,DM,JS,JG,JH,HS
20240313,AZ035,AZBRD035 - 20240313,Panamaes ,7:12,Stelgidopteryx,ruficollis,,,no,1,1,1,1,1,DM,JS,JG,JH,HS
20240313,AZ035,AZBRD035 - 20240313,Panamaes ,7:12,Stelgidopteryx,ruficollis,,,no,1,1,1,1,1,DM,JS,JG,JH,HS
20240313,AZ035,AZBRD035 - 20240313,Panamaes ,7:12,Stelgidopteryx,ruficollis,,,no,1,1,1,1,1,DM,JS,JG,JH,HS
20240313,AZ035,AZBRD035 - 20240313,Panamaes ,7:12,Stelgidopteryx,ruficollis,,,no,1,1,1,1,1,DM,JS,JG,JH,HS
20240313,AZ035,AZBRD035 - 20240313,Panamaes ,7:12,Stelgidopteryx,ruficollis,,,no,1,1,1,1,1,DM,JS,JG,JH,HS
20240313,AZ035,AZBRD035 - 20240313,Panamaes ,7:12,Stelgidopteryx,ruficollis,,,no,1,1,1,1,1,DM,JS,JG,JH,HS
20240313,AZ035,AZBRD035 - 20240313,Panamaes ,7:12,Stelgidopteryx,ruficollis,,,no,1,1,1,1,1,DM,JS,JG,JH,HS
20240313,AZ035,AZBRD035 - 20240313,Panamaes ,7:12,Stelgidopteryx,ruficollis,,,no,1,1,1,1,1,DM,JS,JG,JH,HS
20240313,AZ035,AZBRD035 - 20240313,Panamaes ,7:12,Stelgidopteryx,ruficollis,,,no,1,1,1,1,1,DM,JS,JG,JH,HS
20240313,AZ035,AZBRD035 - 20240313,Panamaes ,7:12,Stelgidopteryx,ruficollis,,,no,1,1,1,1,1,DM,JS,JG,JH,HS
20240313,AZ035,AZBRD035 - 20240313,Panamaes ,7:12,Stelgidopteryx,ruficollis,,,no,1,1,1,1,1,DM,JS,JG,JH,HS
20240313,AZ035,AZBRD035 - 20240313,Panamaes ,7:12,Stelgidopteryx,ruficollis,,,no,1,1,1,1,1,DM,JS,JG,JH,HS
20240313,AZ035,AZBRD035 - 20240313,Panamaes ,7:12,Stelgidopteryx,ruficollis,,,no,1,1,1,1,1,DM,JS,JG,JH,HS
20240313,AZ035,AZBRD035 - 20240313,Panamaes ,7:12,Stelgidopteryx,ruficollis,,,no,1,1,1,1,1,DM,JS,JG,JH,HS
20240313,AZ035,AZBRD035 - 20240313,Panamaes ,7:12,Stelgidopteryx,ruficollis,,,no,1,1,1,1,1,DM,JS,JG,JH,HS
20240313,AZ035,AZBRD035 - 20240313,Panamaes ,7:12,Stelgidopteryx,ruficollis,,,no,1,1,1,1,1,DM,JS,JG,JH,HS
20240313,AZ035,AZBRD035 - 20240313,Panamaes ,7:12,Stelgidopteryx,ruficollis,,,no,1,1,1,1,1,DM,JS,JG,JH,HS
20240313,AZ035,AZBRD035 - 20240313,Panamaes ,7:12,Stelgidopteryx,ruficollis,,,no,1,1,1,1,1,DM,JS,JG,JH,HS
20240313,AZ035,AZBRD035 - 20240313,Panamaes ,7:12,Stelgidopteryx,ruficollis,,,no,1,1,1,1,1,DM,JS,JG,JH,HS
20240313,AZ035,AZBRD035 - 20240313,Panamaes ,7:12,Stelgidopteryx,ruficollis,,,no,1,1,1,1,1,DM,JS,JG,JH,HS
20240313,AZ035,AZBRD035 - 20240313,Panamaes ,7:12,Stelgidopteryx,ruficollis,,,no,1,1,1,1,1,DM,JS,JG,JH,HS
20240313,AZ035,AZBRD035 - 20240313,Panamaes ,7:12,Stelgidopteryx,ruficollis,,,no,1,1,1,1,1,DM,JS,JG,JH,HS
20240313,AZ035,AZBRD035 - 20240313,Panamaes ,7:12,Stelgidopteryx,ruficollis,,,no,1,1,1,1,1,DM,JS,JG,JH,HS
20240313,AZ035,AZBRD035 - 20240313,Panamaes ,7:12,Stelgidopteryx,ruficollis,,,no,1,1,1,1,1,DM,JS,JG,JH,HS
20240313,AZ035,AZBRD035 - 20240313,Panamaes ,7:12,Stelgidopteryx,ruficollis,,,no,1,1,1,1,1,DM,JS,JG,JH,HS
20240313,AZ035,AZBRD035 - 20240313,Panamaes ,7:12,Stelgidopteryx,ruficollis,,,no,1,1,1,1,1,DM,JS,JG,JH,HS
20240313,AZ035,AZBRD035 - 20240313,Panamaes ,7:12,Stelgidopteryx,ruficollis,,,no,1,1,1,1,1,DM,JS,JG,JH,HS
20240313,AZ035,AZBRD035 - 20240313,Panamaes ,7:12,Stelgidopteryx,ruficollis,,,no,1,1,1,1,1,DM,JS,JG,JH,HS
20240313,AZ035,AZBRD035 - 20240313,Panamaes ,7:12,Stelgidopteryx,ruficollis,,,no,1,1,1,1,1,DM,JS,JG,JH,HS
20240313,AZ035,AZBRD035 - 20240313,Panamaes ,7:12,Stelgidopteryx,ruficollis,,,no,1,1,1,1,1,DM,JS,JG,JH,HS
20240313,AZ035,AZBRD035 - 20240313,Panamaes ,7:12,Stelgidopteryx,ruficollis,,,no,1,1,1,1,1,DM,JS,JG,JH,HS
20240313,AZ035,AZBRD035 - 20240313,Panamaes ,7:12,Tyrannus,melancholicus,,,no,1,1,0,0,0,DM,JS,JG,JH,HS
20240313,AZ035,AZBRD035 - 20240313,Panamaes ,7:12,Tyrannus,melancholicus,,,no,1,1,0,0,0,DM,JS,JG,JH,HS
20240313,AZ035,AZBRD035 - 20240313,Panamaes ,7:12,Patagioenas,cayennensis,,,no,1,0,0,0,0,DM,JS,JG,JH,HS
20240313,AZ035,AZBRD035 - 20240313,Panamaes ,7:12,Patagioenas,cayennensis,,,no,1,0,0,0,0,DM,JS,JG,JH,HS
20240313,AZ035,AZBRD035 - 20240313,Panamaes ,7:12,Tyrannus,melancholicus,,,no,1,0,0,0,0,DM,JS,JG,JH,HS
20240313,AZ035,AZBRD035 - 20240313,Panamaes ,7:12,Pitangus,sulphuratus,,,no,0,1,0,0,0,DM,JS,JG,JH,HS
20240313,AZ035,AZBRD035 - 20240313,Panamaes ,7:12,Thamnophilus,doliatus,,,no,0,1,1,0,0,DM,JS,JG,JH,HS
20240313,AZ035,AZBRD035 - 20240313,Panamaes ,7:12,Atalotriccus,pilaris,,,no,0,1,0,0,0,DM,JS,JG,JH,HS
20240313,AZ035,AZBRD035 - 20240313,Panamaes ,7:12,Leptotila,verreauxi,,,no,0,1,0,0,0,DM,JS,JG,JH,HS
20240313,AZ035,AZBRD035 - 20240313,Panamaes ,7:12,Rupornis,magnirostris,,,no,0,1,1,1,1,DM,JS,JG,JH,HS
20240313,AZ035,AZBRD035 - 20240313,Panamaes ,7:12,Atalotriccus,pilaris,,,no,0,0,1,0,0,DM,JS,JG,JH,HS
20240313,AZ035,AZBRD035 - 20240313,Panamaes ,7:12,Euphonia,luteicapilla,,,no,0,0,1,0,0,DM,JS,JG,JH,HS
20240313,AZ035,AZBRD035 - 20240313,Panamaes ,7:12,Vireo,flavoviridis,,,no,0,0,0,1,1,DM,JS,JG,JH,HS
20240313,AZ035,AZBRD035 - 20240313,Panamaes ,7:12,Pitangus,sulphuratus,,,no,0,0,0,1,0,DM,JS,JG,JH,HS
20240313,AZ035,AZBRD035 - 20240313,Panamaes ,7:12,Pionus,menstruus,,,no,0,0,0,0,1,DM,JS,JG,JH,HS
20240313,AZ035,AZBRD035 - 20240313,Panamaes ,7:12,Pionus,menstruus,,,no,0,0,0,0,1,DM,JS,JG,JH,HS
20240313,AZ035,AZBRD035 - 20240313,Panamaes ,7:12,Pionus,menstruus,,,no,0,0,0,0,1,DM,JS,JG,JH,HS
20240313,AZ035,AZBRD035 - 20240313,Panamaes ,7:12,Pionus,menstruus,,,no,0,0,0,0,1,DM,JS,JG,JH,HS
20240313,AZ035,AZBRD035 - 20240313,Panamaes ,7:12,Pionus,menstruus,,,no,0,0,0,0,1,DM,JS,JG,JH,HS
20240313,AZ035,AZBRD035 - 20240313,Panamaes ,7:12,Pionus,menstruus,,,no,0,0,0,0,1,DM,JS,JG,JH,HS
20240313,AZ035,AZBRD035 - 20240313,Panamaes ,7:12,Pionus,menstruus,,,no,0,0,0,0,1,DM,JS,JG,JH,HS
20240313,AZ035,AZBRD035 - 20240313,Panamaes ,7:12,Pionus,menstruus,,,no,0,0,0,0,1,DM,JS,JG,JH,HS
20240313,AZ035,AZBRD035 - 20240313,Panamaes ,7:12,Myiozetetes,similis,,,no,0,0,0,0,1,DM,JS,JG,JH,HS
20240313,AZ035,AZBRD035 - 20240313,Panamaes ,7:12,Rupornis,magnirostris,,,no,0,0,0,0,1,DM,JS,JG,JH,HS
20240313,AZ035,AZBRD035 - 20240313,Panamaes ,7:23,Myiozetetes,similis,,,yes,,,,,,DM,JS,JG,JH,HS
20240313,AZ035,AZBRD035 - 20240313,Panamaes ,7:23,Myiozetetes,similis,,,yes,,,,,,DM,JS,JG,JH,HS
20240313,AZ035,AZBRD035 - 20240313,Panamaes ,7:23,Stelgidopteryx,ruficollis,,,yes,,,,,,DM,JS,JG,JH,HS
20240313,AZ035,AZBRD035 - 20240313,Panamaes ,7:23,Stelgidopteryx,ruficollis,,,yes,,,,,,DM,JS,JG,JH,HS
20240313,AZ035,AZBRD035 - 20240313,Panamaes ,7:23,Stelgidopteryx,ruficollis,,,yes,,,,,,DM,JS,JG,JH,HS
20240313,AZ035,AZBRD035 - 20240313,Panamaes ,7:23,Stelgidopteryx,ruficollis,,,yes,,,,,,DM,JS,JG,JH,HS
20240313,AZ035,AZBRD035 - 20240313,Panamaes ,7:23,Stelgidopteryx,ruficollis,,,yes,,,,,,DM,JS,JG,JH,HS
20240313,AZ035,AZBRD035 - 20240313,Panamaes ,7:23,Stelgidopteryx,ruficollis,,,yes,,,,,,DM,JS,JG,JH,HS
20240313,AZ035,AZBRD035 - 20240313,Panamaes ,7:23,Stelgidopteryx,ruficollis,,,yes,,,,,,DM,JS,JG,JH,HS
20240313,AZ035,AZBRD035 - 20240313,Panamaes ,7:23,Stelgidopteryx,ruficollis,,,yes,,,,,,DM,JS,JG,JH,HS
20240313,AZ035,AZBRD035 - 20240313,Panamaes ,7:23,Stelgidopteryx,ruficollis,,,yes,,,,,,DM,JS,JG,JH,HS
20240313,AZ035,AZBRD035 - 20240313,Panamaes ,7:23,Stelgidopteryx,ruficollis,,,yes,,,,,,DM,JS,JG,JH,HS
20240313,AZ035,AZBRD035 - 20240313,Panamaes ,7:23,Stelgidopteryx,ruficollis,,,yes,,,,,,DM,JS,JG,JH,HS
20240313,AZ035,AZBRD035 - 20240313,Panamaes ,7:23,Stelgidopteryx,ruficollis,,,yes,,,,,,DM,JS,JG,JH,HS
20240313,AZ035,AZBRD035 - 20240313,Panamaes ,7:23,Stelgidopteryx,ruficollis,,,yes,,,,,,DM,JS,JG,JH,HS
20240313,AZ035,AZBRD035 - 20240313,Panamaes ,7:23,Stelgidopteryx,ruficollis,,,yes,,,,,,DM,JS,JG,JH,HS
20240313,AZ035,AZBRD035 - 20240313,Panamaes ,7:23,Stelgidopteryx,ruficollis,,,yes,,,,,,DM,JS,JG,JH,HS
20240313,AZ035,AZBRD035 - 20240313,Panamaes ,7:23,Stelgidopteryx,ruficollis,,,yes,,,,,,DM,JS,JG,JH,HS
20240313,AZ035,AZBRD035 - 20240313,Panamaes ,7:23,Stelgidopteryx,ruficollis,,,yes,,,,,,DM,JS,JG,JH,HS
20240313,AZ035,AZBRD035 - 20240313,Panamaes ,7:23,Stelgidopteryx,ruficollis,,,yes,,,,,,DM,JS,JG,JH,HS
20240313,AZ035,AZBRD035 - 20240313,Panamaes ,7:23,Stelgidopteryx,ruficollis,,,yes,,,,,,DM,JS,JG,JH,HS
20240313,AZ035,AZBRD035 - 20240313,Panamaes ,7:23,Stelgidopteryx,ruficollis,,,yes,,,,,,DM,JS,JG,JH,HS
20240313,AZ035,AZBRD035 - 20240313,Panamaes ,7:23,Myiarchus,panamensis,,,yes,,,,,,DM,JS,JG,JH,HS
20240313,AZ035,AZBRD035 - 20240313,Panamaes ,7:23,Amazona,ochrocephala,,,yes,,,,,,DM,JS,JG,JH,HS
20240313,AZ035,AZBRD035 - 20240313,Panamaes ,7:23,Amazona,ochrocephala,,,yes,,,,,,DM,JS,JG,JH,HS
20240313,AZ035,AZBRD035 - 20240313,Panamaes ,7:23,Amazona,ochrocephala,,,yes,,,,,,DM,JS,JG,JH,HS
20240313,AZ047,AZBRD047 - 20240313,Panamaes ,7:38,Vireo,flavoviridis,,,no,1,1,0,1,0,DM,JS,JG,JH,HS
20240313,AZ047,AZBRD047 - 20240313,Panamaes ,7:38,Melanerpes,rubricapillus,,,no,1,0,1,0,0,DM,JS,JG,JH,HS
20240313,AZ047,AZBRD047 - 20240313,Panamaes ,7:38,Leptotila,verreauxi,,,no,1,1,1,1,1,DM,JS,JG,JH,HS
20240313,AZ047,AZBRD047 - 20240313,Panamaes ,7:38,Eupsittula,pertinax,,,no,1,0,0,0,0,DM,JS,JG,JH,HS
20240313,AZ047,AZBRD047 - 20240313,Panamaes ,7:38,Chiroxiphia,lanceolata,,,no,1,1,1,0,0,DM,JS,JG,JH,HS
20240313,AZ047,AZBRD047 - 20240313,Panamaes ,7:38,Patagioenas,cayennensis,,,no,1,1,0,1,0,DM,JS,JG,JH,HS
20240313,AZ047,AZBRD047 - 20240313,Panamaes ,7:38,Tyrannulus,elatus,,,no,1,1,0,0,0,DM,JS,JG,JH,HS
20240313,AZ047,AZBRD047 - 20240313,Panamaes ,7:38,Chiroxiphia,lanceolata,,,no,1,1,1,0,1,DM,JS,JG,JH,HS
20240313,AZ047,AZBRD047 - 20240313,Panamaes ,7:38,Chiroxiphia,lanceolata,,,no,0,1,1,1,1,DM,JS,JG,JH,HS
20240313,AZ047,AZBRD047 - 20240313,Panamaes ,7:38,Vireo,flavoviridis,,,no,0,1,0,0,1,DM,JS,JG,JH,HS
20240313,AZ047,AZBRD047 - 20240313,Panamaes ,7:38,Melanerpes,rubricapillus,,,no,0,1,1,1,1,DM,JS,JG,JH,HS
20240313,AZ047,AZBRD047 - 20240313,Panamaes ,7:38,Leptotila,verreauxi,,,no,0,1,1,1,1,DM,JS,JG,JH,HS
20240313,AZ047,AZBRD047 - 20240313,Panamaes ,7:38,Crypturellus,soui,,,no,0,0,1,0,0,DM,JS,JG,JH,HS
20240313,AZ047,AZBRD047 - 20240313,Panamaes ,7:38,Daptrius,chimachima,,,no,0,0,1,0,0,DM,JS,JG,JH,HS
20240313,AZ047,AZBRD047 - 20240313,Panamaes ,7:38,Megarynchus,pitangua,,,no,0,0,0,1,0,DM,JS,JG,JH,HS
20240313,AZ047,AZBRD047 - 20240313,Panamaes ,7:38,Vireo,flavoviridis,,,no,0,0,0,1,1,DM,JS,JG,JH,HS
20240313,AZ047,AZBRD047 - 20240313,Panamaes ,7:38,Thraupis,palmarum,,,no,0,0,0,0,1,DM,JS,JG,JH,HS
20240313,AZ047,AZBRD047 - 20240313,Panamaes ,7:38,Thraupis,palmarum,,,no,0,0,0,0,1,DM,JS,JG,JH,HS
20240313,AZ047,AZBRD047 - 20240313,Panamaes ,7:48,Vireo,flavoviridis,,,yes,,,,,,DM,JS,JG,JH,HS
20240313,AZ047,AZBRD047 - 20240313,Panamaes ,7:48,Vireo,flavoviridis,,,yes,,,,,,DM,JS,JG,JH,HS
20240313,AZ047,AZBRD047 - 20240313,Panamaes ,7:48,Stelgidopteryx,ruficollis,,,yes,,,,,,DM,JS,JG,JH,HS
20240313,AZ047,AZBRD047 - 20240313,Panamaes ,7:48,Stelgidopteryx,ruficollis,,,yes,,,,,,DM,JS,JG,JH,HS
20240313,AZ047,AZBRD047 - 20240313,Panamaes ,7:48,Stelgidopteryx,ruficollis,,,yes,,,,,,DM,JS,JG,JH,HS
20240313,AZ047,AZBRD047 - 20240313,Panamaes ,7:48,Stelgidopteryx,ruficollis,,,yes,,,,,,DM,JS,JG,JH,HS
20240313,AZ047,AZBRD047 - 20240313,Panamaes ,7:48,Stelgidopteryx,ruficollis,,,yes,,,,,,DM,JS,JG,JH,HS
20240313,AZ047,AZBRD047 - 20240313,Panamaes ,7:48,Stelgidopteryx,ruficollis,,,yes,,,,,,DM,JS,JG,JH,HS
20240313,AZ047,AZBRD047 - 20240313,Panamaes ,7:48,Stelgidopteryx,ruficollis,,,yes,,,,,,DM,JS,JG,JH,HS
20240313,AZ047,AZBRD047 - 20240313,Panamaes ,7:48,Stelgidopteryx,ruficollis,,,yes,,,,,,DM,JS,JG,JH,HS
20240313,AZ047,AZBRD047 - 20240313,Panamaes ,7:48,Stelgidopteryx,ruficollis,,,yes,,,,,,DM,JS,JG,JH,HS
20240313,AZ047,AZBRD047 - 20240313,Panamaes ,7:48,Stelgidopteryx,ruficollis,,,yes,,,,,,DM,JS,JG,JH,HS
20240313,AZ047,AZBRD047 - 20240313,Panamaes ,7:48,Stelgidopteryx,ruficollis,,,yes,,,,,,DM,JS,JG,JH,HS
20240313,AZ047,AZBRD047 - 20240313,Panamaes ,7:48,Stelgidopteryx,ruficollis,,,yes,,,,,,DM,JS,JG,JH,HS
20240313,AZ047,AZBRD047 - 20240313,Panamaes ,7:48,Stelgidopteryx,ruficollis,,,yes,,,,,,DM,JS,JG,JH,HS
20240313,AZ047,AZBRD047 - 20240313,Panamaes ,7:48,Stelgidopteryx,ruficollis,,,yes,,,,,,DM,JS,JG,JH,HS
20240313,AZ047,AZBRD047 - 20240313,Panamaes ,7:48,Stelgidopteryx,ruficollis,,,yes,,,,,,DM,JS,JG,JH,HS
20240313,AZ047,AZBRD047 - 20240313,Panamaes ,7:48,Stelgidopteryx,ruficollis,,,yes,,,,,,DM,JS,JG,JH,HS
20240313,AZ047,AZBRD047 - 20240313,Panamaes ,7:48,Stelgidopteryx,ruficollis,,,yes,,,,,,DM,JS,JG,JH,HS
20240313,AZ047,AZBRD047 - 20240313,Panamaes ,7:48,Stelgidopteryx,ruficollis,,,yes,,,,,,DM,JS,JG,JH,HS
20240313,AZ047,AZBRD047 - 20240313,Panamaes ,7:48,Stelgidopteryx,ruficollis,,,yes,,,,,,DM,JS,JG,JH,HS
20240313,AZ047,AZBRD047 - 20240313,Panamaes ,7:48,Stelgidopteryx,ruficollis,,,yes,,,,,,DM,JS,JG,JH,HS
20240313,AZ047,AZBRD047 - 20240313,Panamaes ,7:48,Tyrannulus,elatus,,,yes,,,,,,DM,JS,JG,JH,HS
20240313,AZ047,AZBRD047 - 20240313,Panamaes ,7:48,Daptrius,chimachima,,,yes,,,,,,DM,JS,JG,JH,HS
20240313,AZ047,AZBRD047 - 20240313,Panamaes ,7:48,Daptrius,chimachima,,,yes,,,,,,DM,JS,JG,JH,HS
20240313,AZ047,AZBRD047 - 20240313,Panamaes ,7:48,Daptrius,chimachima,,,yes,,,,,,DM,JS,JG,JH,HS
20240313,AZ048,AZBRD048 - 20240313,Panamaes ,8:02,Cathartes,aura,,,no,1,0,0,0,0,DM,JS,JG,JH,HS
20240313,AZ048,AZBRD048 - 20240313,Panamaes ,8:02,Vireo,flavoviridis,,,no,1,1,1,1,1,DM,JS,JG,JH,HS
20240313,AZ048,AZBRD048 - 20240313,Panamaes ,8:02,Chiroxiphia,lanceolata,,,no,1,1,1,1,1,DM,JS,JG,JH,HS
20240313,AZ048,AZBRD048 - 20240313,Panamaes ,8:02,Atalotriccus,pilaris,,,no,1,1,1,1,1,DM,JS,JG,JH,HS
20240313,AZ048,AZBRD048 - 20240313,Panamaes ,8:02,Thraupis,episcopus,,,no,1,0,0,0,0,DM,JS,JG,JH,HS
20240313,AZ048,AZBRD048 - 20240313,Panamaes ,8:02,Leptotila,verreauxi,,,no,0,1,0,0,0,DM,JS,JG,JH,HS
20240313,AZ048,AZBRD048 - 20240313,Panamaes ,8:02,Thamnophilus,doliatus,,,no,0,1,1,0,1,DM,JS,JG,JH,HS
20240313,AZ048,AZBRD048 - 20240313,Panamaes ,8:02,Fregata,magnificens,,,no,0,1,0,0,0,DM,JS,JG,JH,HS
20240313,AZ048,AZBRD048 - 20240313,Panamaes ,8:02,Fregata,magnificens,,,no,0,1,0,0,0,DM,JS,JG,JH,HS
20240313,AZ048,AZBRD048 - 20240313,Panamaes ,8:02,Chiroxiphia,lanceolata,,,no,0,0,1,1,1,DM,JS,JG,JH,HS
20240313,AZ048,AZBRD048 - 20240313,Panamaes ,8:02,Fregata,magnificens,,,no,0,0,1,1,0,DM,JS,JG,JH,HS
20240313,AZ048,AZBRD048 - 20240313,Panamaes ,8:02,Fregata,magnificens,,,no,0,0,1,1,0,DM,JS,JG,JH,HS
20240313,AZ048,AZBRD048 - 20240313,Panamaes ,8:02,Fregata,magnificens,,,no,0,0,1,1,0,DM,JS,JG,JH,HS
20240313,AZ048,AZBRD048 - 20240313,Panamaes ,8:02,Fregata,magnificens,,,no,0,0,1,1,0,DM,JS,JG,JH,HS
20240313,AZ048,AZBRD048 - 20240313,Panamaes ,8:02,Melanerpes,rubricapillus,,,no,0,0,1,0,0,DM,JS,JG,JH,HS
20240313,AZ048,AZBRD048 - 20240313,Panamaes ,8:02,Euphonia,luteicapilla,,,no,0,0,1,1,1,DM,JS,JG,JH,HS
20240313,AZ048,AZBRD048 - 20240313,Panamaes ,8:02,Tyrannus,melancholicus,,,no,0,0,1,0,1,DM,JS,JG,JH,HS
20240313,AZ048,AZBRD048 - 20240313,Panamaes ,8:02,Patagioenas,cayennensis,,,no,0,0,1,0,1,DM,JS,JG,JH,HS
20240313,AZ048,AZBRD048 - 20240313,Panamaes ,8:02,Melanerpes,rubricapillus,,,no,0,0,0,1,0,DM,JS,JG,JH,HS
20240313,AZ048,AZBRD048 - 20240313,Panamaes ,8:02,Brotogeris,jugularis,,,no,0,0,0,0,1,DM,JS,JG,JH,HS
20240313,AZ048,AZBRD048 - 20240313,Panamaes ,8:12,Myiarchus,crinitus,,,yes,,,,,,DM,JS,JG,JH,HS
20240313,AZ048,AZBRD048 - 20240313,Panamaes ,8:12,Myiarchus,crinitus,,,yes,,,,,,DM,JS,JG,JH,HS
20240313,AZ048,AZBRD048 - 20240313,Panamaes ,8:12,Myiarchus,crinitus,,,yes,,,,,,DM,JS,JG,JH,HS
20240313,AZ048,AZBRD048 - 20240313,Panamaes ,8:12,Atalotriccus,pilaris,,,yes,,,,,,DM,JS,JG,JH,HS
20240313,AZ048,AZBRD048 - 20240313,Panamaes ,8:12,Chlorostilbon,assimilis,,,yes,,,,,,DM,JS,JG,JH,HS
20240313,AZ048,AZBRD048 - 20240313,Panamaes ,8:12,Icterus,galbula,,,yes,,,,,,DM,JS,JG,JH,HS
20240313,AZ048,AZBRD048 - 20240313,Panamaes ,8:12,Melanerpes,rubricapillus,,,yes,,,,,,DM,JS,JG,JH,HS
20240313,AZ048,AZBRD048 - 20240313,Panamaes ,8:12,Vireo,flavifrons,,,yes,,,,,,DM,JS,JG,JH,HS
20240313,AZ043,AZBRD043 - 20240313,Panamaes ,8:29,Thraupis,palmarum,,,no,1,0,0,0,0,DM,JS,JG,JH,HS
20240313,AZ043,AZBRD043 - 20240313,Panamaes ,8:29,Tyrannus,melancholicus,,,no,1,1,1,1,0,DM,JS,JG,JH,HS
20240313,AZ043,AZBRD043 - 20240313,Panamaes ,8:29,Tyrannus,melancholicus,,,no,1,1,1,1,0,DM,JS,JG,JH,HS
20240313,AZ043,AZBRD043 - 20240313,Panamaes ,8:29,Tyrannus,melancholicus,,,no,1,1,1,1,0,DM,JS,JG,JH,HS
20240313,AZ043,AZBRD043 - 20240313,Panamaes ,8:29,Tyrannus,melancholicus,,,no,1,1,1,1,0,DM,JS,JG,JH,HS
20240313,AZ043,AZBRD043 - 20240313,Panamaes ,8:29,Cathartes,aura,,,no,1,0,0,0,0,DM,JS,JG,JH,HS
20240313,AZ043,AZBRD043 - 20240313,Panamaes ,8:29,Fregata,magnificens,,,no,1,0,0,0,0,DM,JS,JG,JH,HS
20240313,AZ043,AZBRD043 - 20240313,Panamaes ,8:29,Fregata,magnificens,,,no,1,0,0,0,0,DM,JS,JG,JH,HS
20240313,AZ043,AZBRD043 - 20240313,Panamaes ,8:29,Fregata,magnificens,,,no,1,0,0,0,0,DM,JS,JG,JH,HS
20240313,AZ043,AZBRD043 - 20240313,Panamaes ,8:29,Fregata,magnificens,,,no,1,0,0,0,0,DM,JS,JG,JH,HS
20240313,AZ043,AZBRD043 - 20240313,Panamaes ,8:29,Fregata,magnificens,,,no,1,0,0,0,0,DM,JS,JG,JH,HS
20240313,AZ043,AZBRD043 - 20240313,Panamaes ,8:29,Fregata,magnificens,,,no,1,0,0,0,0,DM,JS,JG,JH,HS
20240313,AZ043,AZBRD043 - 20240313,Panamaes ,8:29,Fregata,magnificens,,,no,1,0,0,0,0,DM,JS,JG,JH,HS
20240313,AZ043,AZBRD043 - 20240313,Panamaes ,8:29,Fregata,magnificens,,,no,1,0,0,0,0,DM,JS,JG,JH,HS
20240313,AZ043,AZBRD043 - 20240313,Panamaes ,8:29,Fregata,magnificens,,,no,1,0,0,0,0,DM,JS,JG,JH,HS
20240313,AZ043,AZBRD043 - 20240313,Panamaes ,8:29,Fregata,magnificens,,,no,1,0,0,0,0,DM,JS,JG,JH,HS
20240313,AZ043,AZBRD043 - 20240313,Panamaes ,8:29,Fregata,magnificens,,,no,1,0,0,0,0,DM,JS,JG,JH,HS
20240313,AZ043,AZBRD043 - 20240313,Panamaes ,8:29,Fregata,magnificens,,,no,1,0,0,0,0,DM,JS,JG,JH,HS
20240313,AZ043,AZBRD043 - 20240313,Panamaes ,8:29,Fregata,magnificens,,,no,1,0,0,0,0,DM,JS,JG,JH,HS
20240313,AZ043,AZBRD043 - 20240313,Panamaes ,8:29,Fregata,magnificens,,,no,1,0,0,0,0,DM,JS,JG,JH,HS
20240313,AZ043,AZBRD043 - 20240313,Panamaes ,8:29,Fregata,magnificens,,,no,1,0,0,0,0,DM,JS,JG,JH,HS
20240313,AZ043,AZBRD043 - 20240313,Panamaes ,8:29,Fregata,magnificens,,,no,1,0,0,0,0,DM,JS,JG,JH,HS
20240313,AZ043,AZBRD043 - 20240313,Panamaes ,8:29,Fregata,magnificens,,,no,1,0,0,0,0,DM,JS,JG,JH,HS
20240313,AZ043,AZBRD043 - 20240313,Panamaes ,8:29,Fregata,magnificens,,,no,1,0,0,0,0,DM,JS,JG,JH,HS
20240313,AZ043,AZBRD043 - 20240313,Panamaes ,8:29,Fregata,magnificens,,,no,1,0,0,0,0,DM,JS,JG,JH,HS
20240313,AZ043,AZBRD043 - 20240313,Panamaes ,8:29,Fregata,magnificens,,,no,1,0,0,0,0,DM,JS,JG,JH,HS
20240313,AZ043,AZBRD043 - 20240313,Panamaes ,8:29,Fregata,magnificens,,,no,1,0,0,0,0,DM,JS,JG,JH,HS
20240313,AZ043,AZBRD043 - 20240313,Panamaes ,8:29,Fregata,magnificens,,,no,1,0,0,0,0,DM,JS,JG,JH,HS
20240313,AZ043,AZBRD043 - 20240313,Panamaes ,8:29,Fregata,magnificens,,,no,1,0,0,0,0,DM,JS,JG,JH,HS
20240313,AZ043,AZBRD043 - 20240313,Panamaes ,8:29,Fregata,magnificens,,,no,1,0,0,0,0,DM,JS,JG,JH,HS
20240313,AZ043,AZBRD043 - 20240313,Panamaes ,8:29,Fregata,magnificens,,,no,1,0,0,0,0,DM,JS,JG,JH,HS
20240313,AZ043,AZBRD043 - 20240313,Panamaes ,8:29,Fregata,magnificens,,,no,1,0,0,0,0,DM,JS,JG,JH,HS
20240313,AZ043,AZBRD043 - 20240313,Panamaes ,8:29,Fregata,magnificens,,,no,1,0,0,0,0,DM,JS,JG,JH,HS
20240313,AZ043,AZBRD043 - 20240313,Panamaes ,8:29,Fregata,magnificens,,,no,1,0,0,0,0,DM,JS,JG,JH,HS
20240313,AZ043,AZBRD043 - 20240313,Panamaes ,8:29,Fregata,magnificens,,,no,1,0,0,0,0,DM,JS,JG,JH,HS
20240313,AZ043,AZBRD043 - 20240313,Panamaes ,8:29,Fregata,magnificens,,,no,1,0,0,0,0,DM,JS,JG,JH,HS
20240313,AZ043,AZBRD043 - 20240313,Panamaes ,8:29,Fregata,magnificens,,,no,1,0,0,0,0,DM,JS,JG,JH,HS
20240313,AZ043,AZBRD043 - 20240313,Panamaes ,8:29,Fregata,magnificens,,,no,1,0,0,0,0,DM,JS,JG,JH,HS
20240313,AZ043,AZBRD043 - 20240313,Panamaes ,8:29,Fregata,magnificens,,,no,1,0,0,0,0,DM,JS,JG,JH,HS
20240313,AZ043,AZBRD043 - 20240313,Panamaes ,8:29,Fregata,magnificens,,,no,1,0,0,0,0,DM,JS,JG,JH,HS
20240313,AZ043,AZBRD043 - 20240313,Panamaes ,8:29,Fregata,magnificens,,,no,1,0,0,0,0,DM,JS,JG,JH,HS
20240313,AZ043,AZBRD043 - 20240313,Panamaes ,8:29,Fregata,magnificens,,,no,1,0,0,0,0,DM,JS,JG,JH,HS
20240313,AZ043,AZBRD043 - 20240313,Panamaes ,8:29,Fregata,magnificens,,,no,1,0,0,0,0,DM,JS,JG,JH,HS
20240313,AZ043,AZBRD043 - 20240313,Panamaes ,8:29,Fregata,magnificens,,,no,1,0,0,0,0,DM,JS,JG,JH,HS
20240313,AZ043,AZBRD043 - 20240313,Panamaes ,8:29,Fregata,magnificens,,,no,1,0,0,0,0,DM,JS,JG,JH,HS
20240313,AZ043,AZBRD043 - 20240313,Panamaes ,8:29,Fregata,magnificens,,,no,1,0,0,0,0,DM,JS,JG,JH,HS
20240313,AZ043,AZBRD043 - 20240313,Panamaes ,8:29,Fregata,magnificens,,,no,1,0,0,0,0,DM,JS,JG,JH,HS
20240313,AZ043,AZBRD043 - 20240313,Panamaes ,8:29,Fregata,magnificens,,,no,1,0,0,0,0,DM,JS,JG,JH,HS
20240313,AZ043,AZBRD043 - 20240313,Panamaes ,8:29,Fregata,magnificens,,,no,1,0,0,0,0,DM,JS,JG,JH,HS
20240313,AZ043,AZBRD043 - 20240313,Panamaes ,8:29,Fregata,magnificens,,,no,1,0,0,0,0,DM,JS,JG,JH,HS
20240313,AZ043,AZBRD043 - 20240313,Panamaes ,8:29,Fregata,magnificens,,,no,1,0,0,0,0,DM,JS,JG,JH,HS
20240313,AZ043,AZBRD043 - 20240313,Panamaes ,8:29,Fregata,magnificens,,,no,1,0,0,0,0,DM,JS,JG,JH,HS
20240313,AZ043,AZBRD043 - 20240313,Panamaes ,8:29,Fregata,magnificens,,,no,1,0,0,0,0,DM,JS,JG,JH,HS
20240313,AZ043,AZBRD043 - 20240313,Panamaes ,8:29,Fregata,magnificens,,,no,1,0,0,0,0,DM,JS,JG,JH,HS
20240313,AZ043,AZBRD043 - 20240313,Panamaes ,8:29,Fregata,magnificens,,,no,1,0,0,0,0,DM,JS,JG,JH,HS
20240313,AZ043,AZBRD043 - 20240313,Panamaes ,8:29,Pitangus,sulphuratus,,,no,1,0,1,1,1,DM,JS,JG,JH,HS
20240313,AZ043,AZBRD043 - 20240313,Panamaes ,8:29,Daptrius,chimachima,,,no,0,1,0,0,0,DM,JS,JG,JH,HS
20240313,AZ043,AZBRD043 - 20240313,Panamaes ,8:29,Megarynchus,pitangua,,,no,0,1,0,0,0,DM,JS,JG,JH,HS
20240313,AZ043,AZBRD043 - 20240313,Panamaes ,8:29,Vanellus,chilensis,,,no,0,1,1,0,0,DM,JS,JG,JH,HS
20240313,AZ043,AZBRD043 - 20240313,Panamaes ,8:29,Vanellus,chilensis,,,no,0,1,1,0,0,DM,JS,JG,JH,HS
20240313,AZ043,AZBRD043 - 20240313,Panamaes ,8:29,Pitangus,sulphuratus,,,no,0,1,1,1,1,DM,JS,JG,JH,HS
20240313,AZ043,AZBRD043 - 20240313,Panamaes ,8:29,Pitangus,sulphuratus,,,no,0,1,1,1,1,DM,JS,JG,JH,HS
20240313,AZ043,AZBRD043 - 20240313,Panamaes ,8:29,Elaenia,flavogaster,,,no,0,0,1,0,1,DM,JS,JG,JH,HS
20240313,AZ043,AZBRD043 - 20240313,Panamaes ,8:29,Leptotila,verreauxi,,,no,0,0,1,0,0,DM,JS,JG,JH,HS
20240313,AZ043,AZBRD043 - 20240313,Panamaes ,8:29,Tyrannulus,elatus,,,no,0,0,0,1,0,DM,JS,JG,JH,HS
20240313,AZ043,AZBRD043 - 20240313,Panamaes ,8:29,Thraupis,episcopus,,,no,0,0,0,0,1,DM,JS,JG,JH,HS
20240313,AZ043,AZBRD043 - 20240313,Panamaes ,8:29,Stelgidopteryx,ruficollis,,,no,0,0,0,0,1,DM,JS,JG,JH,HS
20240313,AZ043,AZBRD043 - 20240313,Panamaes ,8:29,Stelgidopteryx,ruficollis,,,no,0,0,0,0,1,DM,JS,JG,JH,HS
20240313,AZ043,AZBRD043 - 20240313,Panamaes ,8:29,Stelgidopteryx,ruficollis,,,no,0,0,0,0,1,DM,JS,JG,JH,HS
20240313,AZ043,AZBRD043 - 20240313,Panamaes ,8:29,Stelgidopteryx,ruficollis,,,no,0,0,0,0,1,DM,JS,JG,JH,HS
20240313,AZ043,AZBRD043 - 20240313,Panamaes ,8:29,Stelgidopteryx,ruficollis,,,no,0,0,0,0,1,DM,JS,JG,JH,HS
20240313,AZ043,AZBRD043 - 20240313,Panamaes ,8:29,Stelgidopteryx,ruficollis,,,no,0,0,0,0,1,DM,JS,JG,JH,HS
20240313,AZ043,AZBRD043 - 20240313,Panamaes ,8:29,Stelgidopteryx,ruficollis,,,no,0,0,0,0,1,DM,JS,JG,JH,HS
20240313,AZ043,AZBRD043 - 20240313,Panamaes ,8:29,Stelgidopteryx,ruficollis,,,no,0,0,0,0,1,DM,JS,JG,JH,HS
20240313,AZ043,AZBRD043 - 20240313,Panamaes ,8:29,Stelgidopteryx,ruficollis,,,no,0,0,0,0,1,DM,JS,JG,JH,HS
20240313,AZ043,AZBRD043 - 20240313,Panamaes ,8:29,Stelgidopteryx,ruficollis,,,no,0,0,0,0,1,DM,JS,JG,JH,HS
20240313,AZ043,AZBRD043 - 20240313,Panamaes ,8:29,Stelgidopteryx,ruficollis,,,no,0,0,0,0,1,DM,JS,JG,JH,HS
20240313,AZ043,AZBRD043 - 20240313,Panamaes ,8:29,Stelgidopteryx,ruficollis,,,no,0,0,0,0,1,DM,JS,JG,JH,HS
20240313,AZ043,AZBRD043 - 20240313,Panamaes ,8:29,Stelgidopteryx,ruficollis,,,no,0,0,0,0,1,DM,JS,JG,JH,HS
20240313,AZ043,AZBRD043 - 20240313,Panamaes ,8:29,Stelgidopteryx,ruficollis,,,no,0,0,0,0,1,DM,JS,JG,JH,HS
20240313,AZ043,AZBRD043 - 20240313,Panamaes ,8:29,Stelgidopteryx,ruficollis,,,no,0,0,0,0,1,DM,JS,JG,JH,HS
20240313,AZ043,AZBRD043 - 20240313,Panamaes ,8:29,Atalotriccus,pilaris,,,no,0,0,0,0,1,DM,JS,JG,JH,HS
20240313,AZ043,AZBRD043 - 20240313,Panamaes ,8:39,Tyrannus,melancholicus,,,yes,,,,,,DM,JS,JG,JH,HS
20240313,AZ043,AZBRD043 - 20240313,Panamaes ,8:39,Tyrannus,melancholicus,,,yes,,,,,,DM,JS,JG,JH,HS
20240313,AZ043,AZBRD043 - 20240313,Panamaes ,8:39,Elaenia,flavogaster,,,yes,,,,,,DM,JS,JG,JH,HS
20240313,AZ043,AZBRD043 - 20240313,Panamaes ,8:39,Elaenia,flavogaster,,,yes,,,,,,DM,JS,JG,JH,HS
20240313,AZ043,AZBRD043 - 20240313,Panamaes ,8:39,Elaenia,flavogaster,,,yes,,,,,,DM,JS,JG,JH,HS
20240313,AZ043,AZBRD043 - 20240313,Panamaes ,8:39,Elaenia,flavogaster,,,yes,,,,,,DM,JS,JG,JH,HS
20240313,AZ043,AZBRD043 - 20240313,Panamaes ,8:39,Elaenia,flavogaster,,,yes,,,,,,DM,JS,JG,JH,HS
20240313,AZ043,AZBRD043 - 20240313,Panamaes ,8:39,Thraupis,episcopus,,,yes,,,,,,DM,JS,JG,JH,HS
20240313,AZ043,AZBRD043 - 20240313,Panamaes ,8:39,Vireo,flavoviridis,,,yes,,,,,,DM,JS,JG,JH,HS
20240313,AZ043,AZBRD043 - 20240313,Panamaes ,8:39,Pachysylvia,decurtata,,,yes,,,,,,DM,JS,JG,JH,HS
20240313,AZ043,AZBRD043 - 20240313,Panamaes ,8:39,Tyrannulus,elatus,,,yes,,,,,,DM,JS,JG,JH,HS
20240313,AZ038,AZBRD038 - 20240313,Panamaes ,8:57,Stelgidopteryx,ruficollis,,,no,1,1,1,1,1,DM,JS,JG,JH,HS
20240313,AZ038,AZBRD038 - 20240313,Panamaes ,8:57,Stelgidopteryx,ruficollis,,,no,1,1,1,1,1,DM,JS,JG,JH,HS
20240313,AZ038,AZBRD038 - 20240313,Panamaes ,8:57,Stelgidopteryx,ruficollis,,,no,1,1,1,1,1,DM,JS,JG,JH,HS
20240313,AZ038,AZBRD038 - 20240313,Panamaes ,8:57,Stelgidopteryx,ruficollis,,,no,1,1,1,1,1,DM,JS,JG,JH,HS
20240313,AZ038,AZBRD038 - 20240313,Panamaes ,8:57,Stelgidopteryx,ruficollis,,,no,1,1,1,1,1,DM,JS,JG,JH,HS
20240313,AZ038,AZBRD038 - 20240313,Panamaes ,8:57,Stelgidopteryx,ruficollis,,,no,1,1,1,1,1,DM,JS,JG,JH,HS
20240313,AZ038,AZBRD038 - 20240313,Panamaes ,8:57,Stelgidopteryx,ruficollis,,,no,1,1,1,1,1,DM,JS,JG,JH,HS
20240313,AZ038,AZBRD038 - 20240313,Panamaes ,8:57,Stelgidopteryx,ruficollis,,,no,1,1,1,1,1,DM,JS,JG,JH,HS
20240313,AZ038,AZBRD038 - 20240313,Panamaes ,8:57,Stelgidopteryx,ruficollis,,,no,1,1,1,1,1,DM,JS,JG,JH,HS
20240313,AZ038,AZBRD038 - 20240313,Panamaes ,8:57,Stelgidopteryx,ruficollis,,,no,1,1,1,1,1,DM,JS,JG,JH,HS
20240313,AZ038,AZBRD038 - 20240313,Panamaes ,8:57,Stelgidopteryx,ruficollis,,,no,1,1,1,1,1,DM,JS,JG,JH,HS
20240313,AZ038,AZBRD038 - 20240313,Panamaes ,8:57,Stelgidopteryx,ruficollis,,,no,1,1,1,1,1,DM,JS,JG,JH,HS
20240313,AZ038,AZBRD038 - 20240313,Panamaes ,8:57,Stelgidopteryx,ruficollis,,,no,1,1,1,1,1,DM,JS,JG,JH,HS
20240313,AZ038,AZBRD038 - 20240313,Panamaes ,8:57,Stelgidopteryx,ruficollis,,,no,1,1,1,1,1,DM,JS,JG,JH,HS
20240313,AZ038,AZBRD038 - 20240313,Panamaes ,8:57,Stelgidopteryx,ruficollis,,,no,1,1,1,1,1,DM,JS,JG,JH,HS
20240313,AZ038,AZBRD038 - 20240313,Panamaes ,8:57,Stelgidopteryx,ruficollis,,,no,1,1,1,1,1,DM,JS,JG,JH,HS
20240313,AZ038,AZBRD038 - 20240313,Panamaes ,8:57,Stelgidopteryx,ruficollis,,,no,1,1,1,1,1,DM,JS,JG,JH,HS
20240313,AZ038,AZBRD038 - 20240313,Panamaes ,8:57,Stelgidopteryx,ruficollis,,,no,1,1,1,1,1,DM,JS,JG,JH,HS
20240313,AZ038,AZBRD038 - 20240313,Panamaes ,8:57,Stelgidopteryx,ruficollis,,,no,1,1,1,1,1,DM,JS,JG,JH,HS
20240313,AZ038,AZBRD038 - 20240313,Panamaes ,8:57,Stelgidopteryx,ruficollis,,,no,1,1,1,1,1,DM,JS,JG,JH,HS
20240313,AZ038,AZBRD038 - 20240313,Panamaes ,8:57,Stelgidopteryx,ruficollis,,,no,1,1,1,1,1,DM,JS,JG,JH,HS
20240313,AZ038,AZBRD038 - 20240313,Panamaes ,8:57,Stelgidopteryx,ruficollis,,,no,1,1,1,1,1,DM,JS,JG,JH,HS
20240313,AZ038,AZBRD038 - 20240313,Panamaes ,8:57,Stelgidopteryx,ruficollis,,,no,1,1,1,1,1,DM,JS,JG,JH,HS
20240313,AZ038,AZBRD038 - 20240313,Panamaes ,8:57,Stelgidopteryx,ruficollis,,,no,1,1,1,1,1,DM,JS,JG,JH,HS
20240313,AZ038,AZBRD038 - 20240313,Panamaes ,8:57,Stelgidopteryx,ruficollis,,,no,1,1,1,1,1,DM,JS,JG,JH,HS
20240313,AZ038,AZBRD038 - 20240313,Panamaes ,8:57,Stelgidopteryx,ruficollis,,,no,1,1,1,1,1,DM,JS,JG,JH,HS
20240313,AZ038,AZBRD038 - 20240313,Panamaes ,8:57,Stelgidopteryx,ruficollis,,,no,1,1,1,1,1,DM,JS,JG,JH,HS
20240313,AZ038,AZBRD038 - 20240313,Panamaes ,8:57,Stelgidopteryx,ruficollis,,,no,1,1,1,1,1,DM,JS,JG,JH,HS
20240313,AZ038,AZBRD038 - 20240313,Panamaes ,8:57,Stelgidopteryx,ruficollis,,,no,1,1,1,1,1,DM,JS,JG,JH,HS
20240313,AZ038,AZBRD038 - 20240313,Panamaes ,8:57,Stelgidopteryx,ruficollis,,,no,1,1,1,1,1,DM,JS,JG,JH,HS
20240313,AZ038,AZBRD038 - 20240313,Panamaes ,8:57,Stelgidopteryx,ruficollis,,,no,1,1,1,1,1,DM,JS,JG,JH,HS
20240313,AZ038,AZBRD038 - 20240313,Panamaes ,8:57,Stelgidopteryx,ruficollis,,,no,1,1,1,1,1,DM,JS,JG,JH,HS
20240313,AZ038,AZBRD038 - 20240313,Panamaes ,8:57,Stelgidopteryx,ruficollis,,,no,1,1,1,1,1,DM,JS,JG,JH,HS
20240313,AZ038,AZBRD038 - 20240313,Panamaes ,8:57,Stelgidopteryx,ruficollis,,,no,1,1,1,1,1,DM,JS,JG,JH,HS
20240313,AZ038,AZBRD038 - 20240313,Panamaes ,8:57,Stelgidopteryx,ruficollis,,,no,1,1,1,1,1,DM,JS,JG,JH,HS
20240313,AZ038,AZBRD038 - 20240313,Panamaes ,8:57,Stelgidopteryx,ruficollis,,,no,1,1,1,1,1,DM,JS,JG,JH,HS
20240313,AZ038,AZBRD038 - 20240313,Panamaes ,8:57,Stelgidopteryx,ruficollis,,,no,1,1,1,1,1,DM,JS,JG,JH,HS
20240313,AZ038,AZBRD038 - 20240313,Panamaes ,8:57,Stelgidopteryx,ruficollis,,,no,1,1,1,1,1,DM,JS,JG,JH,HS
20240313,AZ038,AZBRD038 - 20240313,Panamaes ,8:57,Stelgidopteryx,ruficollis,,,no,1,1,1,1,1,DM,JS,JG,JH,HS
20240313,AZ038,AZBRD038 - 20240313,Panamaes ,8:57,Stelgidopteryx,ruficollis,,,no,1,1,1,1,1,DM,JS,JG,JH,HS
20240313,AZ038,AZBRD038 - 20240313,Panamaes ,8:57,Stelgidopteryx,ruficollis,,,no,1,1,1,1,1,DM,JS,JG,JH,HS
20240313,AZ038,AZBRD038 - 20240313,Panamaes ,8:57,Stelgidopteryx,ruficollis,,,no,1,1,1,1,1,DM,JS,JG,JH,HS
20240313,AZ038,AZBRD038 - 20240313,Panamaes ,8:57,Stelgidopteryx,ruficollis,,,no,1,1,1,1,1,DM,JS,JG,JH,HS
20240313,AZ038,AZBRD038 - 20240313,Panamaes ,8:57,Stelgidopteryx,ruficollis,,,no,1,1,1,1,1,DM,JS,JG,JH,HS
20240313,AZ038,AZBRD038 - 20240313,Panamaes ,8:57,Stelgidopteryx,ruficollis,,,no,1,1,1,1,1,DM,JS,JG,JH,HS
20240313,AZ038,AZBRD038 - 20240313,Panamaes ,8:57,Stelgidopteryx,ruficollis,,,no,1,1,1,1,1,DM,JS,JG,JH,HS
20240313,AZ038,AZBRD038 - 20240313,Panamaes ,8:57,Stelgidopteryx,ruficollis,,,no,1,1,1,1,1,DM,JS,JG,JH,HS
20240313,AZ038,AZBRD038 - 20240313,Panamaes ,8:57,Stelgidopteryx,ruficollis,,,no,1,1,1,1,1,DM,JS,JG,JH,HS
20240313,AZ038,AZBRD038 - 20240313,Panamaes ,8:57,Stelgidopteryx,ruficollis,,,no,1,1,1,1,1,DM,JS,JG,JH,HS
20240313,AZ038,AZBRD038 - 20240313,Panamaes ,8:57,Stelgidopteryx,ruficollis,,,no,1,1,1,1,1,DM,JS,JG,JH,HS
20240313,AZ038,AZBRD038 - 20240313,Panamaes ,8:57,Stelgidopteryx,ruficollis,,,no,1,1,1,1,1,DM,JS,JG,JH,HS
20240313,AZ038,AZBRD038 - 20240313,Panamaes ,8:57,Stelgidopteryx,ruficollis,,,no,1,1,1,1,1,DM,JS,JG,JH,HS
20240313,AZ038,AZBRD038 - 20240313,Panamaes ,8:57,Stelgidopteryx,ruficollis,,,no,1,1,1,1,1,DM,JS,JG,JH,HS
20240313,AZ038,AZBRD038 - 20240313,Panamaes ,8:57,Stelgidopteryx,ruficollis,,,no,1,1,1,1,1,DM,JS,JG,JH,HS
20240313,AZ038,AZBRD038 - 20240313,Panamaes ,8:57,Stelgidopteryx,ruficollis,,,no,1,1,1,1,1,DM,JS,JG,JH,HS
20240313,AZ038,AZBRD038 - 20240313,Panamaes ,8:57,Stelgidopteryx,ruficollis,,,no,1,1,1,1,1,DM,JS,JG,JH,HS
20240313,AZ038,AZBRD038 - 20240313,Panamaes ,8:57,Stelgidopteryx,ruficollis,,,no,1,1,1,1,1,DM,JS,JG,JH,HS
20240313,AZ038,AZBRD038 - 20240313,Panamaes ,8:57,Stelgidopteryx,ruficollis,,,no,1,1,1,1,1,DM,JS,JG,JH,HS
20240313,AZ038,AZBRD038 - 20240313,Panamaes ,8:57,Stelgidopteryx,ruficollis,,,no,1,1,1,1,1,DM,JS,JG,JH,HS
20240313,AZ038,AZBRD038 - 20240313,Panamaes ,8:57,Stelgidopteryx,ruficollis,,,no,1,1,1,1,1,DM,JS,JG,JH,HS
20240313,AZ038,AZBRD038 - 20240313,Panamaes ,8:57,Stelgidopteryx,ruficollis,,,no,1,1,1,1,1,DM,JS,JG,JH,HS
20240313,AZ038,AZBRD038 - 20240313,Panamaes ,8:57,Euphonia,luteicapilla,,,no,1,1,1,1,0,DM,JS,JG,JH,HS
20240313,AZ038,AZBRD038 - 20240313,Panamaes ,8:57,Daptrius,chimachima,,,no,1,1,0,0,0,DM,JS,JG,JH,HS
20240313,AZ038,AZBRD038 - 20240313,Panamaes ,8:57,Myiozetetes,similis,,,no,1,0,0,0,0,DM,JS,JG,JH,HS
20240313,AZ038,AZBRD038 - 20240313,Panamaes ,8:57,Elaenia,flavogaster,,,no,1,0,0,0,1,DM,JS,JG,JH,HS
20240313,AZ038,AZBRD038 - 20240313,Panamaes ,8:57,Nesotriccus,incomtus,,,no,1,1,1,1,0,DM,JS,JG,JH,HS
20240313,AZ038,AZBRD038 - 20240313,Panamaes ,8:57,Melanerpes,rubricapillus,,,no,0,1,0,0,0,DM,JS,JG,JH,HS
20240313,AZ038,AZBRD038 - 20240313,Panamaes ,8:57,Euphonia,luteicapilla,,,no,0,1,1,1,0,DM,JS,JG,JH,HS
20240313,AZ038,AZBRD038 - 20240313,Panamaes ,8:57,Patagioenas,cayennensis,,,no,0,1,1,0,1,DM,JS,JG,JH,HS
20240313,AZ038,AZBRD038 - 20240313,Panamaes ,8:57,Atalotriccus,pilaris,,,no,0,0,1,0,0,DM,JS,JG,JH,HS
20240313,AZ038,AZBRD038 - 20240313,Panamaes ,8:57,Melanerpes,rubricapillus,,,no,0,0,1,0,1,DM,JS,JG,JH,HS
20240313,AZ038,AZBRD038 - 20240313,Panamaes ,8:57,Quiscalus,mexicanus,,,no,0,0,0,1,0,DM,JS,JG,JH,HS
20240313,AZ038,AZBRD038 - 20240313,Panamaes ,8:57,Brotogeris,jugularis,,,no,0,0,0,1,0,DM,JS,JG,JH,HS
20240313,AZ038,AZBRD038 - 20240313,Panamaes ,8:57,Myiozetetes,similis,,,no,0,0,0,1,0,DM,JS,JG,JH,HS
20240313,AZ038,AZBRD038 - 20240313,Panamaes ,8:57,Patagioenas,cayennensis,,,no,0,0,0,0,1,DM,JS,JG,JH,HS
20240313,AZ038,AZBRD038 - 20240313,Panamaes ,8:57,Tyrannus,melancholicus,,,no,0,0,0,0,1,DM,JS,JG,JH,HS
20240313,AZ038,AZBRD038 - 20240313,Panamaes ,8:57,Melanerpes,rubricapillus,,,no,0,0,0,0,1,DM,JS,JG,JH,HS
20240313,AZ038,AZBRD038 - 20240313,Panamaes ,8:57,Fregata,magnificens,,,no,0,0,0,0,1,DM,JS,JG,JH,HS
20240313,AZ038,AZBRD038 - 20240313,Panamaes ,8:57,Fregata,magnificens,,,no,0,0,0,0,1,DM,JS,JG,JH,HS
20240313,AZ038,AZBRD038 - 20240313,Panamaes ,8:57,Fregata,magnificens,,,no,0,0,0,0,1,DM,JS,JG,JH,HS
20240313,AZ038,AZBRD038 - 20240313,Panamaes ,8:57,Fregata,magnificens,,,no,0,0,0,0,1,DM,JS,JG,JH,HS
20240313,AZ038,AZBRD038 - 20240313,Panamaes ,8:57,Fregata,magnificens,,,no,0,0,0,0,1,DM,JS,JG,JH,HS
20240313,AZ038,AZBRD038 - 20240313,Panamaes ,8:57,Herpetotheres,cachinnans,,,no,0,0,0,0,1,DM,JS,JG,JH,HS
20240313,AZ038,AZBRD038 - 20240313,Panamaes ,8:57,Herpetotheres,cachinnans,,,no,0,0,0,0,1,DM,JS,JG,JH,HS
20240313,AZ038,AZBRD038 - 20240313,Panamaes ,9:08,Leptotila,verreauxi,,,yes,,,,,,DM,JS,JG,JH,HS
20240313,AZ038,AZBRD038 - 20240313,Panamaes ,9:08,Euphonia,luteicapilla,,,yes,,,,,,DM,JS,JG,JH,HS
20240313,AZ038,AZBRD038 - 20240313,Panamaes ,9:08,Euphonia,luteicapilla,,,yes,,,,,,DM,JS,JG,JH,HS
20240313,AZ038,AZBRD038 - 20240313,Panamaes ,9:08,Elaenia,flavogaster,,,yes,,,,,,DM,JS,JG,JH,HS
20240313,AZ038,AZBRD038 - 20240313,Panamaes ,9:08,Leptotila,verreauxi,,,yes,,,,,,DM,JS,JG,JH,HS
20240313,AZ038,AZBRD038 - 20240313,Panamaes ,9:08,Brotogeris,jugularis,,,yes,,,,,,DM,JS,JG,JH,HS
20240313,AZ038,AZBRD038 - 20240313,Panamaes ,9:08,Elaenia,flavogaster,,,yes,,,,,,DM,JS,JG,JH,HS
20240314,AZ038,AZBRD038 - 20240314,Panamaes ,6:20,Quiscalus,mexicanus,,,no,1,1,1,1,0,DM,JS,,,
20240314,AZ038,AZBRD038 - 20240314,Panamaes ,6:20,Crotophaga,sulcirostris,,,no,1,1,0,0,0,DM,JS,,,
20240314,AZ038,AZBRD038 - 20240314,Panamaes ,6:20,Patagioenas,cayennensis,,,no,1,0,1,1,1,DM,JS,,,
20240314,AZ038,AZBRD038 - 20240314,Panamaes ,6:20,Atalotriccus,pilaris,,,no,1,1,0,0,1,DM,JS,,,
20240314,AZ038,AZBRD038 - 20240314,Panamaes ,6:20,Brotogeris,jugularis,,,no,1,0,0,0,0,DM,JS,,,
20240314,AZ038,AZBRD038 - 20240314,Panamaes ,6:20,Thamnophilus,doliatus,,,no,1,1,0,0,1,DM,JS,,,
20240314,AZ038,AZBRD038 - 20240314,Panamaes ,6:20,Pitangus,sulphuratus,,,no,0,1,0,0,0,DM,JS,,,
20240314,AZ038,AZBRD038 - 20240314,Panamaes ,6:20,Brotogeris,jugularis,,,no,0,1,0,0,0,DM,JS,,,
20240314,AZ038,AZBRD038 - 20240314,Panamaes ,6:20,Caracara,plancus,,,no,0,1,0,0,0,DM,JS,,,
20240314,AZ038,AZBRD038 - 20240314,Panamaes ,6:20,Camptostoma,obsoletum,,,no,0,0,1,1,0,DM,JS,,,
20240314,AZ038,AZBRD038 - 20240314,Panamaes ,6:20,Amazona,ochrocephala,,,no,0,0,1,0,0,DM,JS,,,
20240314,AZ038,AZBRD038 - 20240314,Panamaes ,6:20,Amazona,ochrocephala,,,no,0,0,1,0,0,DM,JS,,,
20240314,AZ038,AZBRD038 - 20240314,Panamaes ,6:20,Amazona,ochrocephala,,,no,0,0,1,0,0,DM,JS,,,
20240314,AZ038,AZBRD038 - 20240314,Panamaes ,6:20,Amazona,ochrocephala,,,no,0,0,1,0,0,DM,JS,,,
20240314,AZ038,AZBRD038 - 20240314,Panamaes ,6:20,Brotogeris,jugularis,,,no,0,0,1,0,0,DM,JS,,,
20240314,AZ038,AZBRD038 - 20240314,Panamaes ,6:20,Brotogeris,jugularis,,,no,0,0,1,0,0,DM,JS,,,
20240314,AZ038,AZBRD038 - 20240314,Panamaes ,6:20,Brotogeris,jugularis,,,no,0,0,1,0,0,DM,JS,,,
20240314,AZ038,AZBRD038 - 20240314,Panamaes ,6:20,Brotogeris,jugularis,,,no,0,0,1,0,0,DM,JS,,,
20240314,AZ038,AZBRD038 - 20240314,Panamaes ,6:20,Patagioenas,cayennensis,,,no,0,0,1,0,0,DM,JS,,,
20240314,AZ038,AZBRD038 - 20240314,Panamaes ,6:20,Stelgidopteryx,ruficollis,,,no,0,0,1,0,1,DM,JS,,,
20240314,AZ038,AZBRD038 - 20240314,Panamaes ,6:20,Megarynchus,pitangua,,,no,0,0,1,0,0,DM,JS,,,
20240314,AZ038,AZBRD038 - 20240314,Panamaes ,6:20,Tyrannus,melancholicus,,,no,0,0,0,1,0,DM,JS,,,
20240314,AZ038,AZBRD038 - 20240314,Panamaes ,6:20,Atalotriccus,pilaris,,,no,0,0,0,1,0,DM,JS,,,
20240314,AZ038,AZBRD038 - 20240314,Panamaes ,6:20,Troglodytes,aedon,,,no,0,0,0,1,1,DM,JS,,,
20240314,AZ038,AZBRD038 - 20240314,Panamaes ,6:20,Pionus,menstruus,,,no,0,0,0,0,1,DM,JS,,,
20240314,AZ038,AZBRD038 - 20240314,Panamaes ,6:20,Falco,rufigularis,,,no,0,0,0,0,1,DM,JS,,,
20240314,AZ038,AZBRD038 - 20240314,Panamaes ,6:20,Falco,rufigularis,,,no,0,0,0,0,1,DM,JS,,,
20240314,AZ038,AZBRD038 - 20240314,Panamaes ,6:31,Cathartes,aura,,,no,,,,,,DM,JS,,,
20240314,AZ043,AZBRD043 - 20240314,Panamaes ,7:05,Vanellus,chilensis,,,no,1,1,1,1,1,DM,JS,,,
20240314,AZ043,AZBRD043 - 20240314,Panamaes ,7:05,Vanellus,chilensis,,,no,1,1,1,1,1,DM,JS,,,
20240314,AZ043,AZBRD043 - 20240314,Panamaes ,7:05,Vanellus,chilensis,,,no,1,1,1,1,1,DM,JS,,,
20240314,AZ043,AZBRD043 - 20240314,Panamaes ,7:05,Atalotriccus,pilaris,,,no,1,0,0,0,0,DM,JS,,,
20240314,AZ043,AZBRD043 - 20240314,Panamaes ,7:05,Elaenia,flavogaster,,,no,1,0,1,1,1,DM,JS,,,
20240314,AZ043,AZBRD043 - 20240314,Panamaes ,7:05,Elaenia,flavogaster,,,no,1,0,0,0,0,DM,JS,,,
20240314,AZ043,AZBRD043 - 20240314,Panamaes ,7:05,Patagioenas,cayennensis,,,no,1,0,1,0,0,DM,JS,,,
20240314,AZ043,AZBRD043 - 20240314,Panamaes ,7:05,Patagioenas,cayennensis,,,no,1,0,0,0,0,DM,JS,,,
20240314,AZ043,AZBRD043 - 20240314,Panamaes ,7:05,Thraupis,episcopus,,,no,1,0,1,0,1,DM,JS,,,
20240314,AZ043,AZBRD043 - 20240314,Panamaes ,7:05,Tyrannulus,elatus,,,no,0,1,1,1,0,DM,JS,,,
20240314,AZ043,AZBRD043 - 20240314,Panamaes ,7:05,Tyrannus,melancholicus,,,no,0,1,1,1,1,DM,JS,,,
20240314,AZ043,AZBRD043 - 20240314,Panamaes ,7:05,Tyrannus,melancholicus,,,no,0,1,1,1,1,DM,JS,,,
20240314,AZ043,AZBRD043 - 20240314,Panamaes ,7:05,Psarocolius,decumanus,,,no,0,1,0,0,0,DM,JS,,,
20240314,AZ043,AZBRD043 - 20240314,Panamaes ,7:05,Euphonia,luteicapilla,,,no,0,1,0,0,0,DM,JS,,,
20240314,AZ043,AZBRD043 - 20240314,Panamaes ,7:05,Myiarchus,panamensis,,,no,0,0,1,0,0,DM,JS,,,
20240314,AZ043,AZBRD043 - 20240314,Panamaes ,7:05,Ramphastos,sulfuratus,,,no,0,0,1,1,1,DM,JS,,,
20240314,AZ043,AZBRD043 - 20240314,Panamaes ,7:05,Nesotriccus,incomtus,,,no,0,0,1,0,1,DM,JS,,,
20240314,AZ043,AZBRD043 - 20240314,Panamaes ,7:05,Micrastur,semitorquatus,,,no,0,0,0,1,0,DM,JS,,,
20240314,AZ043,AZBRD043 - 20240314,Panamaes ,7:05,Euphonia,luteicapilla,,,no,0,0,1,1,0,DM,JS,,,
20240314,AZ043,AZBRD043 - 20240314,Panamaes ,7:05,Tyrannulus,elatus,,,no,0,0,0,1,0,DM,JS,,,
20240314,AZ043,AZBRD043 - 20240314,Panamaes ,7:05,Megarynchus,pitangua,,,no,0,0,0,0,1,DM,JS,,,
20240314,AZ043,AZBRD043 - 20240314,Panamaes ,7:05,Caracara,plancus,,,no,0,0,0,0,1,DM,JS,,,
20240314,AZ043,AZBRD043 - 20240314,Panamaes ,7:05,Elaenia,chiriquensis,,,no,0,0,1,1,1,DM,JS,,,
20240314,AZ043,AZBRD043 - 20240314,Panamaes ,7:18,Myiozetetes,similis,,,yes,,,,,,DM,JS,,,
20240314,AZ043,AZBRD043 - 20240314,Panamaes ,7:18,Elaenia,flavogaster,,,yes,,,,,,DM,JS,,,
20240314,AZ043,AZBRD043 - 20240314,Panamaes ,7:18,Elaenia,flavogaster,,,yes,,,,,,DM,JS,,,
20240314,AZ043,AZBRD043 - 20240314,Panamaes ,7:18,Megarynchus,pitangua,,,yes,,,,,,DM,JS,,,
20240314,AZ043,AZBRD043 - 20240314,Panamaes ,7:18,Myiodynastes,maculatus,,,yes,,,,,,DM,JS,,,
20240314,AZ043,AZBRD043 - 20240314,Panamaes ,7:18,Columbina,inca,,,yes,,,,,,DM,JS,,,
20240314,AZ043,AZBRD043 - 20240314,Panamaes ,7:18,Atalotriccus,pilaris,,,yes,,,,,,DM,JS,,,
20240314,AZ048,AZBRD048 - 20240314,Panamaes ,7:34,Cathartes,aura,,,no,1,0,0,0,0,DM,JS,,,
20240314,AZ048,AZBRD048 - 20240314,Panamaes ,7:34,Leptotila,verreauxi,,,no,1,0,0,0,0,DM,JS,,,
20240314,AZ048,AZBRD048 - 20240314,Panamaes ,7:34,Chiroxiphia,lanceolata,,,no,1,1,1,1,1,DM,JS,,,
20240314,AZ048,AZBRD048 - 20240314,Panamaes ,7:34,Chiroxiphia,lanceolata,,,no,1,1,1,1,1,DM,JS,,,
20240314,AZ048,AZBRD048 - 20240314,Panamaes ,7:34,Chiroxiphia,lanceolata,,,no,1,1,1,1,1,DM,JS,,,
20240314,AZ048,AZBRD048 - 20240314,Panamaes ,7:34,Melanerpes,rubricapillus,,,no,1,1,1,1,1,DM,JS,,,
20240314,AZ048,AZBRD048 - 20240314,Panamaes ,7:34,Atalotriccus,pilaris,,,no,1,0,0,0,0,DM,JS,,,
20240314,AZ048,AZBRD048 - 20240314,Panamaes ,7:34,Patagioenas,cayennensis,,,no,1,1,1,1,1,DM,JS,,,
20240314,AZ048,AZBRD048 - 20240314,Panamaes ,7:34,Camptostoma,obsoletum,,,no,1,0,0,0,0,DM,JS,,,
20240314,AZ048,AZBRD048 - 20240314,Panamaes ,7:34,Vireo,flavoviridis,,,no,1,1,1,1,1,DM,JS,,,
20240314,AZ048,AZBRD048 - 20240314,Panamaes ,7:34,Brotogeris,jugularis,,,no,0,1,0,0,0,DM,JS,,,
20240314,AZ048,AZBRD048 - 20240314,Panamaes ,7:34,Cyanocorax,affinis,,,no,0,1,1,1,0,DM,JS,,,
20240314,AZ048,AZBRD048 - 20240314,Panamaes ,7:34,Euphonia,luteicapilla,,,no,0,1,1,1,1,DM,JS,,,
20240314,AZ048,AZBRD048 - 20240314,Panamaes ,7:34,Euphonia,luteicapilla,,,no,0,1,1,1,1,DM,JS,,,
20240314,AZ048,AZBRD048 - 20240314,Panamaes ,7:34,Melanerpes,rubricapillus,,,no,0,1,0,0,0,DM,JS,,,
20240314,AZ048,AZBRD048 - 20240314,Panamaes ,7:34,Eupsittula,pertinax,,,no,0,0,1,0,0,DM,JS,,,
20240314,AZ048,AZBRD048 - 20240314,Panamaes ,7:34,Eupsittula,pertinax,,,no,0,0,1,0,0,DM,JS,,,
20240314,AZ048,AZBRD048 - 20240314,Panamaes ,7:34,Eupsittula,pertinax,,,no,0,0,1,0,0,DM,JS,,,
20240314,AZ048,AZBRD048 - 20240314,Panamaes ,7:34,Eupsittula,pertinax,,,no,0,0,1,0,0,DM,JS,,,
20240314,AZ048,AZBRD048 - 20240314,Panamaes ,7:34,Eupsittula,pertinax,,,no,0,0,1,0,0,DM,JS,,,
20240314,AZ048,AZBRD048 - 20240314,Panamaes ,7:34,Eupsittula,pertinax,,,no,0,0,1,0,0,DM,JS,,,
20240314,AZ048,AZBRD048 - 20240314,Panamaes ,7:34,Cathartes,aura,,,no,0,0,1,0,0,DM,JS,,,
20240314,AZ048,AZBRD048 - 20240314,Panamaes ,7:34,Cathartes,aura,,,no,0,0,1,0,0,DM,JS,,,
20240314,AZ048,AZBRD048 - 20240314,Panamaes ,7:34,Tyrannus,melancholicus,,,no,0,0,1,1,1,DM,JS,,,
20240314,AZ048,AZBRD048 - 20240314,Panamaes ,7:34,Myiarchus,crinitus,,,no,0,0,1,1,1,DM,JS,,,
20240314,AZ048,AZBRD048 - 20240314,Panamaes ,7:34,Melanerpes,rubricapillus,,,no,0,0,0,0,1,DM,JS,,,
20240314,AZ048,AZBRD048 - 20240314,Panamaes ,7:34,Myiodynastes,maculatus,,,no,0,0,0,0,1,DM,JS,,,
20240314,AZ048,AZBRD048 - 20240314,Panamaes ,7:45,Vireo,flavifrons,,,yes,,,,,,DM,JS,,,
20240314,AZ048,AZBRD048 - 20240314,Panamaes ,7:45,Vireo,flavifrons,,,yes,,,,,,DM,JS,,,
20240314,AZ048,AZBRD048 - 20240314,Panamaes ,7:45,Myiarchus,crinitus,,,yes,,,,,,DM,JS,,,
20240314,AZ048,AZBRD048 - 20240314,Panamaes ,7:45,Vireo,flavoviridis,,,yes,,,,,,DM,JS,,,
20240314,AZ048,AZBRD048 - 20240314,Panamaes ,7:45,Atalotriccus,pilaris,,,yes,,,,,,DM,JS,,,
20240314,AZ047,AZBRD047 - 20240314,Panamaes ,7:59,Chiroxiphia,lanceolata,,,no,1,1,1,1,1,DM,JS,,,
20240314,AZ047,AZBRD047 - 20240314,Panamaes ,7:59,Chiroxiphia,lanceolata,,,no,1,1,1,1,1,DM,JS,,,
20240314,AZ047,AZBRD047 - 20240314,Panamaes ,7:59,Chiroxiphia,lanceolata,,,no,1,1,1,1,1,DM,JS,,,
20240314,AZ047,AZBRD047 - 20240314,Panamaes ,7:59,Chiroxiphia,lanceolata,,,no,1,1,1,1,1,DM,JS,,,
20240314,AZ047,AZBRD047 - 20240314,Panamaes ,7:59,Chiroxiphia,lanceolata,,,no,1,1,1,1,1,DM,JS,,,
20240314,AZ047,AZBRD047 - 20240314,Panamaes ,7:59,Myiarchus,crinitus,,,no,1,1,1,0,1,DM,JS,,,
20240314,AZ047,AZBRD047 - 20240314,Panamaes ,7:59,Vireo,flavoviridis,,,no,1,1,1,0,1,DM,JS,,,
20240314,AZ047,AZBRD047 - 20240314,Panamaes ,7:59,Vireo,flavoviridis,,,no,1,1,1,0,1,DM,JS,,,
20240314,AZ047,AZBRD047 - 20240314,Panamaes ,7:59,Nesotriccus,incomtus,,,no,1,0,0,0,0,DM,JS,,,
20240314,AZ047,AZBRD047 - 20240314,Panamaes ,7:59,Tityra,semifasciata,,,no,0,1,0,1,0,DM,JS,,,
20240314,AZ047,AZBRD047 - 20240314,Panamaes ,7:59,Tityra,semifasciata,,,no,0,1,0,1,0,DM,JS,,,
20240314,AZ047,AZBRD047 - 20240314,Panamaes ,7:59,Daptrius,chimachima,,,no,0,1,0,0,0,DM,JS,,,
20240314,AZ047,AZBRD047 - 20240314,Panamaes ,7:59,Daptrius,chimachima,,,no,0,1,0,0,0,DM,JS,,,
20240314,AZ047,AZBRD047 - 20240314,Panamaes ,7:59,Myiozetetes,similis,,,no,0,1,0,0,0,DM,JS,,,
20240314,AZ047,AZBRD047 - 20240314,Panamaes ,7:59,Leptotila,verreauxi,,,no,0,1,1,1,0,DM,JS,,,
20240314,AZ047,AZBRD047 - 20240314,Panamaes ,7:59,Megarynchus,pitangua,,,no,0,1,1,1,1,DM,JS,,,
20240314,AZ047,AZBRD047 - 20240314,Panamaes ,7:59,Brotogeris,jugularis,,,no,0,0,1,0,0,DM,JS,,,
20240314,AZ047,AZBRD047 - 20240314,Panamaes ,7:59,Eupsittula,pertinax,,,no,0,0,1,1,0,DM,JS,,,
20240314,AZ047,AZBRD047 - 20240314,Panamaes ,7:59,Eupsittula,pertinax,,,no,0,0,1,1,0,DM,JS,,,
20240314,AZ047,AZBRD047 - 20240314,Panamaes ,7:59,Myiodynastes,maculatus,,,no,0,0,1,0,1,DM,JS,,,
20240314,AZ047,AZBRD047 - 20240314,Panamaes ,7:59,Rupornis,magnirostris,,,no,0,0,0,1,0,DM,JS,,,
20240314,AZ047,AZBRD047 - 20240314,Panamaes ,7:59,Myiarchus,crinitus,,,no,0,0,0,1,0,DM,JS,,,
20240314,AZ047,AZBRD047 - 20240314,Panamaes ,7:59,Thraupis,episcopus,,,no,0,0,0,1,1,DM,JS,,,
20240314,AZ047,AZBRD047 - 20240314,Panamaes ,7:59,Pionus,menstruus,,,no,0,0,0,1,0,DM,JS,,,
20240314,AZ047,AZBRD047 - 20240314,Panamaes ,7:59,Piaya,cayana,,,no,0,0,0,0,1,DM,JS,,,
20240314,AZ047,AZBRD047 - 20240314,Panamaes ,7:59,Melanerpes,rubricapillus,,,no,0,0,0,0,1,DM,JS,,,
20240314,AZ047,AZBRD047 - 20240314,Panamaes ,7:59,Fregata,magnificens,,,no,0,0,0,0,1,DM,JS,,,
20240314,AZ047,AZBRD047 - 20240314,Panamaes ,7:59,Patagioenas,cayennensis,,,no,0,0,0,0,1,DM,JS,,,
20240314,AZ047,AZBRD047 - 20240314,Panamaes ,8:09,Vireo,flavoviridis,,,yes,,,,,,DM,JS,,,
20240314,AZ047,AZBRD047 - 20240314,Panamaes ,8:09,Vireo,flavoviridis,,,yes,,,,,,DM,JS,,,
20240314,AZ047,AZBRD047 - 20240314,Panamaes ,8:09,Myiozetetes,similis,,,yes,,,,,,DM,JS,,,
20240314,AZ047,AZBRD047 - 20240314,Panamaes ,8:09,Claravis,pretiosa,,,yes,,,,,,DM,JS,,,
20240314,AZ047,AZBRD047 - 20240314,Panamaes ,8:09,Nesotriccus,incomtus,,,yes,,,,,,DM,JS,,,
20240314,AZ047,AZBRD047 - 20240314,Panamaes ,8:09,Euphonia,luteicapilla,,,yes,,,,,,DM,JS,,,
20240314,AZ047,AZBRD047 - 20240314,Panamaes ,8:09,Tyrannus,melancholicus,,,yes,,,,,,DM,JS,,,
20240314,AZ047,AZBRD047 - 20240314,Panamaes ,8:09,Tyrannus,melancholicus,,,yes,,,,,,DM,JS,,,
20240314,AZ047,AZBRD047 - 20240314,Panamaes ,8:09,Myiarchus,crinitus,,,yes,,,,,,DM,JS,,,
20240314,AZ047,AZBRD047 - 20240314,Panamaes ,8:09,Tyrannulus,elatus,,,yes,,,,,,DM,JS,,,
20240314,AZ047,AZBRD047 - 20240314,Panamaes ,8:09,Vireo,philadelphicus,,,yes,,,,,,DM,JS,,,
20240314,AZ035,AZBRD035 - 20240314,Panamaes ,8:25,Elaenia,flavogaster,,,no,1,1,0,0,0,DM,JS,,,
20240314,AZ035,AZBRD035 - 20240314,Panamaes ,8:25,Vireo,flavoviridis,,,no,1,1,1,0,1,DM,JS,,,
20240314,AZ035,AZBRD035 - 20240314,Panamaes ,8:25,Patagioenas,cayennensis,,,no,1,1,0,0,0,DM,JS,,,
20240314,AZ035,AZBRD035 - 20240314,Panamaes ,8:25,Cathartes,aura,,,no,1,1,1,1,1,DM,JS,,,
20240314,AZ035,AZBRD035 - 20240314,Panamaes ,8:25,Patagioenas,cayennensis,,,no,1,1,1,0,0,DM,JS,,,
20240314,AZ035,AZBRD035 - 20240314,Panamaes ,8:25,Tyrannus,melancholicus,,,no,1,1,0,0,0,DM,JS,,,
20240314,AZ035,AZBRD035 - 20240314,Panamaes ,8:25,Pitangus,sulphuratus,,,no,0,0,1,1,0,DM,JS,,,
20240314,AZ035,AZBRD035 - 20240314,Panamaes ,8:25,Columbina,talpacoti,,,no,0,0,1,1,1,DM,JS,,,
20240314,AZ035,AZBRD035 - 20240314,Panamaes ,8:25,Thamnophilus,doliatus,,,no,0,0,1,0,1,DM,JS,,,
20240314,AZ035,AZBRD035 - 20240314,Panamaes ,8:25,Tyrannus,melancholicus,,,no,0,0,1,0,1,DM,JS,,,
20240314,AZ035,AZBRD035 - 20240314,Panamaes ,8:25,Elaenia,flavogaster,,,no,0,0,0,1,0,DM,JS,,,
20240314,AZ035,AZBRD035 - 20240314,Panamaes ,8:25,Stelgidopteryx,ruficollis,,,no,0,0,0,1,1,DM,JS,,,
20240314,AZ035,AZBRD035 - 20240314,Panamaes ,8:25,Stelgidopteryx,ruficollis,,,no,0,0,0,1,1,DM,JS,,,
20240314,AZ035,AZBRD035 - 20240314,Panamaes ,8:25,Stelgidopteryx,ruficollis,,,no,0,0,0,1,1,DM,JS,,,
20240314,AZ035,AZBRD035 - 20240314,Panamaes ,8:25,Stelgidopteryx,ruficollis,,,no,0,0,0,1,1,DM,JS,,,
20240314,AZ035,AZBRD035 - 20240314,Panamaes ,8:25,Stelgidopteryx,ruficollis,,,no,0,0,0,1,1,DM,JS,,,
20240314,AZ035,AZBRD035 - 20240314,Panamaes ,8:25,Stelgidopteryx,ruficollis,,,no,0,0,0,1,1,DM,JS,,,
20240314,AZ035,AZBRD035 - 20240314,Panamaes ,8:25,Stelgidopteryx,ruficollis,,,no,0,0,0,1,1,DM,JS,,,
20240314,AZ035,AZBRD035 - 20240314,Panamaes ,8:25,Stelgidopteryx,ruficollis,,,no,0,0,0,1,1,DM,JS,,,
20240314,AZ035,AZBRD035 - 20240314,Panamaes ,8:25,Stelgidopteryx,ruficollis,,,no,0,0,0,1,1,DM,JS,,,
20240314,AZ035,AZBRD035 - 20240314,Panamaes ,8:25,Stelgidopteryx,ruficollis,,,no,0,0,0,1,1,DM,JS,,,
20240314,AZ035,AZBRD035 - 20240314,Panamaes ,8:25,Stelgidopteryx,ruficollis,,,no,0,0,0,1,1,DM,JS,,,
20240314,AZ035,AZBRD035 - 20240314,Panamaes ,8:25,Stelgidopteryx,ruficollis,,,no,0,0,0,1,1,DM,JS,,,
20240314,AZ035,AZBRD035 - 20240314,Panamaes ,8:25,Stelgidopteryx,ruficollis,,,no,0,0,0,1,1,DM,JS,,,
20240314,AZ035,AZBRD035 - 20240314,Panamaes ,8:25,Stelgidopteryx,ruficollis,,,no,0,0,0,1,1,DM,JS,,,
20240314,AZ035,AZBRD035 - 20240314,Panamaes ,8:25,Stelgidopteryx,ruficollis,,,no,0,0,0,1,1,DM,JS,,,
20240314,AZ035,AZBRD035 - 20240314,Panamaes ,8:25,Stelgidopteryx,ruficollis,,,no,0,0,0,1,1,DM,JS,,,
20240314,AZ035,AZBRD035 - 20240314,Panamaes ,8:25,Stelgidopteryx,ruficollis,,,no,0,0,0,1,1,DM,JS,,,
20240314,AZ035,AZBRD035 - 20240314,Panamaes ,8:25,Stelgidopteryx,ruficollis,,,no,0,0,0,1,1,DM,JS,,,
20240314,AZ035,AZBRD035 - 20240314,Panamaes ,8:25,Stelgidopteryx,ruficollis,,,no,0,0,0,1,1,DM,JS,,,
20240314,AZ035,AZBRD035 - 20240314,Panamaes ,8:25,Stelgidopteryx,ruficollis,,,no,0,0,0,1,1,DM,JS,,,
20240314,AZ035,AZBRD035 - 20240314,Panamaes ,8:25,Stelgidopteryx,ruficollis,,,no,0,0,0,1,1,DM,JS,,,
20240314,AZ035,AZBRD035 - 20240314,Panamaes ,8:25,Stelgidopteryx,ruficollis,,,no,0,0,0,1,1,DM,JS,,,
20240314,AZ035,AZBRD035 - 20240314,Panamaes ,8:25,Stelgidopteryx,ruficollis,,,no,0,0,0,1,1,DM,JS,,,
20240314,AZ035,AZBRD035 - 20240314,Panamaes ,8:25,Stelgidopteryx,ruficollis,,,no,0,0,0,1,1,DM,JS,,,
20240314,AZ035,AZBRD035 - 20240314,Panamaes ,8:25,Stelgidopteryx,ruficollis,,,no,0,0,0,1,1,DM,JS,,,
20240314,AZ035,AZBRD035 - 20240314,Panamaes ,8:25,Stelgidopteryx,ruficollis,,,no,0,0,0,1,1,DM,JS,,,
20240314,AZ035,AZBRD035 - 20240314,Panamaes ,8:25,Stelgidopteryx,ruficollis,,,no,0,0,0,1,1,DM,JS,,,
20240314,AZ035,AZBRD035 - 20240314,Panamaes ,8:25,Stelgidopteryx,ruficollis,,,no,0,0,0,1,1,DM,JS,,,
20240314,AZ035,AZBRD035 - 20240314,Panamaes ,8:25,Stelgidopteryx,ruficollis,,,no,0,0,0,1,1,DM,JS,,,
20240314,AZ035,AZBRD035 - 20240314,Panamaes ,8:25,Stelgidopteryx,ruficollis,,,no,0,0,0,1,1,DM,JS,,,
20240314,AZ035,AZBRD035 - 20240314,Panamaes ,8:25,Patagioenas,cayennensis,,,no,0,0,0,1,0,DM,JS,,,
20240314,AZ035,AZBRD035 - 20240314,Panamaes ,8:25,Cathartes,aura,,,no,0,0,0,1,0,DM,JS,,,
20240314,AZ035,AZBRD035 - 20240314,Panamaes ,8:25,Cathartes,aura,,,no,0,0,0,1,0,DM,JS,,,
20240314,AZ035,AZBRD035 - 20240314,Panamaes ,8:25,Pitangus,sulphuratus,,,no,0,0,0,0,1,DM,JS,,,
20240314,AZ035,AZBRD035 - 20240314,Panamaes ,8:25,Melanerpes,rubricapillus,,,no,0,0,0,0,1,DM,JS,,,
20240314,AZ035,AZBRD035 - 20240314,Panamaes ,8:35,Tyrannus,melancholicus,,,yes,,,,,,DM,JS,,,
20240314,AZ035,AZBRD035 - 20240314,Panamaes ,8:35,Tyrannus,melancholicus,,,yes,,,,,,DM,JS,,,
20240314,AZ035,AZBRD035 - 20240314,Panamaes ,8:35,Elaenia,flavogaster,,,yes,,,,,,DM,JS,,,
20240314,AZ035,AZBRD035 - 20240314,Panamaes ,8:35,Elaenia,flavogaster,,,yes,,,,,,DM,JS,,,
20240314,AZ035,AZBRD035 - 20240314,Panamaes ,8:35,Elaenia,flavogaster,,,yes,,,,,,DM,JS,,,
20240314,AZ035,AZBRD035 - 20240314,Panamaes ,8:35,Atalotriccus,pilaris,,,yes,,,,,,DM,JS,,,
20240314,AZ035,AZBRD035 - 20240314,Panamaes ,8:35,Atalotriccus,pilaris,,,yes,,,,,,DM,JS,,,
20240314,AZ035,AZBRD035 - 20240314,Panamaes ,8:35,Atalotriccus,pilaris,,,yes,,,,,,DM,JS,,,
20240314,AZ035,AZBRD035 - 20240314,Panamaes ,8:35,Setophaga,petechia,,,yes,,,,,,DM,JS,,,
20240314,AZ035,AZBRD035 - 20240314,Panamaes ,8:35,Myiozetetes,similis,,,yes,,,,,,DM,JS,,,
20240314,AZ036,AZBRD036 - 20240314,Panamaes ,9:00,Melanerpes,rubricapillus,,,no,1,1,0,0,0,DM,JS,,,
20240314,AZ036,AZBRD036 - 20240314,Panamaes ,9:00,Euphonia,luteicapilla,,,no,1,1,1,1,1,DM,JS,,,
20240314,AZ036,AZBRD036 - 20240314,Panamaes ,9:00,Euphonia,luteicapilla,,,no,1,1,1,1,1,DM,JS,,,
20240314,AZ036,AZBRD036 - 20240314,Panamaes ,9:00,Leptotila,verreauxi,,,no,1,1,0,0,0,DM,JS,,,
20240314,AZ036,AZBRD036 - 20240314,Panamaes ,9:00,Cathartes,aura,,,no,1,0,0,0,0,DM,JS,,,
20240314,AZ036,AZBRD036 - 20240314,Panamaes ,9:00,Eupsittula,pertinax,,,no,1,0,0,0,0,DM,JS,,,
20240314,AZ036,AZBRD036 - 20240314,Panamaes ,9:00,Eupsittula,pertinax,,,no,1,0,0,0,0,DM,JS,,,
20240314,AZ036,AZBRD036 - 20240314,Panamaes ,9:00,Cathartes,aura,,,no,1,0,0,0,0,DM,JS,,,
20240314,AZ036,AZBRD036 - 20240314,Panamaes ,9:00,Vireo,flavoviridis,,,no,1,0,0,1,1,DM,JS,,,
20240314,AZ036,AZBRD036 - 20240314,Panamaes ,9:00,Myiodynastes,maculatus,,,no,1,1,1,0,0,DM,JS,,,
20240314,AZ036,AZBRD036 - 20240314,Panamaes ,9:00,Daptrius,chimachima,,,no,0,1,1,0,0,DM,JS,,,
20240314,AZ036,AZBRD036 - 20240314,Panamaes ,9:00,Megarynchus,pitangua,,,no,0,1,1,0,0,DM,JS,,,
20240314,AZ036,AZBRD036 - 20240314,Panamaes ,9:00,Eupsittula,pertinax,,,no,0,1,0,0,0,DM,JS,,,
20240314,AZ036,AZBRD036 - 20240314,Panamaes ,9:00,Euphonia,luteicapilla,,,no,0,1,1,1,1,DM,JS,,,
20240314,AZ036,AZBRD036 - 20240314,Panamaes ,9:00,Chlorostilbon,assimilis,,,no,0,0,1,0,0,DM,JS,,,
20240314,AZ036,AZBRD036 - 20240314,Panamaes ,9:00,Thamnophilus,doliatus,,,no,0,0,1,1,0,DM,JS,,,
20240314,AZ036,AZBRD036 - 20240314,Panamaes ,9:00,Atalotriccus,pilaris,,,no,0,0,1,0,0,DM,JS,,,
20240314,AZ036,AZBRD036 - 20240314,Panamaes ,9:00,Melanerpes,rubricapillus,,,no,0,0,1,0,1,DM,JS,,,
20240314,AZ036,AZBRD036 - 20240314,Panamaes ,9:00,Megarynchus,pitangua,,,no,0,0,1,1,1,DM,JS,,,
20240314,AZ036,AZBRD036 - 20240314,Panamaes ,9:00,Camptostoma,obsoletum,,,no,0,0,1,1,0,DM,JS,,,
20240314,AZ036,AZBRD036 - 20240314,Panamaes ,9:00,Melanerpes,rubricapillus,,,no,0,0,0,0,1,DM,JS,,,
20240314,AZ036,AZBRD036 - 20240314,Panamaes ,9:10,Nesotriccus,incomtus,,,yes,,,,,,DM,JS,,,
20240314,AZ036,AZBRD036 - 20240314,Panamaes ,9:10,Icterus,galbula,,,yes,,,,,,DM,JS,,,
20240314,AZ036,AZBRD036 - 20240314,Panamaes ,9:10,Vireo,flavifrons,,,yes,,,,,,DM,JS,,,
20240314,AZ036,AZBRD036 - 20240314,Panamaes ,9:10,Cathartes,aura,,,yes,,,,,,DM,JS,,,
20240314,AZ036,AZBRD036 - 20240314,Panamaes ,9:10,Euphonia,luteicapilla,,,yes,,,,,,DM,JS,,,
20240314,AZ037,AZBRD037 - 20240314,Panamaes ,9:22,Vireo,flavoviridis,,,no,1,1,1,1,1,DM,JS,,,
20240314,AZ037,AZBRD037 - 20240314,Panamaes ,9:22,Thamnophilus,doliatus,,,no,1,0,0,0,0,DM,JS,,,
20240314,AZ037,AZBRD037 - 20240314,Panamaes ,9:22,Euphonia,luteicapilla,,,no,1,1,0,1,0,DM,JS,,,
20240314,AZ037,AZBRD037 - 20240314,Panamaes ,9:22,Polioptila,bilineata,,,no,1,0,1,1,1,DM,JS,,,
20240314,AZ037,AZBRD037 - 20240314,Panamaes ,9:22,Thraupis,episcopus,,,no,1,1,1,1,1,DM,JS,,,
20240314,AZ037,AZBRD037 - 20240314,Panamaes ,9:22,Euphonia,luteicapilla,,,no,1,1,0,1,0,DM,JS,,,
20240314,AZ037,AZBRD037 - 20240314,Panamaes ,9:22,Polioptila,bilineata,,,no,1,1,0,0,0,DM,JS,,,
20240314,AZ037,AZBRD037 - 20240314,Panamaes ,9:22,Chiroxiphia,lanceolata,,,no,0,1,0,0,0,DM,JS,,,
20240314,AZ037,AZBRD037 - 20240314,Panamaes ,9:22,Thraupis,episcopus,,,no,0,1,0,0,0,DM,JS,,,
20240314,AZ037,AZBRD037 - 20240314,Panamaes ,9:22,Megarynchus,pitangua,,,no,0,1,1,1,1,DM,JS,,,
20240314,AZ037,AZBRD037 - 20240314,Panamaes ,9:22,Thamnophilus,doliatus,,,no,0,1,0,0,0,DM,JS,,,
20240314,AZ037,AZBRD037 - 20240314,Panamaes ,9:22,Melanerpes,rubricapillus,,,no,0,1,1,0,0,DM,JS,,,
20240314,AZ037,AZBRD037 - 20240314,Panamaes ,9:22,Megarynchus,pitangua,,,no,0,0,1,1,1,DM,JS,,,
20240314,AZ037,AZBRD037 - 20240314,Panamaes ,9:22,Melanerpes,rubricapillus,,,no,0,0,1,0,0,DM,JS,,,
20240314,AZ037,AZBRD037 - 20240314,Panamaes ,9:22,Euphonia,luteicapilla,,,no,0,0,0,0,1,DM,JS,,,
20240314,AZ037,AZBRD037 - 20240314,Panamaes ,9:37,Thraupis,episcopus,,,yes,,,,,,DM,JS,,,
20240314,AZ037,AZBRD037 - 20240314,Panamaes ,9:37,Thraupis,episcopus,,,yes,,,,,,DM,JS,,,
20240314,AZ037,AZBRD037 - 20240314,Panamaes ,9:37,Thraupis,episcopus,,,yes,,,,,,DM,JS,,,
20240314,AZ037,AZBRD037 - 20240314,Panamaes ,9:37,Thraupis,episcopus,,,yes,,,,,,DM,JS,,,
20240314,AZ037,AZBRD037 - 20240314,Panamaes ,9:37,Thraupis,episcopus,,,yes,,,,,,DM,JS,,,
20240314,AZ037,AZBRD037 - 20240314,Panamaes ,9:37,Elaenia,flavogaster,,,yes,,,,,,DM,JS,,,
20240314,AZ037,AZBRD037 - 20240314,Panamaes ,9:37,Elaenia,flavogaster,,,yes,,,,,,DM,JS,,,
20240314,AZ037,AZBRD037 - 20240314,Panamaes ,9:37,Elaenia,flavogaster,,,yes,,,,,,DM,JS,,,
20240314,AZ037,AZBRD037 - 20240314,Panamaes ,9:37,Elaenia,flavogaster,,,yes,,,,,,DM,JS,,,
20240314,AZ037,AZBRD037 - 20240314,Panamaes ,9:37,Elaenia,flavogaster,,,yes,,,,,,DM,JS,,,
20240314,AZ037,AZBRD037 - 20240314,Panamaes ,9:37,Myiozetetes,similis,,,yes,,,,,,DM,JS,,,
20240314,AZ037,AZBRD037 - 20240314,Panamaes ,9:37,Vireo,flavoviridis,,,yes,,,,,,DM,JS,,,
20240314,AZ037,AZBRD037 - 20240314,Panamaes ,9:37,Vireo,flavoviridis,,,yes,,,,,,DM,JS,,,
20240314,AZ037,AZBRD037 - 20240314,Panamaes ,9:37,Vireo,flavoviridis,,,yes,,,,,,DM,JS,,,
20240314,AZ037,AZBRD037 - 20240314,Panamaes ,9:37,Vireo,flavoviridis,,,yes,,,,,,DM,JS,,,
20240314,AZ037,AZBRD037 - 20240314,Panamaes ,9:37,Vireo,flavoviridis,,,yes,,,,,,DM,JS,,,
20240314,AZ037,AZBRD037 - 20240314,Panamaes ,9:37,Vireo,flavoviridis,,,yes,,,,,,DM,JS,,,
20240314,AZ037,AZBRD037 - 20240314,Panamaes ,9:37,Vireo,flavoviridis,,,yes,,,,,,DM,JS,,,
20240314,AZ037,AZBRD037 - 20240314,Panamaes ,9:37,Euphonia,luteicapilla,,,yes,,,,,,DM,JS,,,
20240314,AZ037,AZBRD037 - 20240314,Panamaes ,9:37,Euphonia,luteicapilla,,,yes,,,,,,DM,JS,,,
20240314,AZ037,AZBRD037 - 20240314,Panamaes ,9:37,Euphonia,luteicapilla,,,yes,,,,,,DM,JS,,,
20240314,AZ037,AZBRD037 - 20240314,Panamaes ,9:37,Euphonia,luteicapilla,,,yes,,,,,,DM,JS,,,
20240314,AZ037,AZBRD037 - 20240314,Panamaes ,9:37,Euphonia,luteicapilla,,,yes,,,,,,DM,JS,,,
20240314,AZ037,AZBRD037 - 20240314,Panamaes ,9:37,Euphonia,luteicapilla,,,yes,,,,,,DM,JS,,,
20240314,AZ037,AZBRD037 - 20240314,Panamaes ,9:37,Euphonia,luteicapilla,,,yes,,,,,,DM,JS,,,
20240314,AZ037,AZBRD037 - 20240314,Panamaes ,9:37,Euphonia,luteicapilla,,,yes,,,,,,DM,JS,,,
20240314,AZ037,AZBRD037 - 20240314,Panamaes ,9:37,Polioptila,bilineata,,,yes,,,,,,DM,JS,,,
20240314,AZ037,AZBRD037 - 20240314,Panamaes ,9:37,Polioptila,bilineata,,,yes,,,,,,DM,JS,,,
20240314,AZ037,AZBRD037 - 20240314,Panamaes ,9:37,Polioptila,bilineata,,,yes,,,,,,DM,JS,,,
20240314,AZ037,AZBRD037 - 20240314,Panamaes ,9:37,Chlorostilbon,assimilis,,,yes,,,,,,DM,JS,,,
20240314,AZ037,AZBRD037 - 20240314,Panamaes ,9:37,Chlorostilbon,assimilis,,,yes,,,,,,DM,JS,,,
20240314,AZ037,AZBRD037 - 20240314,Panamaes ,9:37,Chrysuronia,coeruleogularis,,,yes,,,,,,DM,JS,,,